,points,name,challenge
0,5685,Project Sekai,"{'challenge_name': ['2much', 'somesomesome', 'hihi', 'Home sweet home', 'Initial', 'animal', 'CPUsage', 'no_name', 'thats so random', 'FlagCpp', 'swatted', 'niceray', 'Game of Luck', 'S1mple', 'Sign', 'Sparks', 're02', 'ShareMixer2', 'unexpected', 'Another one', 'The Chamber of Flag', 'Corrupted Hard Drive', 'shellcode 2', 'shellcode 1', 'ShareMixer1', 're01', 'X √âc √âc', 'Welcome'], 'challenge_category': ['Reverse Engineering', 'Cryptography', 'Web', 'Osint', 'Forensics', 'Reverse Engineering', 'Forensics', 'PWN', 'Cryptography', 'Reverse Engineering', 'Forensics', 'Web', 'PWN', 'Web', 'Cryptography', 'Osint', 'Reverse Engineering', 'Cryptography', 'Forensics', 'Web', 'Reverse Engineering', 'Forensics', 'PWN', 'PWN', 'Cryptography', 'Reverse Engineering', 'Web', 'Misc'], 'challenge_points': ['463', '486', '287', '100', '453', '100', '100', '100', '463', '486', '385', '349', '100', '100', '214', '100', '100', '100', '349', '100', '100', '100', '100', '100', '100', '100', '100', '50'], 'solve_time': ['2024-10-27T07:15:30.701034Z', '2024-10-27T05:16:44.785383Z', '2024-10-27T04:58:31.657562Z', '2024-10-27T03:39:18.230503Z', '2024-10-27T03:33:18.196742Z', '2024-10-27T02:31:44.702553Z', '2024-10-26T23:30:10.321547Z', '2024-10-26T20:21:27.108780Z', '2024-10-26T19:57:40.042848Z', '2024-10-26T19:13:58.070117Z', '2024-10-26T18:25:42.029810Z', '2024-10-26T18:19:40.999778Z', '2024-10-26T16:38:53.864451Z', '2024-10-26T14:02:22.714170Z', '2024-10-26T14:00:24.374592Z', '2024-10-26T11:36:21.720669Z', '2024-10-26T11:17:52.510549Z', '2024-10-26T10:36:11.468117Z', '2024-10-26T10:03:31.456913Z', '2024-10-26T08:00:32.133369Z', '2024-10-26T07:24:08.533499Z', '2024-10-26T06:32:53.298893Z', '2024-10-26T04:23:14.864830Z', '2024-10-26T03:34:27.966077Z', '2024-10-26T03:31:56.186298Z', '2024-10-26T02:48:40.546180Z', '2024-10-26T02:46:43.119498Z', '2024-10-26T02:05:31.631193Z']}"
1,4736,BKISC,"{'challenge_name': ['Initial', '2much', 'FlagCpp', 'hihi', 'CPUsage', 'no_name', 'Home sweet home', 'swatted', 'animal', 'unexpected', 're02', 'Game of Luck', 'S1mple', 'The Chamber of Flag', 'Sparks', 'ShareMixer2', 'Sign', 'niceray', 'Another one', 'shellcode 1', 'shellcode 2', 'Corrupted Hard Drive', 'ShareMixer1', 'X √âc √âc', 're01', 'Welcome'], 'challenge_category': ['Forensics', 'Reverse Engineering', 'Reverse Engineering', 'Web', 'Forensics', 'PWN', 'Osint', 'Forensics', 'Reverse Engineering', 'Forensics', 'Reverse Engineering', 'PWN', 'Web', 'Reverse Engineering', 'Osint', 'Cryptography', 'Cryptography', 'Web', 'Web', 'PWN', 'PWN', 'Forensics', 'Cryptography', 'Web', 'Reverse Engineering', 'Misc'], 'challenge_points': ['453', '463', '486', '287', '100', '100', '100', '385', '100', '349', '100', '100', '100', '100', '100', '100', '214', '349', '100', '100', '100', '100', '100', '100', '100', '50'], 'solve_time': ['2024-10-27T08:48:44.350023Z', '2024-10-27T08:46:44.344082Z', '2024-10-27T08:05:47.448332Z', '2024-10-27T06:07:14.375633Z', '2024-10-27T05:47:17.162115Z', '2024-10-27T05:30:37.216834Z', '2024-10-27T05:10:17.009886Z', '2024-10-27T03:46:04.897156Z', '2024-10-27T03:44:52.420587Z', '2024-10-26T17:45:39.347174Z', '2024-10-26T17:31:58.239427Z', '2024-10-26T15:26:25.790730Z', '2024-10-26T12:32:20.424372Z', '2024-10-26T11:56:00.623418Z', '2024-10-26T11:53:04.274852Z', '2024-10-26T11:29:46.311099Z', '2024-10-26T10:52:25.829863Z', '2024-10-26T10:36:17.914154Z', '2024-10-26T07:29:37.559941Z', '2024-10-26T06:39:42.193180Z', '2024-10-26T06:23:43.007173Z', '2024-10-26T06:13:41.669787Z', '2024-10-26T04:24:36.282788Z', '2024-10-26T02:37:43.054828Z', '2024-10-26T02:13:05.331539Z', '2024-10-26T02:09:01.839323Z']}"
2,4397,VNUK_r3dbu11,"{'challenge_name': ['thats so random', 'somesomesome', '2much', 'hihi', 'swatted', 'Sign', 'animal', 'Home sweet home', 'no_name', 'The Chamber of Flag', 'Sparks', 'CPUsage', 'Corrupted Hard Drive', 'Another one', 'S1mple', 'Game of Luck', 'unexpected', 're02', 're01', 'X √âc √âc', 'ShareMixer2', 'shellcode 2', 'ShareMixer1', 'shellcode 1', 'Welcome'], 'challenge_category': ['Cryptography', 'Cryptography', 'Reverse Engineering', 'Web', 'Forensics', 'Cryptography', 'Reverse Engineering', 'Osint', 'PWN', 'Reverse Engineering', 'Osint', 'Forensics', 'Forensics', 'Web', 'Web', 'PWN', 'Forensics', 'Reverse Engineering', 'Reverse Engineering', 'Web', 'Cryptography', 'PWN', 'Cryptography', 'PWN', 'Misc'], 'challenge_points': ['463', '486', '463', '287', '385', '214', '100', '100', '100', '100', '100', '100', '100', '100', '100', '100', '349', '100', '100', '100', '100', '100', '100', '100', '50'], 'solve_time': ['2024-10-27T09:59:55.349762Z', '2024-10-27T09:57:22.462185Z', '2024-10-27T09:51:57.352439Z', '2024-10-27T09:34:36.878026Z', '2024-10-27T09:03:20.391666Z', '2024-10-27T08:11:00.396458Z', '2024-10-27T07:48:28.606211Z', '2024-10-27T07:27:35.015447Z', '2024-10-27T04:07:56.418699Z', '2024-10-27T03:56:55.458389Z', '2024-10-27T02:40:02.824118Z', '2024-10-27T01:34:08.347598Z', '2024-10-26T23:10:43.291519Z', '2024-10-26T18:45:51.295581Z', '2024-10-26T18:45:31.862951Z', '2024-10-26T18:39:00.839710Z', '2024-10-26T16:35:49.916151Z', '2024-10-26T16:13:03.938414Z', '2024-10-26T15:38:31.206234Z', '2024-10-26T15:37:17.868532Z', '2024-10-26T12:54:06.005393Z', '2024-10-26T12:04:54.497225Z', '2024-10-26T11:56:12.255124Z', '2024-10-26T08:33:22.522860Z', '2024-10-26T07:53:27.014435Z']}"
3,4283,epic merger,"{'challenge_name': ['swatted', '2much', 'CPUsage', 'hihi', 'Home sweet home', 'unexpected', 'animal', 'ShareMixer2', 'no_name', 'Sign', 'S1mple', 'FlagCpp', 're02', 'Game of Luck', 'Sparks', 'The Chamber of Flag', 'niceray', 'Another one', 'shellcode 2', 'Corrupted Hard Drive', 'ShareMixer1', 'X √âc √âc', 'shellcode 1', 're01', 'Welcome'], 'challenge_category': ['Forensics', 'Reverse Engineering', 'Forensics', 'Web', 'Osint', 'Forensics', 'Reverse Engineering', 'Cryptography', 'PWN', 'Cryptography', 'Web', 'Reverse Engineering', 'Reverse Engineering', 'PWN', 'Osint', 'Reverse Engineering', 'Web', 'Web', 'PWN', 'Forensics', 'Cryptography', 'Web', 'PWN', 'Reverse Engineering', 'Misc'], 'challenge_points': ['385', '463', '100', '287', '100', '349', '100', '100', '100', '214', '100', '486', '100', '100', '100', '100', '349', '100', '100', '100', '100', '100', '100', '100', '50'], 'solve_time': ['2024-10-27T09:54:36.620523Z', '2024-10-27T07:52:39.337140Z', '2024-10-27T05:26:18.863963Z', '2024-10-27T05:14:51.652908Z', '2024-10-27T05:12:06.025910Z', '2024-10-27T04:04:02.257223Z', '2024-10-27T02:34:15.651712Z', '2024-10-26T17:56:59.564663Z', '2024-10-26T16:31:04.584506Z', '2024-10-26T16:16:32.609059Z', '2024-10-26T16:08:06.909692Z', '2024-10-26T15:57:58.392541Z', '2024-10-26T15:11:24.178903Z', '2024-10-26T15:04:52.855715Z', '2024-10-26T11:03:16.918691Z', '2024-10-26T09:26:42.599913Z', '2024-10-26T08:36:03.820238Z', '2024-10-26T07:33:25.846978Z', '2024-10-26T06:01:44.307959Z', '2024-10-26T05:52:21.846960Z', '2024-10-26T04:22:22.439877Z', '2024-10-26T02:34:42.223278Z', '2024-10-26T02:33:36.300622Z', '2024-10-26T02:23:34.888429Z', '2024-10-26T02:06:03.385866Z']}"
4,4250,blackpinker,"{'challenge_name': ['Initial', '2much', 'unexpected', 're02', 'swatted', 'hihi', 'CPUsage', 'Home sweet home', 'animal', 'no_name', 'S1mple', 'Game of Luck', 'ShareMixer2', 'Sparks', 'Sign', 'ShareMixer1', 'niceray', 'Another one', 'Corrupted Hard Drive', 'shellcode 2', 'The Chamber of Flag', 'shellcode 1', 're01', 'X √âc √âc', 'Welcome'], 'challenge_category': ['Forensics', 'Reverse Engineering', 'Forensics', 'Reverse Engineering', 'Forensics', 'Web', 'Forensics', 'Osint', 'Reverse Engineering', 'PWN', 'Web', 'PWN', 'Cryptography', 'Osint', 'Cryptography', 'Cryptography', 'Web', 'Web', 'Forensics', 'PWN', 'Reverse Engineering', 'PWN', 'Reverse Engineering', 'Web', 'Misc'], 'challenge_points': ['453', '463', '349', '100', '385', '287', '100', '100', '100', '100', '100', '100', '100', '100', '214', '100', '349', '100', '100', '100', '100', '100', '100', '100', '50'], 'solve_time': ['2024-10-27T09:59:16.357769Z', '2024-10-27T09:49:06.305443Z', '2024-10-27T08:25:19.886604Z', '2024-10-27T06:47:56.315072Z', '2024-10-27T06:38:35.651135Z', '2024-10-27T06:00:20.936126Z', '2024-10-27T05:11:43.633436Z', '2024-10-27T04:52:47.298995Z', '2024-10-27T04:26:06.487961Z', '2024-10-26T18:09:11.535091Z', '2024-10-26T16:18:47.526602Z', '2024-10-26T15:23:38.465302Z', '2024-10-26T13:03:23.681583Z', '2024-10-26T12:40:02.270538Z', '2024-10-26T12:01:04.305799Z', '2024-10-26T09:02:09.155742Z', '2024-10-26T08:39:57.203536Z', '2024-10-26T07:11:39.393730Z', '2024-10-26T06:18:34.049418Z', '2024-10-26T05:04:09.916230Z', '2024-10-26T04:46:50.733304Z', '2024-10-26T03:34:27.982301Z', '2024-10-26T03:24:26.927197Z', '2024-10-26T02:36:52.955629Z', '2024-10-26T02:26:09.682527Z']}"
5,3964,A.k.a.t.s.u.k.i,"{'challenge_name': ['Initial', 'unexpected', 'Home sweet home', 'animal', 'hihi', 'Hero', 'CPUsage', 'swatted', 'ShareMixer1', 'no_name', 'Game of Luck', 'S1mple', 're02', 'Sparks', 'The Chamber of Flag', 'Another one', 'niceray', 'Corrupted Hard Drive', 'shellcode 2', 'shellcode 1', 'X √âc √âc', 're01', 'Welcome'], 'challenge_category': ['Forensics', 'Forensics', 'Osint', 'Reverse Engineering', 'Web', 'Web', 'Forensics', 'Forensics', 'Cryptography', 'PWN', 'PWN', 'Web', 'Reverse Engineering', 'Osint', 'Reverse Engineering', 'Web', 'Web', 'Forensics', 'PWN', 'PWN', 'Web', 'Reverse Engineering', 'Misc'], 'challenge_points': ['453', '349', '100', '100', '287', '491', '100', '385', '100', '100', '100', '100', '100', '100', '100', '100', '349', '100', '100', '100', '100', '100', '50'], 'solve_time': ['2024-10-27T09:54:09.911111Z', '2024-10-27T03:35:18.045608Z', '2024-10-27T03:34:58.979361Z', '2024-10-27T03:09:04.259140Z', '2024-10-27T02:31:02.857400Z', '2024-10-27T01:41:45.366370Z', '2024-10-26T22:11:17.277998Z', '2024-10-26T21:50:36.348642Z', '2024-10-26T17:20:24.713789Z', '2024-10-26T16:41:14.722052Z', '2024-10-26T16:05:24.727386Z', '2024-10-26T12:46:45.265905Z', '2024-10-26T12:19:01.321121Z', '2024-10-26T11:04:55.924225Z', '2024-10-26T07:32:57.533569Z', '2024-10-26T07:32:13.253961Z', '2024-10-26T07:26:06.375863Z', '2024-10-26T07:07:23.398339Z', '2024-10-26T03:43:52.452516Z', '2024-10-26T02:36:18.838161Z', '2024-10-26T02:16:19.040503Z', '2024-10-26T02:11:11.218719Z', '2024-10-26T02:06:44.161551Z']}"
6,3964,Ripe Rice üåæ,"{'challenge_name': ['Hero', 'Initial', 'ShareMixer1', 'CPUsage', 'Home sweet home', 'animal', 'hihi', 'swatted', 'no_name', 'S1mple', 'Game of Luck', 'Sparks', 're02', 'niceray', 'unexpected', 'Another one', 'Corrupted Hard Drive', 'The Chamber of Flag', 'shellcode 2', 're01', 'shellcode 1', 'X √âc √âc', 'Welcome'], 'challenge_category': ['Web', 'Forensics', 'Cryptography', 'Forensics', 'Osint', 'Reverse Engineering', 'Web', 'Forensics', 'PWN', 'Web', 'PWN', 'Osint', 'Reverse Engineering', 'Web', 'Forensics', 'Web', 'Forensics', 'Reverse Engineering', 'PWN', 'Reverse Engineering', 'PWN', 'Web', 'Misc'], 'challenge_points': ['491', '453', '100', '100', '100', '100', '287', '385', '100', '100', '100', '100', '100', '349', '349', '100', '100', '100', '100', '100', '100', '100', '50'], 'solve_time': ['2024-10-27T09:55:53.425555Z', '2024-10-27T09:26:56.978094Z', '2024-10-27T05:27:49.549031Z', '2024-10-27T04:20:47.123175Z', '2024-10-27T03:10:26.355336Z', '2024-10-27T03:04:11.412040Z', '2024-10-27T02:47:00.132736Z', '2024-10-26T18:48:18.657000Z', '2024-10-26T18:32:07.244058Z', '2024-10-26T17:20:28.941631Z', '2024-10-26T14:52:00.891703Z', '2024-10-26T13:59:12.932668Z', '2024-10-26T13:52:57.053443Z', '2024-10-26T09:02:11.374145Z', '2024-10-26T08:47:26.557904Z', '2024-10-26T07:10:10.010372Z', '2024-10-26T07:03:56.431993Z', '2024-10-26T06:14:12.675502Z', '2024-10-26T04:04:51.597799Z', '2024-10-26T03:29:03.500411Z', '2024-10-26T03:26:32.476628Z', '2024-10-26T02:33:54.351331Z', '2024-10-26T02:05:56.348152Z']}"
7,3934,D4Ck3n,"{'challenge_name': ['hihi', 'somesomesome', 'Sign', 'no_name', 'animal', 'swatted', 'Home sweet home', 'Game of Luck', 'S1mple', 're02', 'CPUsage', 'thats so random', 'X √âc √âc', 'ShareMixer2', 'unexpected', 'shellcode 2', 'Corrupted Hard Drive', 'Sparks', 'The Chamber of Flag', 're01', 'ShareMixer1', 'Another one', 'shellcode 1', 'Welcome'], 'challenge_category': ['Web', 'Cryptography', 'Cryptography', 'PWN', 'Reverse Engineering', 'Forensics', 'Osint', 'PWN', 'Web', 'Reverse Engineering', 'Forensics', 'Cryptography', 'Web', 'Cryptography', 'Forensics', 'PWN', 'Forensics', 'Osint', 'Reverse Engineering', 'Reverse Engineering', 'Cryptography', 'Web', 'PWN', 'Misc'], 'challenge_points': ['287', '486', '214', '100', '100', '385', '100', '100', '100', '100', '100', '463', '100', '100', '349', '100', '100', '100', '100', '100', '100', '100', '100', '50'], 'solve_time': ['2024-10-27T09:56:18.082441Z', '2024-10-27T09:31:27.525057Z', '2024-10-27T09:09:16.531180Z', '2024-10-27T07:17:52.815001Z', '2024-10-27T06:33:08.762656Z', '2024-10-27T05:26:48.574585Z', '2024-10-27T05:00:40.083744Z', '2024-10-27T04:28:38.966959Z', '2024-10-27T04:19:20.502638Z', '2024-10-27T03:45:25.479271Z', '2024-10-27T02:51:27.679347Z', '2024-10-27T01:33:53.635241Z', '2024-10-27T00:49:12.445105Z', '2024-10-27T00:48:27.657087Z', '2024-10-26T17:32:02.687184Z', '2024-10-26T16:15:50.403178Z', '2024-10-26T15:33:36.019473Z', '2024-10-26T15:32:57.932799Z', '2024-10-26T14:57:00.427122Z', '2024-10-26T14:23:16.006371Z', '2024-10-26T13:32:42.907585Z', '2024-10-26T13:20:07.777369Z', '2024-10-26T13:02:29.600732Z', '2024-10-26T11:01:59.392720Z']}"
8,3934,Akali_QAZ_2024,"{'challenge_name': ['Sign', 'hihi', 'somesomesome', 'swatted', 'S1mple', 'thats so random', 'unexpected', 'Corrupted Hard Drive', 'CPUsage', 'Home sweet home', 'Game of Luck', 'no_name', 'animal', 're02', 'The Chamber of Flag', 'ShareMixer2', 'shellcode 2', 'X √âc √âc', 'ShareMixer1', 'shellcode 1', 'Another one', 're01', 'Sparks', 'Welcome'], 'challenge_category': ['Cryptography', 'Web', 'Cryptography', 'Forensics', 'Web', 'Cryptography', 'Forensics', 'Forensics', 'Forensics', 'Osint', 'PWN', 'PWN', 'Reverse Engineering', 'Reverse Engineering', 'Reverse Engineering', 'Cryptography', 'PWN', 'Web', 'Cryptography', 'PWN', 'Web', 'Reverse Engineering', 'Osint', 'Misc'], 'challenge_points': ['214', '287', '486', '385', '100', '463', '349', '100', '100', '100', '100', '100', '100', '100', '100', '100', '100', '100', '100', '100', '100', '100', '100', '50'], 'solve_time': ['2024-10-27T09:59:22.544208Z', '2024-10-27T09:58:06.098316Z', '2024-10-27T09:55:45.179454Z', '2024-10-27T09:53:03.240459Z', '2024-10-27T09:50:00.840467Z', '2024-10-27T09:47:40.886993Z', '2024-10-27T09:44:22.999327Z', '2024-10-27T09:39:31.622914Z', '2024-10-27T09:36:27.316738Z', '2024-10-27T09:32:40.402950Z', '2024-10-27T09:31:35.155567Z', '2024-10-27T08:26:05.542584Z', '2024-10-27T07:58:01.115507Z', '2024-10-27T07:56:29.917724Z', '2024-10-27T03:10:20.433573Z', '2024-10-27T03:04:42.269334Z', '2024-10-27T00:53:36.622461Z', '2024-10-27T00:46:21.062012Z', '2024-10-27T00:40:39.264916Z', '2024-10-27T00:36:48.456946Z', '2024-10-27T00:34:37.411524Z', '2024-10-27T00:33:09.234186Z', '2024-10-27T00:32:00.823864Z', '2024-10-26T09:17:36.479084Z']}"
9,3898,r3kapig,"{'challenge_name': ['2much', 'hihi', 'niceray', 'Home sweet home', 'animal', 'CPUsage', 'somesomesome', 'no_name', 're02', 'unexpected', 'Game of Luck', 'Sign', 'S1mple', 'ShareMixer2', 'Sparks', 'Another one', 'The Chamber of Flag', 'Corrupted Hard Drive', 'X √âc √âc', 'shellcode 2', 'ShareMixer1', 'shellcode 1', 're01', 'Welcome'], 'challenge_category': ['Reverse Engineering', 'Web', 'Web', 'Osint', 'Reverse Engineering', 'Forensics', 'Cryptography', 'PWN', 'Reverse Engineering', 'Forensics', 'PWN', 'Cryptography', 'Web', 'Cryptography', 'Osint', 'Web', 'Reverse Engineering', 'Forensics', 'Web', 'PWN', 'Cryptography', 'PWN', 'Reverse Engineering', 'Misc'], 'challenge_points': ['463', '287', '349', '100', '100', '100', '486', '100', '100', '349', '100', '214', '100', '100', '100', '100', '100', '100', '100', '100', '100', '100', '100', '50'], 'solve_time': ['2024-10-27T06:52:36.811868Z', '2024-10-27T06:07:34.146723Z', '2024-10-27T04:28:36.166273Z', '2024-10-27T03:29:40.938864Z', '2024-10-27T02:25:28.421167Z', '2024-10-27T02:08:38.716129Z', '2024-10-27T02:05:01.451966Z', '2024-10-26T20:03:32.201770Z', '2024-10-26T16:50:47.342598Z', '2024-10-26T15:46:58.521607Z', '2024-10-26T15:07:15.902375Z', '2024-10-26T13:00:44.046795Z', '2024-10-26T12:45:32.914202Z', '2024-10-26T12:34:23.930130Z', '2024-10-26T10:59:01.366841Z', '2024-10-26T08:19:45.018803Z', '2024-10-26T07:55:23.403555Z', '2024-10-26T06:44:38.973377Z', '2024-10-26T05:32:38.475852Z', '2024-10-26T05:12:42.161771Z', '2024-10-26T05:02:29.439112Z', '2024-10-26T04:21:20.914569Z', '2024-10-26T03:06:07.921665Z', '2024-10-26T02:08:22.975655Z']}"
10,3829,thefwncrew,"{'challenge_name': ['ShareMixer2', 'hihi', 'S1mple', 'Hero', 'no_name', 'Initial', 'Home sweet home', 'swatted', 'Game of Luck', 'animal', 'CPUsage', 're02', 'Sign', 'Sparks', 'unexpected', 'X √âc √âc', 'Another one', 'ShareMixer1', 'Corrupted Hard Drive', 'shellcode 2', 'shellcode 1', 're01', 'Welcome'], 'challenge_category': ['Cryptography', 'Web', 'Web', 'Web', 'PWN', 'Forensics', 'Osint', 'Forensics', 'PWN', 'Reverse Engineering', 'Forensics', 'Reverse Engineering', 'Cryptography', 'Osint', 'Forensics', 'Web', 'Web', 'Cryptography', 'Forensics', 'PWN', 'PWN', 'Reverse Engineering', 'Misc'], 'challenge_points': ['100', '287', '100', '491', '100', '453', '100', '385', '100', '100', '100', '100', '214', '100', '349', '100', '100', '100', '100', '100', '100', '100', '50'], 'solve_time': ['2024-10-27T09:50:57.968606Z', '2024-10-27T09:45:40.155043Z', '2024-10-27T09:39:37.148573Z', '2024-10-27T09:27:16.741116Z', '2024-10-27T07:43:41.993495Z', '2024-10-27T06:14:10.117430Z', '2024-10-27T06:02:24.579244Z', '2024-10-27T03:01:51.534235Z', '2024-10-27T02:59:40.406517Z', '2024-10-27T02:43:49.664965Z', '2024-10-26T22:18:26.572758Z', '2024-10-26T21:01:55.882813Z', '2024-10-26T12:07:16.500642Z', '2024-10-26T10:50:28.593268Z', '2024-10-26T10:09:31.859107Z', '2024-10-26T08:27:19.860124Z', '2024-10-26T06:27:46.907477Z', '2024-10-26T05:56:09.483743Z', '2024-10-26T04:23:38.082775Z', '2024-10-26T04:09:00.269939Z', '2024-10-26T02:56:16.085225Z', '2024-10-26T02:25:14.713826Z', '2024-10-26T02:06:02.899167Z']}"
11,3693,GuessWhoBack,"{'challenge_name': ['Home sweet home', 'unexpected', 'Initial', 're02', 'CPUsage', 'animal', 'Hero', 'hihi', 'Game of Luck', 'Sparks', 'no_name', 'ShareMixer2', 'Sign', 'S1mple', 'Another one', 'niceray', 'ShareMixer1', 'X √âc √âc', 'shellcode 2', 're01', 'shellcode 1', 'Welcome'], 'challenge_category': ['Osint', 'Forensics', 'Forensics', 'Reverse Engineering', 'Forensics', 'Reverse Engineering', 'Web', 'Web', 'PWN', 'Osint', 'PWN', 'Cryptography', 'Cryptography', 'Web', 'Web', 'Web', 'Cryptography', 'Web', 'PWN', 'Reverse Engineering', 'PWN', 'Misc'], 'challenge_points': ['100', '349', '453', '100', '100', '100', '491', '287', '100', '100', '100', '100', '214', '100', '100', '349', '100', '100', '100', '100', '100', '50'], 'solve_time': ['2024-10-27T09:46:48.649733Z', '2024-10-27T09:40:20.076805Z', '2024-10-27T09:31:24.711125Z', '2024-10-27T09:30:36.553266Z', '2024-10-27T08:05:11.492519Z', '2024-10-27T07:16:22.846939Z', '2024-10-27T05:50:32.711358Z', '2024-10-27T04:18:13.490657Z', '2024-10-26T17:58:42.309429Z', '2024-10-26T16:40:37.596947Z', '2024-10-26T16:28:26.453394Z', '2024-10-26T16:02:39.572726Z', '2024-10-26T14:21:35.787488Z', '2024-10-26T11:57:01.404626Z', '2024-10-26T08:29:51.834835Z', '2024-10-26T08:19:51.401963Z', '2024-10-26T07:02:26.641253Z', '2024-10-26T03:59:22.123785Z', '2024-10-26T03:47:38.291828Z', '2024-10-26T03:09:05.564734Z', '2024-10-26T02:28:44.394028Z', '2024-10-26T02:12:55.872000Z']}"
12,3440,The Duck,"{'challenge_name': ['Hero', 'animal', 'CPUsage', 'Game of Luck', 'ShareMixer1', 'Home sweet home', 'ShareMixer2', 'Another one', 'hihi', 'no_name', 'Sign', 're02', 'S1mple', 'niceray', 'Sparks', 'Corrupted Hard Drive', 'unexpected', 'The Chamber of Flag', 'shellcode 2', 're01', 'shellcode 1', 'X √âc √âc', 'Welcome'], 'challenge_category': ['Web', 'Reverse Engineering', 'Forensics', 'PWN', 'Cryptography', 'Osint', 'Cryptography', 'Web', 'Web', 'PWN', 'Cryptography', 'Reverse Engineering', 'Web', 'Web', 'Osint', 'Forensics', 'Forensics', 'Reverse Engineering', 'PWN', 'Reverse Engineering', 'PWN', 'Web', 'Misc'], 'challenge_points': ['491', '100', '100', '100', '100', '100', '100', '100', '287', '100', '214', '100', '100', '349', '100', '100', '349', '100', '100', '100', '100', '100', '50'], 'solve_time': ['2024-10-27T09:53:42.514341Z', '2024-10-27T09:14:38.102312Z', '2024-10-27T08:12:04.897000Z', '2024-10-27T06:13:40.008000Z', '2024-10-27T05:57:30.719478Z', '2024-10-27T05:49:32.417386Z', '2024-10-27T05:29:34.421342Z', '2024-10-27T04:56:11.239385Z', '2024-10-27T04:06:42.045411Z', '2024-10-26T20:25:22.669355Z', '2024-10-26T17:25:25.805856Z', '2024-10-26T16:26:54.557248Z', '2024-10-26T15:00:41.027946Z', '2024-10-26T11:34:31.343064Z', '2024-10-26T11:10:21.533794Z', '2024-10-26T08:28:14.872692Z', '2024-10-26T06:57:12.648741Z', '2024-10-26T06:22:19.996590Z', '2024-10-26T05:47:33.155089Z', '2024-10-26T05:30:46.867625Z', '2024-10-26T05:13:10.243337Z', '2024-10-26T02:28:23.689223Z', '2024-10-26T02:23:44.477623Z']}"
13,3147,space{cyber},"{'challenge_name': ['FlagCpp', '2much', 'swatted', 'S1mple', 'CPUsage', 'niceray', 'Sparks', 'shellcode 2', 'Sign', 'The Chamber of Flag', 'ShareMixer2', 'shellcode 1', 'Corrupted Hard Drive', 'ShareMixer1', 'Another one', 'X √âc √âc', 're01', 'Welcome'], 'challenge_category': ['Reverse Engineering', 'Reverse Engineering', 'Forensics', 'Web', 'Forensics', 'Web', 'Osint', 'PWN', 'Cryptography', 'Reverse Engineering', 'Cryptography', 'PWN', 'Forensics', 'Cryptography', 'Web', 'Web', 'Reverse Engineering', 'Misc'], 'challenge_points': ['486', '463', '385', '100', '100', '349', '100', '100', '214', '100', '100', '100', '100', '100', '100', '100', '100', '50'], 'solve_time': ['2024-10-27T09:51:59.764667Z', '2024-10-27T09:41:40.796058Z', '2024-10-27T09:13:54.170799Z', '2024-10-27T07:45:26.451189Z', '2024-10-27T05:42:05.343802Z', '2024-10-27T04:30:42.364040Z', '2024-10-26T23:29:09.978651Z', '2024-10-26T15:22:53.667727Z', '2024-10-26T14:33:16.181993Z', '2024-10-26T14:23:30.939646Z', '2024-10-26T11:30:13.959698Z', '2024-10-26T10:01:58.518967Z', '2024-10-26T07:27:25.414900Z', '2024-10-26T07:00:20.559253Z', '2024-10-26T06:58:54.753544Z', '2024-10-26T06:55:57.409415Z', '2024-10-26T04:26:46.923113Z', '2024-10-26T02:45:55.933933Z']}"
14,2839,ph1sher,"{'challenge_name': ['no_name', 'hihi', 'Initial', 'ShareMixer2', 'The Chamber of Flag', 'animal', 'Home sweet home', 'CPUsage', 'S1mple', 'Game of Luck', 're02', 'Sparks', 'niceray', 'Corrupted Hard Drive', 'shellcode 2', 'Another one', 'ShareMixer1', 'shellcode 1', 're01', 'X √âc √âc', 'Welcome'], 'challenge_category': ['PWN', 'Web', 'Forensics', 'Cryptography', 'Reverse Engineering', 'Reverse Engineering', 'Osint', 'Forensics', 'Web', 'PWN', 'Reverse Engineering', 'Osint', 'Web', 'Forensics', 'PWN', 'Web', 'Cryptography', 'PWN', 'Reverse Engineering', 'Web', 'Misc'], 'challenge_points': ['100', '287', '453', '100', '100', '100', '100', '100', '100', '100', '100', '100', '349', '100', '100', '100', '100', '100', '100', '100', '50'], 'solve_time': ['2024-10-27T08:46:06.304319Z', '2024-10-27T08:36:48.145498Z', '2024-10-27T08:14:09.395282Z', '2024-10-27T08:06:10.956916Z', '2024-10-27T07:12:43.974961Z', '2024-10-27T06:18:08.081087Z', '2024-10-27T05:08:11.892188Z', '2024-10-27T00:37:22.238559Z', '2024-10-26T18:06:49.830742Z', '2024-10-26T15:13:17.898841Z', '2024-10-26T15:00:51.996737Z', '2024-10-26T11:05:46.312882Z', '2024-10-26T10:15:31.331163Z', '2024-10-26T08:12:45.045084Z', '2024-10-26T08:11:30.350296Z', '2024-10-26T07:53:01.442185Z', '2024-10-26T06:48:44.894177Z', '2024-10-26T04:30:20.108007Z', '2024-10-26T03:39:10.929993Z', '2024-10-26T03:27:50.493664Z', '2024-10-26T02:08:50.637696Z']}"
15,2686,World Wide Flags,"{'challenge_name': ['Two Steps Ahead', 'Initial', 'swatted', 'Home sweet home', 'Game of Luck', 'no_name', 'ShareMixer2', 'S1mple', 'X √âc √âc', 're01', 'Sparks', 'Another one', 'Corrupted Hard Drive', 'ShareMixer1', 'shellcode 2', 'shellcode 1', 'Welcome'], 'challenge_category': ['Osint', 'Forensics', 'Forensics', 'Osint', 'PWN', 'PWN', 'Cryptography', 'Web', 'Web', 'Reverse Engineering', 'Osint', 'Web', 'Forensics', 'Cryptography', 'PWN', 'PWN', 'Misc'], 'challenge_points': ['498', '453', '385', '100', '100', '100', '100', '100', '100', '100', '100', '100', '100', '100', '100', '100', '50'], 'solve_time': ['2024-10-27T09:56:51.271901Z', '2024-10-27T09:46:03.779044Z', '2024-10-27T06:48:47.893973Z', '2024-10-27T05:52:31.630395Z', '2024-10-27T02:59:20.931978Z', '2024-10-26T23:15:35.714601Z', '2024-10-26T23:07:23.774545Z', '2024-10-26T20:03:19.647909Z', '2024-10-26T19:11:32.349974Z', '2024-10-26T17:37:00.407448Z', '2024-10-26T12:48:01.964025Z', '2024-10-26T10:53:04.406946Z', '2024-10-26T05:18:23.774385Z', '2024-10-26T04:51:01.344935Z', '2024-10-26T04:34:38.637415Z', '2024-10-26T02:51:05.340905Z', '2024-10-26T02:07:47.037215Z']}"
16,2536,CyberSaga,"{'challenge_name': ['The Chamber of Flag', 'S1mple', 'hihi', 'animal', 'Home sweet home', 'swatted', 'Game of Luck', 'no_name', 'CPUsage', 'Sign', 'Sparks', 'ShareMixer2', 'Another one', 'ShareMixer1', 'Corrupted Hard Drive', 'X √âc √âc', 'shellcode 2', 're01', 'shellcode 1', 'Welcome'], 'challenge_category': ['Reverse Engineering', 'Web', 'Web', 'Reverse Engineering', 'Osint', 'Forensics', 'PWN', 'PWN', 'Forensics', 'Cryptography', 'Osint', 'Cryptography', 'Web', 'Cryptography', 'Forensics', 'Web', 'PWN', 'Reverse Engineering', 'PWN', 'Misc'], 'challenge_points': ['100', '100', '287', '100', '100', '385', '100', '100', '100', '214', '100', '100', '100', '100', '100', '100', '100', '100', '100', '50'], 'solve_time': ['2024-10-27T08:13:16.708628Z', '2024-10-27T08:12:25.346891Z', '2024-10-27T07:20:07.648377Z', '2024-10-27T04:52:03.305175Z', '2024-10-27T02:00:21.793735Z', '2024-10-27T00:57:12.621324Z', '2024-10-26T22:50:22.925977Z', '2024-10-26T21:40:43.575495Z', '2024-10-26T21:13:29.606445Z', '2024-10-26T16:36:44.911696Z', '2024-10-26T13:55:20.528311Z', '2024-10-26T11:35:25.854938Z', '2024-10-26T08:12:47.140242Z', '2024-10-26T07:27:13.583797Z', '2024-10-26T06:14:21.503052Z', '2024-10-26T04:37:06.450260Z', '2024-10-26T04:30:13.273937Z', '2024-10-26T04:30:10.256007Z', '2024-10-26T03:12:19.899115Z', '2024-10-26T02:28:32.392911Z']}"
17,2435,W4ntY0u,"{'challenge_name': ['shellcode 2', 'Another one', 'shellcode 1', 'hihi', '2much', 'animal', 're02', 'The Chamber of Flag', 're01', 'FlagCpp', 'S1mple', 'niceray', 'Welcome'], 'challenge_category': ['PWN', 'Web', 'PWN', 'Web', 'Reverse Engineering', 'Reverse Engineering', 'Reverse Engineering', 'Reverse Engineering', 'Reverse Engineering', 'Reverse Engineering', 'Web', 'Web', 'Misc'], 'challenge_points': ['100', '100', '100', '287', '463', '100', '100', '100', '100', '486', '100', '349', '50'], 'solve_time': ['2024-10-27T09:08:10.820128Z', '2024-10-27T08:36:12.252318Z', '2024-10-27T07:33:49.623429Z', '2024-10-27T07:22:02.831534Z', '2024-10-27T04:12:49.844413Z', '2024-10-27T01:33:38.666504Z', '2024-10-27T01:21:03.568046Z', '2024-10-27T00:22:43.098534Z', '2024-10-27T00:22:15.829868Z', '2024-10-27T00:21:45.788844Z', '2024-10-26T15:50:47.758982Z', '2024-10-26T09:14:31.513373Z', '2024-10-26T05:09:42.232515Z']}"
18,2390,MasCodiKaze,"{'challenge_name': ['2much', 'animal', 'no_name', 'Game of Luck', 'Another one', 're02', 'Sign', 'The Chamber of Flag', 'Sparks', 'ShareMixer2', 'shellcode 2', 'shellcode 1', 'ShareMixer1', 're01', 'thats so random', 'Welcome'], 'challenge_category': ['Reverse Engineering', 'Reverse Engineering', 'PWN', 'PWN', 'Web', 'Reverse Engineering', 'Cryptography', 'Reverse Engineering', 'Osint', 'Cryptography', 'PWN', 'PWN', 'Cryptography', 'Reverse Engineering', 'Cryptography', 'Misc'], 'challenge_points': ['463', '100', '100', '100', '100', '100', '214', '100', '100', '100', '100', '100', '100', '100', '463', '50'], 'solve_time': ['2024-10-27T07:17:26.645478Z', '2024-10-27T03:26:58.979509Z', '2024-10-26T22:26:11.741779Z', '2024-10-26T18:45:25.500440Z', '2024-10-26T14:57:22.031320Z', '2024-10-26T14:01:43.047607Z', '2024-10-26T13:12:35.705178Z', '2024-10-26T12:12:01.289923Z', '2024-10-26T11:27:44.532369Z', '2024-10-26T10:51:49.079971Z', '2024-10-26T07:57:31.873618Z', '2024-10-26T06:58:30.015395Z', '2024-10-26T05:47:25.277249Z', '2024-10-26T05:01:04.858660Z', '2024-10-26T04:36:56.093744Z', '2024-10-26T02:04:44.832767Z']}"
19,2339,SuyGang,"{'challenge_name': ['ShareMixer2', 'hihi', 'Game of Luck', 'Home sweet home', 'S1mple', 're02', 'Initial', 'CPUsage', 'shellcode 1', 'Corrupted Hard Drive', 'shellcode 2', 'X √âc √âc', 'Another one', 'ShareMixer1', 'niceray', 'Welcome'], 'challenge_category': ['Cryptography', 'Web', 'PWN', 'Osint', 'Web', 'Reverse Engineering', 'Forensics', 'Forensics', 'PWN', 'Forensics', 'PWN', 'Web', 'Web', 'Cryptography', 'Web', 'Misc'], 'challenge_points': ['100', '287', '100', '100', '100', '100', '453', '100', '100', '100', '100', '100', '100', '100', '349', '50'], 'solve_time': ['2024-10-27T07:35:42.330585Z', '2024-10-27T05:01:50.408654Z', '2024-10-27T03:45:36.678250Z', '2024-10-27T03:27:55.722551Z', '2024-10-27T02:09:24.644465Z', '2024-10-27T00:42:48.486572Z', '2024-10-26T23:45:39.958376Z', '2024-10-26T22:56:12.274949Z', '2024-10-26T20:08:43.818767Z', '2024-10-26T16:45:33.576507Z', '2024-10-26T16:16:17.018060Z', '2024-10-26T11:06:34.781534Z', '2024-10-26T07:56:35.586881Z', '2024-10-26T06:28:29.052126Z', '2024-10-26T04:09:20.172986Z', '2024-10-26T02:05:53.426097Z']}"
20,2127,NUS Greyhats,"{'challenge_name': ['Sign', 'Game of Luck', 'Home sweet home', 'animal', 'ShareMixer2', 'thats so random', 're02', 'Sparks', 'Corrupted Hard Drive', 'X √âc √âc', 'Another one', 'shellcode 2', 'shellcode 1', 'ShareMixer1', 'The Chamber of Flag', 're01', 'Welcome'], 'challenge_category': ['Cryptography', 'PWN', 'Osint', 'Reverse Engineering', 'Cryptography', 'Cryptography', 'Reverse Engineering', 'Osint', 'Forensics', 'Web', 'Web', 'PWN', 'PWN', 'Cryptography', 'Reverse Engineering', 'Reverse Engineering', 'Misc'], 'challenge_points': ['214', '100', '100', '100', '100', '463', '100', '100', '100', '100', '100', '100', '100', '100', '100', '100', '50'], 'solve_time': ['2024-10-27T07:57:12.044156Z', '2024-10-27T04:49:44.151175Z', '2024-10-27T04:39:00.522417Z', '2024-10-27T04:23:52.702815Z', '2024-10-27T01:07:03.416731Z', '2024-10-26T15:38:34.146280Z', '2024-10-26T15:15:29.779397Z', '2024-10-26T12:12:03.830184Z', '2024-10-26T10:45:07.080130Z', '2024-10-26T08:06:53.024612Z', '2024-10-26T07:57:16.986927Z', '2024-10-26T07:13:04.901150Z', '2024-10-26T05:37:00.229080Z', '2024-10-26T04:47:17.096444Z', '2024-10-26T04:01:43.582446Z', '2024-10-26T02:45:21.681258Z', '2024-10-26T02:05:40.719494Z']}"
21,2072,BlueV-Fr,"{'challenge_name': ['hihi', 'Corrupted Hard Drive', 'no_name', 'S1mple', 'niceray', 'CPUsage', 'somesomesome', 'Sparks', 'shellcode 2', 'Another one', 'shellcode 1', 'X √âc √âc', 'Welcome'], 'challenge_category': ['Web', 'Forensics', 'PWN', 'Web', 'Web', 'Forensics', 'Cryptography', 'Osint', 'PWN', 'Web', 'PWN', 'Web', 'Misc'], 'challenge_points': ['287', '100', '100', '100', '349', '100', '486', '100', '100', '100', '100', '100', '50'], 'solve_time': ['2024-10-27T09:29:34.087123Z', '2024-10-27T08:35:46.912532Z', '2024-10-27T08:31:46.440424Z', '2024-10-27T08:23:10.296990Z', '2024-10-27T05:41:18.077269Z', '2024-10-27T02:47:02.044767Z', '2024-10-27T02:42:55.809417Z', '2024-10-26T18:28:13.637353Z', '2024-10-26T08:37:40.795439Z', '2024-10-26T08:32:22.556619Z', '2024-10-26T05:49:00.744612Z', '2024-10-26T03:50:25.477259Z', '2024-10-26T02:39:07.280800Z']}"
22,2048,bi0s,"{'challenge_name': ['animal', 'niceray', 'CPUsage', 'unexpected', 're02', 'Game of Luck', 'S1mple', 're01', 'Sparks', 'ShareMixer1', 'Corrupted Hard Drive', 'X √âc √âc', 'Another one', 'shellcode 2', 'shellcode 1', 'Welcome'], 'challenge_category': ['Reverse Engineering', 'Web', 'Forensics', 'Forensics', 'Reverse Engineering', 'PWN', 'Web', 'Reverse Engineering', 'Osint', 'Cryptography', 'Forensics', 'Web', 'Web', 'PWN', 'PWN', 'Misc'], 'challenge_points': ['100', '349', '100', '349', '100', '100', '100', '100', '100', '100', '100', '100', '100', '100', '100', '50'], 'solve_time': ['2024-10-27T09:11:22.351981Z', '2024-10-27T08:21:48.188457Z', '2024-10-27T07:12:32.437240Z', '2024-10-27T05:57:10.404265Z', '2024-10-27T00:22:07.329452Z', '2024-10-26T17:34:05.583516Z', '2024-10-26T16:40:12.753630Z', '2024-10-26T14:28:46.171734Z', '2024-10-26T12:00:20.034950Z', '2024-10-26T10:45:42.122552Z', '2024-10-26T08:55:46.370095Z', '2024-10-26T07:21:45.383174Z', '2024-10-26T07:00:46.370234Z', '2024-10-26T05:16:25.510256Z', '2024-10-26T04:22:01.940797Z', '2024-10-26T02:07:18.459037Z']}"
23,1984,L3ak,"{'challenge_name': ['ShareMixer1', 'CPUsage', 'swatted', 'Game of Luck', 're02', 'The Chamber of Flag', 'Sparks', 'Another one', 'unexpected', 'X √âc √âc', 'shellcode 2', 'Corrupted Hard Drive', 're01', 'shellcode 1', 'Welcome'], 'challenge_category': ['Cryptography', 'Forensics', 'Forensics', 'PWN', 'Reverse Engineering', 'Reverse Engineering', 'Osint', 'Web', 'Forensics', 'Web', 'PWN', 'Forensics', 'Reverse Engineering', 'PWN', 'Misc'], 'challenge_points': ['100', '100', '385', '100', '100', '100', '100', '100', '349', '100', '100', '100', '100', '100', '50'], 'solve_time': ['2024-10-26T21:24:10.000254Z', '2024-10-26T20:35:59.660374Z', '2024-10-26T18:43:27.235003Z', '2024-10-26T15:33:38.135427Z', '2024-10-26T13:37:48.029703Z', '2024-10-26T11:47:01.730926Z', '2024-10-26T11:41:08.913916Z', '2024-10-26T09:07:47.006552Z', '2024-10-26T06:56:16.566338Z', '2024-10-26T06:38:03.456009Z', '2024-10-26T05:20:06.867548Z', '2024-10-26T05:00:53.627199Z', '2024-10-26T03:36:10.946340Z', '2024-10-26T03:02:31.963589Z', '2024-10-26T02:10:40.880975Z']}"
24,1899,Emu Exploit,"{'challenge_name': ['animal', 're02', 'The Chamber of Flag', 'Home sweet home', 'Corrupted Hard Drive', 'CPUsage', 'Game of Luck', 'ShareMixer1', 'S1mple', 'Sparks', 're01', 'Another one', 'niceray', 'shellcode 2', 'shellcode 1', 'X √âc √âc', 'Welcome'], 'challenge_category': ['Reverse Engineering', 'Reverse Engineering', 'Reverse Engineering', 'Osint', 'Forensics', 'Forensics', 'PWN', 'Cryptography', 'Web', 'Osint', 'Reverse Engineering', 'Web', 'Web', 'PWN', 'PWN', 'Web', 'Misc'], 'challenge_points': ['100', '100', '100', '100', '100', '100', '100', '100', '100', '100', '100', '100', '349', '100', '100', '100', '50'], 'solve_time': ['2024-10-27T08:13:23.910395Z', '2024-10-27T07:17:52.435147Z', '2024-10-27T05:45:04.580127Z', '2024-10-27T03:46:10.509947Z', '2024-10-27T02:27:55.713218Z', '2024-10-26T21:20:57.691812Z', '2024-10-26T20:11:06.554124Z', '2024-10-26T16:32:34.038422Z', '2024-10-26T15:37:08.317337Z', '2024-10-26T10:29:36.036556Z', '2024-10-26T10:01:12.748912Z', '2024-10-26T09:00:33.595217Z', '2024-10-26T05:36:14.858330Z', '2024-10-26T05:32:06.328081Z', '2024-10-26T03:31:09.992227Z', '2024-10-26T03:05:18.819646Z', '2024-10-26T02:06:27.354159Z']}"
25,1799,PKA_TheCreati0n,"{'challenge_name': ['unexpected', 'Game of Luck', 'ShareMixer2', 'animal', 'shellcode 2', 'ShareMixer1', 're02', 'CPUsage', 'Corrupted Hard Drive', 're01', 'shellcode 1', 'Another one', 'X √âc √âc', 'Home sweet home', 'Sparks', 'Welcome'], 'challenge_category': ['Forensics', 'PWN', 'Cryptography', 'Reverse Engineering', 'PWN', 'Cryptography', 'Reverse Engineering', 'Forensics', 'Forensics', 'Reverse Engineering', 'PWN', 'Web', 'Web', 'Osint', 'Osint', 'Misc'], 'challenge_points': ['349', '100', '100', '100', '100', '100', '100', '100', '100', '100', '100', '100', '100', '100', '100', '50'], 'solve_time': ['2024-10-27T09:49:27.026003Z', '2024-10-27T09:38:08.326388Z', '2024-10-27T09:37:26.903076Z', '2024-10-27T08:29:06.600516Z', '2024-10-27T08:20:24.206008Z', '2024-10-27T08:12:45.857013Z', '2024-10-27T08:04:11.574442Z', '2024-10-27T07:56:58.210210Z', '2024-10-27T07:43:01.594384Z', '2024-10-27T07:39:06.835509Z', '2024-10-27T07:36:37.019894Z', '2024-10-27T07:33:45.594297Z', '2024-10-27T07:33:04.750684Z', '2024-10-27T07:27:59.461910Z', '2024-10-26T14:32:21.816701Z', '2024-10-26T02:04:55.357057Z']}"
26,1750,TAS.DihydroMonoxide,"{'challenge_name': ['no_name', 'animal', 'The Chamber of Flag', 'S1mple', 'Game of Luck', 'ShareMixer2', 'shellcode 2', 'CPUsage', 'ShareMixer1', 'X √âc √âc', 'shellcode 1', 'Home sweet home', 'Another one', 'Sparks', 're02', 'Corrupted Hard Drive', 're01', 'Welcome'], 'challenge_category': ['PWN', 'Reverse Engineering', 'Reverse Engineering', 'Web', 'PWN', 'Cryptography', 'PWN', 'Forensics', 'Cryptography', 'Web', 'PWN', 'Osint', 'Web', 'Osint', 'Reverse Engineering', 'Forensics', 'Reverse Engineering', 'Misc'], 'challenge_points': ['100', '100', '100', '100', '100', '100', '100', '100', '100', '100', '100', '100', '100', '100', '100', '100', '100', '50'], 'solve_time': ['2024-10-27T09:42:44.457354Z', '2024-10-27T08:14:04.106261Z', '2024-10-27T08:11:33.659196Z', '2024-10-27T08:06:41.299389Z', '2024-10-27T08:02:58.013731Z', '2024-10-27T07:52:06.838044Z', '2024-10-27T07:46:52.739099Z', '2024-10-27T07:43:36.419784Z', '2024-10-27T07:37:53.861616Z', '2024-10-27T03:44:37.078212Z', '2024-10-27T03:36:44.456665Z', '2024-10-27T03:32:42.412239Z', '2024-10-26T20:53:56.999611Z', '2024-10-26T18:44:17.089431Z', '2024-10-26T16:05:34.332554Z', '2024-10-26T05:20:18.780023Z', '2024-10-26T04:33:25.750235Z', '2024-10-26T02:04:38.334110Z']}"
27,1736,The Flat Network Society,"{'challenge_name': ['animal', 'FlagCpp', 'no_name', 're02', 'The Chamber of Flag', 'Game of Luck', 're01', 'S1mple', 'shellcode 2', 'X √âc √âc', 'shellcode 1', 'Sparks', 'Another one', 'Welcome'], 'challenge_category': ['Reverse Engineering', 'Reverse Engineering', 'PWN', 'Reverse Engineering', 'Reverse Engineering', 'PWN', 'Reverse Engineering', 'Web', 'PWN', 'Web', 'PWN', 'Osint', 'Web', 'Misc'], 'challenge_points': ['100', '486', '100', '100', '100', '100', '100', '100', '100', '100', '100', '100', '100', '50'], 'solve_time': ['2024-10-27T08:38:28.239890Z', '2024-10-27T07:53:40.346005Z', '2024-10-26T21:59:34.545853Z', '2024-10-26T21:38:29.190754Z', '2024-10-26T19:19:38.631565Z', '2024-10-26T18:57:49.922419Z', '2024-10-26T18:20:13.390221Z', '2024-10-26T16:51:10.035788Z', '2024-10-26T15:21:51.477307Z', '2024-10-26T14:20:13.639706Z', '2024-10-26T14:04:50.171914Z', '2024-10-26T12:59:10.189711Z', '2024-10-26T11:27:51.950760Z', '2024-10-26T06:51:39.167136Z']}"
28,1727,Maple Bacon,"{'challenge_name': ['no_name', 'Another one', 'animal', 'Game of Luck', 'The Chamber of Flag', 'ShareMixer2', 'Sign', 'shellcode 2', 're01', 'ShareMixer1', 'thats so random', 'shellcode 1', 'Welcome'], 'challenge_category': ['PWN', 'Web', 'Reverse Engineering', 'PWN', 'Reverse Engineering', 'Cryptography', 'Cryptography', 'PWN', 'Reverse Engineering', 'Cryptography', 'Cryptography', 'PWN', 'Misc'], 'challenge_points': ['100', '100', '100', '100', '100', '100', '214', '100', '100', '100', '463', '100', '50'], 'solve_time': ['2024-10-27T05:22:29.370337Z', '2024-10-27T04:51:39.804458Z', '2024-10-27T03:11:21.484568Z', '2024-10-27T02:57:53.106887Z', '2024-10-26T23:26:38.884037Z', '2024-10-26T22:32:01.595348Z', '2024-10-26T11:54:56.532913Z', '2024-10-26T10:35:58.354588Z', '2024-10-26T08:19:19.054752Z', '2024-10-26T08:10:59.404891Z', '2024-10-26T06:56:54.677402Z', '2024-10-26T06:04:52.371875Z', '2024-10-26T02:04:30.948368Z']}"
29,1686,bhackari,"{'challenge_name': ['hihi', 'Home sweet home', 'Corrupted Hard Drive', 'ShareMixer1', 'niceray', 'Game of Luck', 'S1mple', 'Sparks', 'X √âc √âc', 'Another one', 'shellcode 2', 'shellcode 1', 'Welcome'], 'challenge_category': ['Web', 'Osint', 'Forensics', 'Cryptography', 'Web', 'PWN', 'Web', 'Osint', 'Web', 'Web', 'PWN', 'PWN', 'Misc'], 'challenge_points': ['287', '100', '100', '100', '349', '100', '100', '100', '100', '100', '100', '100', '50'], 'solve_time': ['2024-10-27T02:59:52.016465Z', '2024-10-27T01:33:42.277589Z', '2024-10-26T20:00:35.008888Z', '2024-10-26T19:30:07.363614Z', '2024-10-26T18:52:36.314026Z', '2024-10-26T16:04:56.608502Z', '2024-10-26T14:02:54.308650Z', '2024-10-26T11:56:49.127144Z', '2024-10-26T09:07:07.168804Z', '2024-10-26T08:22:59.158619Z', '2024-10-26T08:11:16.222295Z', '2024-10-26T07:13:29.453122Z', '2024-10-26T05:02:23.386662Z']}"
30,1450,P3gasus,"{'challenge_name': ['no_name', 'animal', 'Home sweet home', 'S1mple', 'CPUsage', 'ShareMixer1', 'Game of Luck', 'Sparks', 'Another one', 're01', 'Corrupted Hard Drive', 'shellcode 2', 'shellcode 1', 'X √âc √âc', 'Welcome'], 'challenge_category': ['PWN', 'Reverse Engineering', 'Osint', 'Web', 'Forensics', 'Cryptography', 'PWN', 'Osint', 'Web', 'Reverse Engineering', 'Forensics', 'PWN', 'PWN', 'Web', 'Misc'], 'challenge_points': ['100', '100', '100', '100', '100', '100', '100', '100', '100', '100', '100', '100', '100', '100', '50'], 'solve_time': ['2024-10-27T08:49:13.630769Z', '2024-10-27T07:13:41.237140Z', '2024-10-27T06:36:18.094194Z', '2024-10-27T02:55:38.901010Z', '2024-10-27T01:56:42.620665Z', '2024-10-26T23:33:45.524932Z', '2024-10-26T21:49:15.212166Z', '2024-10-26T17:44:35.147839Z', '2024-10-26T07:57:04.093013Z', '2024-10-26T06:37:16.821401Z', '2024-10-26T05:31:34.711547Z', '2024-10-26T04:22:30.953256Z', '2024-10-26T02:52:18.881095Z', '2024-10-26T02:49:09.711306Z', '2024-10-26T02:06:08.234250Z']}"
31,1313,Thehackerscrew,"{'challenge_name': ['unexpected', 'Corrupted Hard Drive', 'Sparks', 'Sign', 'ShareMixer2', 'Another one', 'shellcode 2', 'shellcode 1', 'ShareMixer1', 'Welcome'], 'challenge_category': ['Forensics', 'Forensics', 'Osint', 'Cryptography', 'Cryptography', 'Web', 'PWN', 'PWN', 'Cryptography', 'Misc'], 'challenge_points': ['349', '100', '100', '214', '100', '100', '100', '100', '100', '50'], 'solve_time': ['2024-10-27T05:19:34.176186Z', '2024-10-26T14:55:24.150604Z', '2024-10-26T12:08:32.259230Z', '2024-10-26T11:46:11.479332Z', '2024-10-26T10:46:41.187264Z', '2024-10-26T09:59:25.057276Z', '2024-10-26T09:05:49.243563Z', '2024-10-26T08:21:24.505416Z', '2024-10-26T05:33:02.709007Z', '2024-10-26T02:30:22.822426Z']}"
32,1164,noreply,"{'challenge_name': ['CPUsage', 'Corrupted Hard Drive', 'Sign', 'shellcode 2', 'shellcode 1', 'X √âc √âc', 'Another one', 'Sparks', 'ShareMixer2', 'Welcome', 'ShareMixer1'], 'challenge_category': ['Forensics', 'Forensics', 'Cryptography', 'PWN', 'PWN', 'Web', 'Web', 'Osint', 'Cryptography', 'Misc', 'Cryptography'], 'challenge_points': ['100', '100', '214', '100', '100', '100', '100', '100', '100', '50', '100'], 'solve_time': ['2024-10-26T23:26:17.294433Z', '2024-10-26T18:51:32.867330Z', '2024-10-26T18:03:33.120040Z', '2024-10-26T16:11:00.408201Z', '2024-10-26T14:54:05.497358Z', '2024-10-26T13:40:58.897008Z', '2024-10-26T13:17:19.966365Z', '2024-10-26T12:11:40.578650Z', '2024-10-26T11:24:56.523659Z', '2024-10-26T11:15:10.310899Z', '2024-10-26T11:09:28.919352Z']}"
33,1150,ShellphishAcademy,"{'challenge_name': ['animal', 'The Chamber of Flag', 'S1mple', 'Sparks', 'no_name', 'Game of Luck', 'Another one', 'X √âc √âc', 'shellcode 2', 'shellcode 1', 're01', 'Welcome'], 'challenge_category': ['Reverse Engineering', 'Reverse Engineering', 'Web', 'Osint', 'PWN', 'PWN', 'Web', 'Web', 'PWN', 'PWN', 'Reverse Engineering', 'Misc'], 'challenge_points': ['100', '100', '100', '100', '100', '100', '100', '100', '100', '100', '100', '50'], 'solve_time': ['2024-10-27T07:09:50.812424Z', '2024-10-27T01:17:09.150170Z', '2024-10-26T21:35:03.575716Z', '2024-10-26T21:24:14.067410Z', '2024-10-26T19:11:03.729007Z', '2024-10-26T16:43:21.587420Z', '2024-10-26T07:56:47.400610Z', '2024-10-26T04:17:24.703503Z', '2024-10-26T03:53:15.987625Z', '2024-10-26T03:28:20.402953Z', '2024-10-26T02:40:49.001472Z', '2024-10-26T02:36:04.177476Z']}"
34,1150,t·∫≠p l√†m ng∆∞·ªùi x·∫•u,"{'challenge_name': ['S1mple', 'The Chamber of Flag', 'animal', 're01', 'Home sweet home', 'CPUsage', 'Sparks', 'Another one', 'X √âc √âc', 'shellcode 1', 'Corrupted Hard Drive', 'Welcome'], 'challenge_category': ['Web', 'Reverse Engineering', 'Reverse Engineering', 'Reverse Engineering', 'Osint', 'Forensics', 'Osint', 'Web', 'Web', 'PWN', 'Forensics', 'Misc'], 'challenge_points': ['100', '100', '100', '100', '100', '100', '100', '100', '100', '100', '100', '50'], 'solve_time': ['2024-10-27T08:12:21.331467Z', '2024-10-27T06:29:35.730319Z', '2024-10-27T06:24:28.534892Z', '2024-10-27T05:28:38.789464Z', '2024-10-27T01:09:56.769304Z', '2024-10-26T23:13:30.107577Z', '2024-10-26T13:02:27.397395Z', '2024-10-26T10:33:59.514193Z', '2024-10-26T09:58:07.403945Z', '2024-10-26T09:11:15.136329Z', '2024-10-26T06:36:37.315359Z', '2024-10-26T02:04:53.712204Z']}"
35,1127,flagbot,"{'challenge_name': ['shellcode 1', 'ShareMixer1', 'ShareMixer2', 'Sign', 'thats so random', 'Another one', 'Welcome'], 'challenge_category': ['PWN', 'Cryptography', 'Cryptography', 'Cryptography', 'Cryptography', 'Web', 'Misc'], 'challenge_points': ['100', '100', '100', '214', '463', '100', '50'], 'solve_time': ['2024-10-27T05:06:39.644369Z', '2024-10-27T04:22:46.699964Z', '2024-10-27T01:54:03.934310Z', '2024-10-27T00:10:15.954178Z', '2024-10-26T21:29:30.036303Z', '2024-10-26T14:17:02.764376Z', '2024-10-26T02:18:15.067452Z']}"
36,1064,KAIST GoN,"{'challenge_name': ['Game of Luck', 'ShareMixer2', 'Sparks', 'Sign', 'ShareMixer1', 'Another one', 'X √âc √âc', 'shellcode 2', 'shellcode 1', 'Welcome'], 'challenge_category': ['PWN', 'Cryptography', 'Osint', 'Cryptography', 'Cryptography', 'Web', 'Web', 'PWN', 'PWN', 'Misc'], 'challenge_points': ['100', '100', '100', '214', '100', '100', '100', '100', '100', '50'], 'solve_time': ['2024-10-26T19:42:53.971224Z', '2024-10-26T15:24:14.260065Z', '2024-10-26T12:48:37.893977Z', '2024-10-26T11:55:12.254943Z', '2024-10-26T09:37:01.681443Z', '2024-10-26T08:13:09.591392Z', '2024-10-26T07:40:50.632058Z', '2024-10-26T06:40:28.497385Z', '2024-10-26T04:08:05.073049Z', '2024-10-26T02:16:36.517889Z']}"
37,1050,WE_0WN_Y0U,"{'challenge_name': ['no_name', 'Game of Luck', 'shellcode 2', 'shellcode 1', 're02', 're01', 'S1mple', 'The Chamber of Flag', 'Sparks', 'Another one', 'Welcome'], 'challenge_category': ['PWN', 'PWN', 'PWN', 'PWN', 'Reverse Engineering', 'Reverse Engineering', 'Web', 'Reverse Engineering', 'Osint', 'Web', 'Misc'], 'challenge_points': ['100', '100', '100', '100', '100', '100', '100', '100', '100', '100', '50'], 'solve_time': ['2024-10-26T23:51:21.243100Z', '2024-10-26T18:54:25.114041Z', '2024-10-26T17:50:21.517043Z', '2024-10-26T17:09:08.773213Z', '2024-10-26T15:15:24.109280Z', '2024-10-26T13:40:55.489073Z', '2024-10-26T12:39:14.676860Z', '2024-10-26T12:18:35.168579Z', '2024-10-26T11:59:10.840100Z', '2024-10-26T10:22:42.423198Z', '2024-10-26T03:22:18.398507Z']}"
38,964,BunkyoWesterns,"{'challenge_name': ['Sign', 're01', 'no_name', 'Game of Luck', 'Another one', 'shellcode 1', 'shellcode 2', 'X √âc √âc', 'Welcome'], 'challenge_category': ['Cryptography', 'Reverse Engineering', 'PWN', 'PWN', 'Web', 'PWN', 'PWN', 'Web', 'Misc'], 'challenge_points': ['214', '100', '100', '100', '100', '100', '100', '100', '50'], 'solve_time': ['2024-10-27T00:37:53.488066Z', '2024-10-27T00:07:54.165644Z', '2024-10-27T00:06:30.913586Z', '2024-10-27T00:05:11.087407Z', '2024-10-26T07:52:29.386829Z', '2024-10-26T07:26:11.431277Z', '2024-10-26T07:16:27.011486Z', '2024-10-26T06:17:34.260376Z', '2024-10-26T02:05:24.673652Z']}"
39,950,Megaricano,"{'challenge_name': ['CPUsage', 'no_name', 'Game of Luck', 'S1mple', 'Sparks', 'Another one', 'shellcode 2', 'X √âc √âc', 'shellcode 1', 'Welcome'], 'challenge_category': ['Forensics', 'PWN', 'PWN', 'Web', 'Osint', 'Web', 'PWN', 'Web', 'PWN', 'Misc'], 'challenge_points': ['100', '100', '100', '100', '100', '100', '100', '100', '100', '50'], 'solve_time': ['2024-10-27T04:48:18.740789Z', '2024-10-26T18:07:15.107082Z', '2024-10-26T16:02:05.605910Z', '2024-10-26T14:18:07.389718Z', '2024-10-26T11:56:39.576633Z', '2024-10-26T07:55:39.687664Z', '2024-10-26T05:34:10.314937Z', '2024-10-26T03:34:12.577061Z', '2024-10-26T03:13:53.970743Z', '2024-10-26T02:30:59.842268Z']}"
40,950,Pwn4s0n1c,"{'challenge_name': ['re01', 'Another one', 'ShareMixer2', 'no_name', 'Game of Luck', 'Sparks', 'shellcode 2', 'ShareMixer1', 'shellcode 1', 'Welcome'], 'challenge_category': ['Reverse Engineering', 'Web', 'Cryptography', 'PWN', 'PWN', 'Osint', 'PWN', 'Cryptography', 'PWN', 'Misc'], 'challenge_points': ['100', '100', '100', '100', '100', '100', '100', '100', '100', '50'], 'solve_time': ['2024-10-27T07:31:42.419095Z', '2024-10-27T06:00:47.367744Z', '2024-10-27T04:07:02.677386Z', '2024-10-27T01:15:21.574393Z', '2024-10-26T21:32:05.067417Z', '2024-10-26T13:37:29.575918Z', '2024-10-26T10:48:32.276624Z', '2024-10-26T07:02:59.337776Z', '2024-10-26T06:17:11.010906Z', '2024-10-26T02:43:44.036515Z']}"
41,950,SKSD,"{'challenge_name': ['Game of Luck', 'Corrupted Hard Drive', 'S1mple', 're02', 'Another one', 'shellcode 2', 'shellcode 1', 're01', 'X √âc √âc', 'Welcome'], 'challenge_category': ['PWN', 'Forensics', 'Web', 'Reverse Engineering', 'Web', 'PWN', 'PWN', 'Reverse Engineering', 'Web', 'Misc'], 'challenge_points': ['100', '100', '100', '100', '100', '100', '100', '100', '100', '50'], 'solve_time': ['2024-10-27T07:48:26.995323Z', '2024-10-26T18:34:01.361261Z', '2024-10-26T12:44:55.824917Z', '2024-10-26T12:02:13.901439Z', '2024-10-26T08:40:17.318144Z', '2024-10-26T07:57:25.591343Z', '2024-10-26T07:33:38.897850Z', '2024-10-26T02:36:48.052846Z', '2024-10-26T02:12:32.646912Z', '2024-10-26T02:04:42.778103Z']}"
42,950,jcungdc,"{'challenge_name': ['re02', 'CPUsage', 'Home sweet home', 'animal', 'Sparks', 'shellcode 1', 'Corrupted Hard Drive', 'shellcode 2', 're01', 'Welcome'], 'challenge_category': ['Reverse Engineering', 'Forensics', 'Osint', 'Reverse Engineering', 'Osint', 'PWN', 'Forensics', 'PWN', 'Reverse Engineering', 'Misc'], 'challenge_points': ['100', '100', '100', '100', '100', '100', '100', '100', '100', '50'], 'solve_time': ['2024-10-27T08:48:00.516337Z', '2024-10-27T07:55:30.253667Z', '2024-10-27T04:52:04.282103Z', '2024-10-27T03:48:45.111876Z', '2024-10-26T14:42:49.391133Z', '2024-10-26T10:04:42.270429Z', '2024-10-26T09:58:28.759006Z', '2024-10-26T09:14:49.522067Z', '2024-10-26T04:52:29.545435Z', '2024-10-26T03:21:43.084521Z']}"
43,913,flame,"{'challenge_name': ['Sparks', 'thats so random', 'Another one', 'ShareMixer2', 'ShareMixer1', 'Welcome'], 'challenge_category': ['Osint', 'Cryptography', 'Web', 'Cryptography', 'Cryptography', 'Misc'], 'challenge_points': ['100', '463', '100', '100', '100', '50'], 'solve_time': ['2024-10-27T05:49:19.366357Z', '2024-10-26T21:43:08.340369Z', '2024-10-26T20:36:27.051306Z', '2024-10-26T18:24:56.867136Z', '2024-10-26T17:02:44.007087Z', '2024-10-26T02:05:29.295151Z']}"
44,850,InfoSecIITR,"{'challenge_name': ['ShareMixer2', 'CPUsage', 'Sparks', 'Another one', 'Corrupted Hard Drive', 'shellcode 2', 'ShareMixer1', 'shellcode 1', 'Welcome'], 'challenge_category': ['Cryptography', 'Forensics', 'Osint', 'Web', 'Forensics', 'PWN', 'Cryptography', 'PWN', 'Misc'], 'challenge_points': ['100', '100', '100', '100', '100', '100', '100', '100', '50'], 'solve_time': ['2024-10-26T22:26:56.227296Z', '2024-10-26T20:01:33.809992Z', '2024-10-26T15:53:18.170865Z', '2024-10-26T14:42:42.948246Z', '2024-10-26T13:17:14.006036Z', '2024-10-26T04:58:18.165214Z', '2024-10-26T04:14:28.471239Z', '2024-10-26T03:14:20.178365Z', '2024-10-26T02:21:44.359709Z']}"
45,850,CSG,"{'challenge_name': ['re02', 'Game of Luck', 'Sparks', 'Home sweet home', 'X √âc √âc', 'Another one', 'shellcode 2', 'shellcode 1', 'Welcome'], 'challenge_category': ['Reverse Engineering', 'PWN', 'Osint', 'Osint', 'Web', 'Web', 'PWN', 'PWN', 'Misc'], 'challenge_points': ['100', '100', '100', '100', '100', '100', '100', '100', '50'], 'solve_time': ['2024-10-27T04:07:14.102035Z', '2024-10-27T04:00:24.522620Z', '2024-10-27T02:23:03.521258Z', '2024-10-27T02:17:10.802210Z', '2024-10-26T19:12:35.748996Z', '2024-10-26T18:38:51.292274Z', '2024-10-26T07:17:43.792274Z', '2024-10-26T06:31:25.216090Z', '2024-10-26T04:19:48.607968Z']}"
46,750,xSTF,"{'challenge_name': ['shellcode 2', 'shellcode 1', 'S1mple', 'CPUsage', 'X √âc √âc', 'Another one', 'Sparks', 'Welcome'], 'challenge_category': ['PWN', 'PWN', 'Web', 'Forensics', 'Web', 'Web', 'Osint', 'Misc'], 'challenge_points': ['100', '100', '100', '100', '100', '100', '100', '50'], 'solve_time': ['2024-10-27T04:56:27.114064Z', '2024-10-27T03:37:21.198331Z', '2024-10-27T00:57:19.539755Z', '2024-10-26T23:49:38.975617Z', '2024-10-26T16:46:21.192170Z', '2024-10-26T16:27:45.438525Z', '2024-10-26T14:31:46.558346Z', '2024-10-26T08:14:35.899532Z']}"
47,750,0rd3rs,"{'challenge_name': ['animal', 'The Chamber of Flag', 'Another one', 'X √âc √âc', 'Sparks', 'Corrupted Hard Drive', 're01', 'Welcome'], 'challenge_category': ['Reverse Engineering', 'Reverse Engineering', 'Web', 'Web', 'Osint', 'Forensics', 'Reverse Engineering', 'Misc'], 'challenge_points': ['100', '100', '100', '100', '100', '100', '100', '50'], 'solve_time': ['2024-10-27T04:59:27.800949Z', '2024-10-27T04:18:19.240204Z', '2024-10-26T18:33:51.092919Z', '2024-10-26T18:01:15.002259Z', '2024-10-26T12:01:55.813630Z', '2024-10-26T10:56:30.855644Z', '2024-10-26T04:00:26.356146Z', '2024-10-26T02:32:58.681308Z']}"
48,750,f4n_n3r0,"{'challenge_name': ['re01', 'Home sweet home', 'CPUsage', 'Another one', 'Sparks', 'shellcode 1', 'Corrupted Hard Drive', 'Welcome'], 'challenge_category': ['Reverse Engineering', 'Osint', 'Forensics', 'Web', 'Osint', 'PWN', 'Forensics', 'Misc'], 'challenge_points': ['100', '100', '100', '100', '100', '100', '100', '50'], 'solve_time': ['2024-10-27T06:10:06.978305Z', '2024-10-27T04:41:00.603801Z', '2024-10-27T04:12:00.858445Z', '2024-10-27T03:56:55.403053Z', '2024-10-26T15:23:23.812507Z', '2024-10-26T14:45:30.468183Z', '2024-10-26T09:32:07.889835Z', '2024-10-26T02:06:15.883625Z']}"
49,748,sudoers,"{'challenge_name': ['Two Steps Ahead', 'Sparks', 'Another one', 'Welcome'], 'challenge_category': ['Osint', 'Osint', 'Web', 'Misc'], 'challenge_points': ['498', '100', '100', '50'], 'solve_time': ['2024-10-27T09:06:47.796930Z', '2024-10-26T12:24:57.354815Z', '2024-10-26T06:50:37.700127Z', '2024-10-26T02:05:17.781563Z']}"
50,735,Glutton,"{'challenge_name': ['Corrupted Hard Drive', 'swatted', 're01', 'Home sweet home', 'Welcome'], 'challenge_category': ['Forensics', 'Forensics', 'Reverse Engineering', 'Osint', 'Misc'], 'challenge_points': ['100', '385', '100', '100', '50'], 'solve_time': ['2024-10-27T07:25:53.693153Z', '2024-10-27T07:25:15.726891Z', '2024-10-27T07:18:57.007559Z', '2024-10-27T07:18:24.949307Z', '2024-10-26T03:09:02.325250Z']}"
51,664,idek,"{'challenge_name': ['Sign', 'ShareMixer2', 'Another one', 'X √âc √âc', 'ShareMixer1', 'Welcome'], 'challenge_category': ['Cryptography', 'Cryptography', 'Web', 'Web', 'Cryptography', 'Misc'], 'challenge_points': ['214', '100', '100', '100', '100', '50'], 'solve_time': ['2024-10-26T15:39:04.176248Z', '2024-10-26T15:34:59.395585Z', '2024-10-26T08:47:23.971599Z', '2024-10-26T06:28:42.757984Z', '2024-10-26T05:23:14.875800Z', '2024-10-26T02:06:38.918481Z']}"
52,664,bitbasher,"{'challenge_name': ['CPUsage', 'Sign', 'ShareMixer2', 'ShareMixer1', 'Welcome', 'Corrupted Hard Drive'], 'challenge_category': ['Forensics', 'Cryptography', 'Cryptography', 'Cryptography', 'Misc', 'Forensics'], 'challenge_points': ['100', '214', '100', '100', '50', '100'], 'solve_time': ['2024-10-27T09:17:52.737517Z', '2024-10-26T19:13:33.731514Z', '2024-10-26T15:10:04.138655Z', '2024-10-26T15:03:16.250997Z', '2024-10-26T14:36:43.071425Z', '2024-10-26T14:35:49.685420Z']}"
53,650,phoan9g,"{'challenge_name': ['Game of Luck', 'S1mple', 'shellcode 2', 'shellcode 1', 'Another one', 'X √âc √âc', 'Welcome'], 'challenge_category': ['PWN', 'Web', 'PWN', 'PWN', 'Web', 'Web', 'Misc'], 'challenge_points': ['100', '100', '100', '100', '100', '100', '50'], 'solve_time': ['2024-10-26T18:34:56.431482Z', '2024-10-26T16:41:36.237451Z', '2024-10-26T12:04:35.678509Z', '2024-10-26T08:32:55.198937Z', '2024-10-26T06:38:41.875311Z', '2024-10-26T05:16:37.602667Z', '2024-10-26T04:33:27.781944Z']}"
54,650,PH4NT0MS,"{'challenge_name': ['Home sweet home', 'shellcode 2', 'Sparks', 'X √âc √âc', 'shellcode 1', 'Another one', 'Welcome'], 'challenge_category': ['Osint', 'PWN', 'Osint', 'Web', 'PWN', 'Web', 'Misc'], 'challenge_points': ['100', '100', '100', '100', '100', '100', '50'], 'solve_time': ['2024-10-27T03:01:45.633954Z', '2024-10-26T21:07:26.870796Z', '2024-10-26T16:44:02.465961Z', '2024-10-26T15:11:53.135313Z', '2024-10-26T15:07:28.059828Z', '2024-10-26T14:09:52.638521Z', '2024-10-26T02:05:06.696269Z']}"
55,650,LemonOne,"{'challenge_name': ['Corrupted Hard Drive', 'X √âc √âc', 'Another one', 'Sparks', 'shellcode 2', 'shellcode 1', 'Welcome'], 'challenge_category': ['Forensics', 'Web', 'Web', 'Osint', 'PWN', 'PWN', 'Misc'], 'challenge_points': ['100', '100', '100', '100', '100', '100', '50'], 'solve_time': ['2024-10-27T07:27:40.061013Z', '2024-10-26T16:08:45.128441Z', '2024-10-26T15:30:27.279037Z', '2024-10-26T13:30:13.740907Z', '2024-10-26T04:12:30.613834Z', '2024-10-26T03:10:17.240612Z', '2024-10-26T02:04:48.097006Z']}"
56,650,N.O.X.U.S,"{'challenge_name': ['ShareMixer1', 'Sparks', 'shellcode 1', 'Another one', 'X √âc √âc', 'shellcode 2', 'Welcome'], 'challenge_category': ['Cryptography', 'Osint', 'PWN', 'Web', 'Web', 'PWN', 'Misc'], 'challenge_points': ['100', '100', '100', '100', '100', '100', '50'], 'solve_time': ['2024-10-27T07:59:04.782394Z', '2024-10-26T13:12:10.099152Z', '2024-10-26T09:39:43.866748Z', '2024-10-26T08:45:29.448280Z', '2024-10-26T08:45:16.849781Z', '2024-10-26T08:42:49.518123Z', '2024-10-26T02:25:08.214470Z']}"
57,598,souf6x,"{'challenge_name': ['Home sweet home', 'Two Steps Ahead'], 'challenge_category': ['Osint', 'Osint'], 'challenge_points': ['100', '498'], 'solve_time': ['2024-10-27T09:57:46.602399Z', '2024-10-27T09:13:47.150269Z']}"
58,587,w3school,"{'challenge_name': ['hihi', 'S1mple', 'X √âc √âc', 'Another one'], 'challenge_category': ['Web', 'Web', 'Web', 'Web'], 'challenge_points': ['287', '100', '100', '100'], 'solve_time': ['2024-10-27T05:54:16.734226Z', '2024-10-27T02:34:57.448855Z', '2024-10-26T16:36:45.552626Z', '2024-10-26T16:06:23.956368Z']}"
59,550,La fr√®rerie,"{'challenge_name': ['ShareMixer1', 'X √âc √âc', 'Sparks', 're01', 'Another one', 'Welcome'], 'challenge_category': ['Cryptography', 'Web', 'Osint', 'Reverse Engineering', 'Web', 'Misc'], 'challenge_points': ['100', '100', '100', '100', '100', '50'], 'solve_time': ['2024-10-26T22:32:06.948911Z', '2024-10-26T16:05:33.777517Z', '2024-10-26T15:03:55.258292Z', '2024-10-26T13:57:13.791069Z', '2024-10-26T10:17:25.189842Z', '2024-10-26T07:17:51.593648Z']}"
60,550,Ï†ïÏã†Ïù¥ÏóÜÎã§,"{'challenge_name': ['Game of Luck', 'shellcode 2', 're01', 'Sparks', 'shellcode 1', 'Welcome'], 'challenge_category': ['PWN', 'PWN', 'Reverse Engineering', 'Osint', 'PWN', 'Misc'], 'challenge_points': ['100', '100', '100', '100', '100', '50'], 'solve_time': ['2024-10-27T03:51:10.244596Z', '2024-10-27T01:31:32.027206Z', '2024-10-26T13:54:22.250411Z', '2024-10-26T11:34:46.047153Z', '2024-10-26T11:17:54.700999Z', '2024-10-26T08:02:18.909899Z']}"
61,550,Raong2,"{'challenge_name': ['Home sweet home', 'Corrupted Hard Drive', 'Sparks', 'Another one', 'X √âc √âc', 'Welcome'], 'challenge_category': ['Osint', 'Forensics', 'Osint', 'Web', 'Web', 'Misc'], 'challenge_points': ['100', '100', '100', '100', '100', '50'], 'solve_time': ['2024-10-27T08:04:40.567951Z', '2024-10-27T07:39:41.356140Z', '2024-10-27T00:46:14.235648Z', '2024-10-26T17:31:29.890455Z', '2024-10-26T10:58:58.261207Z', '2024-10-26T04:32:46.481262Z']}"
62,550,Leet Puppets,"{'challenge_name': ['shellcode 1', 'Sparks', 'Welcome', 'X √âc √âc', 'ShareMixer1', 'Another one'], 'challenge_category': ['PWN', 'Osint', 'Misc', 'Web', 'Cryptography', 'Web'], 'challenge_points': ['100', '100', '50', '100', '100', '100'], 'solve_time': ['2024-10-27T09:05:25.111157Z', '2024-10-26T20:20:07.105113Z', '2024-10-26T20:02:22.478946Z', '2024-10-26T19:41:11.315727Z', '2024-10-26T16:53:59.210586Z', '2024-10-26T12:37:19.146215Z']}"
63,450,Plat,"{'challenge_name': ['Another one', 'Corrupted Hard Drive', 'shellcode 1', 'Sparks', 'Welcome'], 'challenge_category': ['Web', 'Forensics', 'PWN', 'Osint', 'Misc'], 'challenge_points': ['100', '100', '100', '100', '50'], 'solve_time': ['2024-10-26T16:02:00.604025Z', '2024-10-26T15:22:47.710315Z', '2024-10-26T14:08:03.834733Z', '2024-10-26T12:34:48.889209Z', '2024-10-26T10:19:19.324215Z']}"
64,450,Hamagnivim,"{'challenge_name': ['ShareMixer2', 'shellcode 2', 'shellcode 1', 'Another one', 'Welcome'], 'challenge_category': ['Cryptography', 'PWN', 'PWN', 'Web', 'Misc'], 'challenge_points': ['100', '100', '100', '100', '50'], 'solve_time': ['2024-10-26T18:41:17.937825Z', '2024-10-26T17:51:15.696085Z', '2024-10-26T15:51:14.368582Z', '2024-10-26T15:37:26.677904Z', '2024-10-26T02:24:25.489268Z']}"
65,450,Kalmarunionen,"{'challenge_name': ['S1mple', 'Welcome', 'Sparks', 'X √âc √âc', 'Another one'], 'challenge_category': ['Web', 'Misc', 'Osint', 'Web', 'Web'], 'challenge_points': ['100', '50', '100', '100', '100'], 'solve_time': ['2024-10-26T23:42:16.613074Z', '2024-10-26T12:23:14.367178Z', '2024-10-26T11:16:21.166258Z', '2024-10-26T10:50:25.768016Z', '2024-10-26T10:26:26.822822Z']}"
66,450,CH4S1NG_TH4T_FE3L1NG,"{'challenge_name': ['Home sweet home', 'Sparks', 'Another one', 'X √âc √âc', 'Welcome'], 'challenge_category': ['Osint', 'Osint', 'Web', 'Web', 'Misc'], 'challenge_points': ['100', '100', '100', '100', '50'], 'solve_time': ['2024-10-27T04:45:40.089062Z', '2024-10-26T16:11:56.999869Z', '2024-10-26T09:52:08.677316Z', '2024-10-26T09:11:05.887923Z', '2024-10-26T02:13:38.704217Z']}"
67,450,m1t0,"{'challenge_name': ['no_name', 'Game of Luck', 'Welcome', 'shellcode 1', 'shellcode 2'], 'challenge_category': ['PWN', 'PWN', 'Misc', 'PWN', 'PWN'], 'challenge_points': ['100', '100', '50', '100', '100'], 'solve_time': ['2024-10-27T09:34:10.089981Z', '2024-10-27T05:31:42.147019Z', '2024-10-26T10:21:49.893892Z', '2024-10-26T10:15:53.352098Z', '2024-10-26T10:15:34.195742Z']}"
68,450,CBD24,"{'challenge_name': ['shellcode 2', 'shellcode 1', 'Sparks', 'X √âc √âc', 'Welcome'], 'challenge_category': ['PWN', 'PWN', 'Osint', 'Web', 'Misc'], 'challenge_points': ['100', '100', '100', '100', '50'], 'solve_time': ['2024-10-27T09:56:03.714983Z', '2024-10-27T09:54:48.987610Z', '2024-10-26T16:49:47.206691Z', '2024-10-26T13:51:08.251359Z', '2024-10-26T02:11:25.490647Z']}"
69,400,Carixo,"{'challenge_name': ['Another one', 'Game of Luck', 'shellcode 2', 'shellcode 1'], 'challenge_category': ['Web', 'PWN', 'PWN', 'PWN'], 'challenge_points': ['100', '100', '100', '100'], 'solve_time': ['2024-10-26T16:35:44.151075Z', '2024-10-26T15:24:02.763278Z', '2024-10-26T14:11:01.259657Z', '2024-10-26T13:49:38.695580Z']}"
70,400,Wade,"{'challenge_name': ['animal', 'The Chamber of Flag', 're02', 're01'], 'challenge_category': ['Reverse Engineering', 'Reverse Engineering', 'Reverse Engineering', 'Reverse Engineering'], 'challenge_points': ['100', '100', '100', '100'], 'solve_time': ['2024-10-27T06:53:07.667166Z', '2024-10-27T00:32:49.592144Z', '2024-10-26T18:48:59.754780Z', '2024-10-26T17:52:52.009454Z']}"
71,350,Penthakon,"{'challenge_name': ['Sparks', 'X √âc √âc', 'Another one', 'Welcome'], 'challenge_category': ['Osint', 'Web', 'Web', 'Misc'], 'challenge_points': ['100', '100', '100', '50'], 'solve_time': ['2024-10-26T11:26:59.387831Z', '2024-10-26T11:09:22.588105Z', '2024-10-26T08:54:19.880196Z', '2024-10-26T02:40:59.162603Z']}"
72,350,full_weak_engineer,"{'challenge_name': ['Sparks', 'Welcome', 'Another one', 'X √âc √âc'], 'challenge_category': ['Osint', 'Misc', 'Web', 'Web'], 'challenge_points': ['100', '50', '100', '100'], 'solve_time': ['2024-10-26T15:20:12.295838Z', '2024-10-26T08:22:17.103413Z', '2024-10-26T08:21:55.851388Z', '2024-10-26T05:42:11.827888Z']}"
73,350,Purple Team,"{'challenge_name': ['X √âc √âc', 'Sparks', 'Another one', 'Welcome'], 'challenge_category': ['Web', 'Osint', 'Web', 'Misc'], 'challenge_points': ['100', '100', '100', '50'], 'solve_time': ['2024-10-26T15:29:26.937245Z', '2024-10-26T13:44:17.134526Z', '2024-10-26T13:09:28.948465Z', '2024-10-26T09:20:56.381736Z']}"
74,350,N0_0n3,"{'challenge_name': ['Sparks', 'Another one', 'shellcode 1', 'Welcome'], 'challenge_category': ['Osint', 'Web', 'PWN', 'Misc'], 'challenge_points': ['100', '100', '100', '50'], 'solve_time': ['2024-10-26T15:31:17.674626Z', '2024-10-26T15:19:53.742940Z', '2024-10-26T15:19:38.429797Z', '2024-10-26T15:18:56.048425Z']}"
75,350,NoName404,"{'challenge_name': ['X √âc √âc', 'Sparks', 'Another one', 'Welcome'], 'challenge_category': ['Web', 'Osint', 'Web', 'Misc'], 'challenge_points': ['100', '100', '100', '50'], 'solve_time': ['2024-10-26T16:39:31.256812Z', '2024-10-26T15:29:45.141186Z', '2024-10-26T15:14:46.102914Z', '2024-10-26T02:07:25.252332Z']}"
76,350,PTITHCM_Un4uth0r1z3d,"{'challenge_name': ['X √âc √âc', 'Another one', 'Sparks', 'Welcome'], 'challenge_category': ['Web', 'Web', 'Osint', 'Misc'], 'challenge_points': ['100', '100', '100', '50'], 'solve_time': ['2024-10-26T17:06:22.411731Z', '2024-10-26T15:22:27.080921Z', '2024-10-26T11:47:10.653694Z', '2024-10-26T02:08:50.175208Z']}"
77,350,MoChonTinhYeu,"{'challenge_name': ['Sparks', 'Corrupted Hard Drive', 'Another one', 'Welcome'], 'challenge_category': ['Osint', 'Forensics', 'Web', 'Misc'], 'challenge_points': ['100', '100', '100', '50'], 'solve_time': ['2024-10-26T18:47:49.849331Z', '2024-10-26T18:36:15.253458Z', '2024-10-26T18:20:24.579297Z', '2024-10-26T02:28:09.026205Z']}"
78,350,3r0th3r CC,"{'challenge_name': ['X √âc √âc', 'Another one', 're01', 'Welcome'], 'challenge_category': ['Web', 'Web', 'Reverse Engineering', 'Misc'], 'challenge_points': ['100', '100', '100', '50'], 'solve_time': ['2024-10-26T19:56:21.325077Z', '2024-10-26T09:55:37.927047Z', '2024-10-26T08:58:40.673805Z', '2024-10-26T02:07:56.349450Z']}"
79,350,ma100,"{'challenge_name': ['CPUsage', 'Sparks', 'Welcome', 'Another one'], 'challenge_category': ['Forensics', 'Osint', 'Misc', 'Web'], 'challenge_points': ['100', '100', '50', '100'], 'solve_time': ['2024-10-26T23:26:29.902322Z', '2024-10-26T12:51:15.370753Z', '2024-10-26T10:41:32.955706Z', '2024-10-26T10:35:56.880172Z']}"
80,350,BlitzHack,"{'challenge_name': ['Home sweet home', 'Another one', 'Corrupted Hard Drive', 'Welcome'], 'challenge_category': ['Osint', 'Web', 'Forensics', 'Misc'], 'challenge_points': ['100', '100', '100', '50'], 'solve_time': ['2024-10-27T01:13:36.824543Z', '2024-10-26T19:23:48.482819Z', '2024-10-26T07:36:28.819551Z', '2024-10-26T02:05:26.290068Z']}"
81,350,Equivalent XCHG,"{'challenge_name': ['no_name', 'shellcode 2', 'Game of Luck', 'Welcome'], 'challenge_category': ['PWN', 'PWN', 'PWN', 'Misc'], 'challenge_points': ['100', '100', '100', '50'], 'solve_time': ['2024-10-27T02:47:35.130317Z', '2024-10-26T22:37:52.890133Z', '2024-10-26T22:00:31.107272Z', '2024-10-26T18:07:12.826280Z']}"
82,350,"UCC[""18B HQV""]","{'challenge_name': ['Home sweet home', 'Sparks', 'Corrupted Hard Drive', 'Welcome'], 'challenge_category': ['Osint', 'Osint', 'Forensics', 'Misc'], 'challenge_points': ['100', '100', '100', '50'], 'solve_time': ['2024-10-27T03:25:14.302183Z', '2024-10-26T11:29:12.976412Z', '2024-10-26T10:28:51.667162Z', '2024-10-26T02:06:48.906403Z']}"
83,350,m0rd0r,"{'challenge_name': ['Game of Luck', 'shellcode 2', 'shellcode 1', 'Welcome'], 'challenge_category': ['PWN', 'PWN', 'PWN', 'Misc'], 'challenge_points': ['100', '100', '100', '50'], 'solve_time': ['2024-10-27T04:02:12.543158Z', '2024-10-26T15:00:39.055987Z', '2024-10-26T10:21:51.722173Z', '2024-10-26T03:42:29.064274Z']}"
84,350,ZeroD4yZ,"{'challenge_name': ['Another one', 'shellcode 2', 'X √âc √âc', 'Welcome'], 'challenge_category': ['Web', 'PWN', 'Web', 'Misc'], 'challenge_points': ['100', '100', '100', '50'], 'solve_time': ['2024-10-27T04:08:28.754799Z', '2024-10-26T13:05:12.715010Z', '2024-10-26T09:13:18.061862Z', '2024-10-26T02:05:36.828582Z']}"
85,350,CyberCh1ck,"{'challenge_name': ['Home sweet home', 'CPUsage', 'Corrupted Hard Drive', 'Welcome'], 'challenge_category': ['Osint', 'Forensics', 'Forensics', 'Misc'], 'challenge_points': ['100', '100', '100', '50'], 'solve_time': ['2024-10-27T07:20:24.648241Z', '2024-10-27T07:19:54.698532Z', '2024-10-26T09:59:39.586725Z', '2024-10-26T03:23:59.126538Z']}"
86,350,traP,"{'challenge_name': ['CPUsage', 'Another one', 'Sparks', 'Welcome'], 'challenge_category': ['Forensics', 'Web', 'Osint', 'Misc'], 'challenge_points': ['100', '100', '100', '50'], 'solve_time': ['2024-10-27T08:04:49.278524Z', '2024-10-27T03:36:19.486164Z', '2024-10-26T13:13:24.564423Z', '2024-10-26T02:47:13.963072Z']}"
87,350,NuttyShell,"{'challenge_name': ['Home sweet home', 'Sparks', 'Another one', 'Welcome'], 'challenge_category': ['Osint', 'Osint', 'Web', 'Misc'], 'challenge_points': ['100', '100', '100', '50'], 'solve_time': ['2024-10-27T09:38:23.488308Z', '2024-10-26T11:55:07.073573Z', '2024-10-26T08:11:17.445365Z', '2024-10-26T02:04:40.127023Z']}"
88,300,16j,"{'challenge_name': ['Game of Luck', 'shellcode 2', 'shellcode 1'], 'challenge_category': ['PWN', 'PWN', 'PWN'], 'challenge_points': ['100', '100', '100'], 'solve_time': ['2024-10-27T07:48:52.905708Z', '2024-10-26T05:07:16.696410Z', '2024-10-26T03:50:20.611445Z']}"
89,250,CyKor,"{'challenge_name': ['shellcode 2', 'shellcode 1', 'Welcome'], 'challenge_category': ['PWN', 'PWN', 'Misc'], 'challenge_points': ['100', '100', '50'], 'solve_time': ['2024-10-26T06:01:13.571225Z', '2024-10-26T02:36:21.983087Z', '2024-10-26T02:12:49.234533Z']}"
90,250,wgpsec,"{'challenge_name': ['Welcome', 'shellcode 2', 'shellcode 1'], 'challenge_category': ['Misc', 'PWN', 'PWN'], 'challenge_points': ['50', '100', '100'], 'solve_time': ['2024-10-26T07:42:16.196393Z', '2024-10-26T06:50:51.269231Z', '2024-10-26T06:24:55.230703Z']}"
91,250,HyperSpectrum,"{'challenge_name': ['shellcode 1', 'shellcode 2', 'Welcome'], 'challenge_category': ['PWN', 'PWN', 'Misc'], 'challenge_points': ['100', '100', '50'], 'solve_time': ['2024-10-26T08:43:04.215432Z', '2024-10-26T08:10:49.143848Z', '2024-10-26T02:11:10.074248Z']}"
92,250,ItTak3sTw0,"{'challenge_name': ['Sparks', 're01', 'Welcome'], 'challenge_category': ['Osint', 'Reverse Engineering', 'Misc'], 'challenge_points': ['100', '100', '50'], 'solve_time': ['2024-10-26T11:21:23.500548Z', '2024-10-26T02:37:30.809941Z', '2024-10-26T02:05:12.823083Z']}"
93,250,as a kusa,"{'challenge_name': ['Another one', 'Welcome', 'X √âc √âc'], 'challenge_category': ['Web', 'Misc', 'Web'], 'challenge_points': ['100', '50', '100'], 'solve_time': ['2024-10-26T11:43:58.612039Z', '2024-10-26T09:07:52.931374Z', '2024-10-26T06:48:19.172987Z']}"
94,250,ZK cha,"{'challenge_name': ['ShareMixer2', 'ShareMixer1', 'Welcome'], 'challenge_category': ['Cryptography', 'Cryptography', 'Misc'], 'challenge_points': ['100', '100', '50'], 'solve_time': ['2024-10-26T11:44:21.066061Z', '2024-10-26T10:49:59.838452Z', '2024-10-26T05:52:57.777413Z']}"
95,250,NSS,"{'challenge_name': ['shellcode 1', 'Another one', 'Welcome'], 'challenge_category': ['PWN', 'Web', 'Misc'], 'challenge_points': ['100', '100', '50'], 'solve_time': ['2024-10-26T11:55:14.687639Z', '2024-10-26T09:18:01.134666Z', '2024-10-26T03:33:55.474622Z']}"
96,250,HCMUTE_ISC,"{'challenge_name': ['Sparks', 're01', 'Welcome'], 'challenge_category': ['Osint', 'Reverse Engineering', 'Misc'], 'challenge_points': ['100', '100', '50'], 'solve_time': ['2024-10-26T13:48:10.665872Z', '2024-10-26T08:27:56.598447Z', '2024-10-26T03:10:13.726539Z']}"
97,250,seck19,"{'challenge_name': ['Another one', 'X √âc √âc', 'Welcome'], 'challenge_category': ['Web', 'Web', 'Misc'], 'challenge_points': ['100', '100', '50'], 'solve_time': ['2024-10-26T13:53:27.044332Z', '2024-10-26T10:04:02.176017Z', '2024-10-26T06:40:18.962862Z']}"
98,250,VSL.Xp10r3rs,"{'challenge_name': ['Another one', 'Sparks', 'Welcome'], 'challenge_category': ['Web', 'Osint', 'Misc'], 'challenge_points': ['100', '100', '50'], 'solve_time': ['2024-10-26T14:18:45.396082Z', '2024-10-26T12:17:50.590115Z', '2024-10-26T02:06:27.288153Z']}"
99,250,ÿπÿßŸáÿßÿ™ ÿßŸÑÿ®ÿπÿ´,"{'challenge_name': ['Sparks', 'Another one', 'Welcome'], 'challenge_category': ['Osint', 'Web', 'Misc'], 'challenge_points': ['100', '100', '50'], 'solve_time': ['2024-10-26T16:06:00.856313Z', '2024-10-26T14:50:47.641855Z', '2024-10-26T06:24:55.690016Z']}"
100,250,TheOddsAreLow,"{'challenge_name': ['Sparks', 'Another one', 'Welcome'], 'challenge_category': ['Osint', 'Web', 'Misc'], 'challenge_points': ['100', '100', '50'], 'solve_time': ['2024-10-26T16:07:38.555787Z', '2024-10-26T15:45:49.586603Z', '2024-10-26T10:03:17.860730Z']}"
101,250,VSL,"{'challenge_name': ['Sparks', 'Another one', 'Welcome'], 'challenge_category': ['Osint', 'Web', 'Misc'], 'challenge_points': ['100', '100', '50'], 'solve_time': ['2024-10-26T16:12:58.533586Z', '2024-10-26T07:37:11.198331Z', '2024-10-26T02:27:43.202016Z']}"
102,250,Cybersec N00b3rs,"{'challenge_name': ['Another one', 'Sparks', 'Welcome'], 'challenge_category': ['Web', 'Osint', 'Misc'], 'challenge_points': ['100', '100', '50'], 'solve_time': ['2024-10-26T16:55:53.413577Z', '2024-10-26T16:04:51.530852Z', '2024-10-26T02:41:57.478552Z']}"
103,250,xqzmipls_twenty5,"{'challenge_name': ['Another one', 'Sparks', 'Welcome'], 'challenge_category': ['Web', 'Osint', 'Misc'], 'challenge_points': ['100', '100', '50'], 'solve_time': ['2024-10-26T16:57:16.451178Z', '2024-10-26T13:44:02.163555Z', '2024-10-26T09:47:12.051078Z']}"
104,250,....,"{'challenge_name': ['Sparks', 'Another one', 'Welcome'], 'challenge_category': ['Osint', 'Web', 'Misc'], 'challenge_points': ['100', '100', '50'], 'solve_time': ['2024-10-26T17:19:31.743381Z', '2024-10-26T13:10:45.465639Z', '2024-10-26T02:15:05.725370Z']}"
105,250,Ethical Hackers Club,"{'challenge_name': ['Another one', 'Sparks', 'Welcome'], 'challenge_category': ['Web', 'Osint', 'Misc'], 'challenge_points': ['100', '100', '50'], 'solve_time': ['2024-10-26T17:44:58.021008Z', '2024-10-26T16:43:59.908830Z', '2024-10-26T12:27:47.042715Z']}"
106,250,BKDN_SSW,"{'challenge_name': ['Another one', 'Sparks', 'Welcome'], 'challenge_category': ['Web', 'Osint', 'Misc'], 'challenge_points': ['100', '100', '50'], 'solve_time': ['2024-10-26T18:16:31.103393Z', '2024-10-26T15:38:06.639875Z', '2024-10-26T02:13:32.763407Z']}"
107,250,Frozen Flags,"{'challenge_name': ['Sparks', 'Another one', 'Welcome'], 'challenge_category': ['Osint', 'Web', 'Misc'], 'challenge_points': ['100', '100', '50'], 'solve_time': ['2024-10-26T18:19:38.841619Z', '2024-10-26T17:50:03.627639Z', '2024-10-26T15:10:58.456528Z']}"
108,250,HTBL,"{'challenge_name': ['Another one', 'Sparks', 'Welcome'], 'challenge_category': ['Web', 'Osint', 'Misc'], 'challenge_points': ['100', '100', '50'], 'solve_time': ['2024-10-26T18:24:57.893703Z', '2024-10-26T11:56:57.430372Z', '2024-10-26T02:07:17.666346Z']}"
109,250,ZeroDay,"{'challenge_name': ['Another one', 'Sparks', 'Welcome'], 'challenge_category': ['Web', 'Osint', 'Misc'], 'challenge_points': ['100', '100', '50'], 'solve_time': ['2024-10-26T18:49:09.549412Z', '2024-10-26T14:21:46.394010Z', '2024-10-26T02:25:27.874716Z']}"
110,250,TAS.banhmicay,"{'challenge_name': ['Home sweet home', 'Sparks', 'Welcome'], 'challenge_category': ['Osint', 'Osint', 'Misc'], 'challenge_points': ['100', '100', '50'], 'solve_time': ['2024-10-27T02:01:17.602079Z', '2024-10-26T14:03:28.939177Z', '2024-10-26T02:43:46.332215Z']}"
111,250,Asunto Interno,"{'challenge_name': ['Home sweet home', 'Sparks', 'Welcome'], 'challenge_category': ['Osint', 'Osint', 'Misc'], 'challenge_points': ['100', '100', '50'], 'solve_time': ['2024-10-27T04:22:06.271200Z', '2024-10-26T17:50:16.062205Z', '2024-10-26T02:05:23.890900Z']}"
112,250,bluecyber,"{'challenge_name': ['re01', 'Another one', 'Welcome'], 'challenge_category': ['Reverse Engineering', 'Web', 'Misc'], 'challenge_points': ['100', '100', '50'], 'solve_time': ['2024-10-27T05:19:29.834228Z', '2024-10-26T09:10:29.004719Z', '2024-10-26T02:14:59.805107Z']}"
113,250,VN2667,"{'challenge_name': ['Home sweet home', 'Sparks', 'Welcome'], 'challenge_category': ['Osint', 'Osint', 'Misc'], 'challenge_points': ['100', '100', '50'], 'solve_time': ['2024-10-27T06:14:37.215558Z', '2024-10-27T05:21:52.978079Z', '2024-10-26T02:17:35.365721Z']}"
114,250,ins0m1a_√òwls,"{'challenge_name': ['Home sweet home', 'Sparks', 'Welcome'], 'challenge_category': ['Osint', 'Osint', 'Misc'], 'challenge_points': ['100', '100', '50'], 'solve_time': ['2024-10-27T08:04:06.172791Z', '2024-10-26T11:30:42.570897Z', '2024-10-26T02:43:59.860550Z']}"
115,250,CyberCellVIIT,"{'challenge_name': ['Home sweet home', 'Sparks', 'Welcome'], 'challenge_category': ['Osint', 'Osint', 'Misc'], 'challenge_points': ['100', '100', '50'], 'solve_time': ['2024-10-27T09:21:51.870092Z', '2024-10-27T05:10:22.163900Z', '2024-10-26T02:24:17.784377Z']}"
116,250,abcd,"{'challenge_name': ['Sparks', 'X √âc √âc', 'Welcome'], 'challenge_category': ['Osint', 'Web', 'Misc'], 'challenge_points': ['100', '100', '50'], 'solve_time': ['2024-10-27T09:33:02.609151Z', '2024-10-26T18:29:52.426413Z', '2024-10-26T02:34:30.423163Z']}"
117,250,C4n't_f@i1_k0mputer+4rchit3c7urE,"{'challenge_name': ['Home sweet home', 'Sparks', 'Welcome'], 'challenge_category': ['Osint', 'Osint', 'Misc'], 'challenge_points': ['100', '100', '50'], 'solve_time': ['2024-10-27T09:33:37.063478Z', '2024-10-26T21:32:15.863034Z', '2024-10-26T02:09:55.015726Z']}"
118,200,nothing,"{'challenge_name': ['Another one', 'X √âc √âc'], 'challenge_category': ['Web', 'Web'], 'challenge_points': ['100', '100'], 'solve_time': ['2024-10-26T07:55:13.566229Z', '2024-10-26T07:54:38.396280Z']}"
119,200,Cybernetic,"{'challenge_name': ['Sparks', 'Another one'], 'challenge_category': ['Osint', 'Web'], 'challenge_points': ['100', '100'], 'solve_time': ['2024-10-26T12:09:53.039135Z', '2024-10-26T09:06:44.588438Z']}"
120,200,CyField,"{'challenge_name': ['Another one', 'Corrupted Hard Drive'], 'challenge_category': ['Web', 'Forensics'], 'challenge_points': ['100', '100'], 'solve_time': ['2024-10-26T17:21:59.220601Z', '2024-10-26T05:44:31.672400Z']}"
121,200,CƒÉn C∆∞·ªõc Nh√¢n D√¢n,"{'challenge_name': ['CPUsage', 'Corrupted Hard Drive'], 'challenge_category': ['Forensics', 'Forensics'], 'challenge_points': ['100', '100'], 'solve_time': ['2024-10-26T22:09:02.211567Z', '2024-10-26T07:04:55.747563Z']}"
122,200,X,"{'challenge_name': ['Home sweet home', 'Sparks'], 'challenge_category': ['Osint', 'Osint'], 'challenge_points': ['100', '100'], 'solve_time': ['2024-10-27T03:59:53.081722Z', '2024-10-26T17:41:08.096296Z']}"
123,150,Caballo,"{'challenge_name': ['Welcome', 'X √âc √âc'], 'challenge_category': ['Misc', 'Web'], 'challenge_points': ['50', '100'], 'solve_time': ['2024-10-26T05:43:27.123097Z', '2024-10-26T04:53:53.395182Z']}"
124,150,BKDN_n3wb13,"{'challenge_name': ['ShareMixer1', 'Welcome'], 'challenge_category': ['Cryptography', 'Misc'], 'challenge_points': ['100', '50'], 'solve_time': ['2024-10-26T09:45:32.662364Z', '2024-10-26T02:05:36.077782Z']}"
125,150,Lonely Flooc,"{'challenge_name': ['re01', 'Welcome'], 'challenge_category': ['Reverse Engineering', 'Misc'], 'challenge_points': ['100', '50'], 'solve_time': ['2024-10-26T11:23:42.681062Z', '2024-10-26T10:38:15.175096Z']}"
126,150,TheMusketeers,"{'challenge_name': ['Sparks', 'Welcome'], 'challenge_category': ['Osint', 'Misc'], 'challenge_points': ['100', '50'], 'solve_time': ['2024-10-26T11:51:22.016884Z', '2024-10-26T02:15:33.183818Z']}"
127,150,Moodeng,"{'challenge_name': ['Sparks', 'Welcome'], 'challenge_category': ['Osint', 'Misc'], 'challenge_points': ['100', '50'], 'solve_time': ['2024-10-26T12:02:37.023287Z', '2024-10-26T10:58:08.305172Z']}"
128,150,TAM1,"{'challenge_name': ['Sparks', 'Welcome'], 'challenge_category': ['Osint', 'Misc'], 'challenge_points': ['100', '50'], 'solve_time': ['2024-10-26T12:07:35.888275Z', '2024-10-26T02:05:15.374955Z']}"
129,150,Glory Glory FPTU,"{'challenge_name': ['Sparks', 'Welcome'], 'challenge_category': ['Osint', 'Misc'], 'challenge_points': ['100', '50'], 'solve_time': ['2024-10-26T12:32:31.921086Z', '2024-10-26T02:17:20.224386Z']}"
130,150,encuetee,"{'challenge_name': ['Sparks', 'Welcome'], 'challenge_category': ['Osint', 'Misc'], 'challenge_points': ['100', '50'], 'solve_time': ['2024-10-26T12:46:03.243845Z', '2024-10-26T02:08:58.292328Z']}"
131,150,salad_var,"{'challenge_name': ['Another one', 'Welcome'], 'challenge_category': ['Web', 'Misc'], 'challenge_points': ['100', '50'], 'solve_time': ['2024-10-26T12:47:11.769279Z', '2024-10-26T04:04:58.848967Z']}"
132,150,whales,"{'challenge_name': ['Sparks', 'Welcome'], 'challenge_category': ['Osint', 'Misc'], 'challenge_points': ['100', '50'], 'solve_time': ['2024-10-26T12:50:21.315171Z', '2024-10-26T02:13:34.511541Z']}"
133,150,ILMFW03,"{'challenge_name': ['Welcome', 'Sparks'], 'challenge_category': ['Misc', 'Osint'], 'challenge_points': ['50', '100'], 'solve_time': ['2024-10-26T12:53:46.500620Z', '2024-10-26T12:38:09.260650Z']}"
134,150,1ntrud3rs,"{'challenge_name': ['Sparks', 'Welcome'], 'challenge_category': ['Osint', 'Misc'], 'challenge_points': ['100', '50'], 'solve_time': ['2024-10-26T12:55:03.537337Z', '2024-10-26T02:53:34.994481Z']}"
135,150,Tnhh2tv,"{'challenge_name': ['Sparks', 'Welcome'], 'challenge_category': ['Osint', 'Misc'], 'challenge_points': ['100', '50'], 'solve_time': ['2024-10-26T12:56:51.882833Z', '2024-10-26T04:21:55.867665Z']}"
136,150,bro,"{'challenge_name': ['Welcome', 'Sparks'], 'challenge_category': ['Misc', 'Osint'], 'challenge_points': ['50', '100'], 'solve_time': ['2024-10-26T13:31:24.345698Z', '2024-10-26T11:33:19.361434Z']}"
137,150,GrayHercules,"{'challenge_name': ['Welcome', 'Corrupted Hard Drive'], 'challenge_category': ['Misc', 'Forensics'], 'challenge_points': ['50', '100'], 'solve_time': ['2024-10-26T13:57:00.005193Z', '2024-10-26T13:53:12.204308Z']}"
138,150,Execut3,"{'challenge_name': ['Welcome', 'Another one'], 'challenge_category': ['Misc', 'Web'], 'challenge_points': ['50', '100'], 'solve_time': ['2024-10-26T14:08:15.766397Z', '2024-10-26T14:05:40.736160Z']}"
139,150,SafeCat,"{'challenge_name': ['Sparks', 'Welcome'], 'challenge_category': ['Osint', 'Misc'], 'challenge_points': ['100', '50'], 'solve_time': ['2024-10-26T14:23:31.176545Z', '2024-10-26T02:06:39.167689Z']}"
140,150,Invisible,"{'challenge_name': ['Sparks', 'Welcome'], 'challenge_category': ['Osint', 'Misc'], 'challenge_points': ['100', '50'], 'solve_time': ['2024-10-26T14:46:39.482302Z', '2024-10-26T03:29:18.686667Z']}"
141,150,xforce,"{'challenge_name': ['Another one', 'Welcome'], 'challenge_category': ['Web', 'Misc'], 'challenge_points': ['100', '50'], 'solve_time': ['2024-10-26T15:20:53.660299Z', '2024-10-26T02:45:36.873164Z']}"
142,150,Aw4k3n,"{'challenge_name': ['Sparks', 'Welcome'], 'challenge_category': ['Osint', 'Misc'], 'challenge_points': ['100', '50'], 'solve_time': ['2024-10-26T15:36:02.364735Z', '2024-10-26T02:04:56.695429Z']}"
143,150,wekkend,"{'challenge_name': ['Welcome', 'Sparks'], 'challenge_category': ['Misc', 'Osint'], 'challenge_points': ['50', '100'], 'solve_time': ['2024-10-26T15:36:36.151011Z', '2024-10-26T15:25:29.648266Z']}"
144,150,Oldteam,"{'challenge_name': ['Sparks', 'Welcome'], 'challenge_category': ['Osint', 'Misc'], 'challenge_points': ['100', '50'], 'solve_time': ['2024-10-26T15:48:10.227892Z', '2024-10-26T10:21:57.570166Z']}"
145,150,Saimuram,"{'challenge_name': ['Sparks', 'Welcome'], 'challenge_category': ['Osint', 'Misc'], 'challenge_points': ['100', '50'], 'solve_time': ['2024-10-26T16:14:08.031141Z', '2024-10-26T02:06:05.883540Z']}"
146,150,F4LC0NS,"{'challenge_name': ['Another one', 'Welcome'], 'challenge_category': ['Web', 'Misc'], 'challenge_points': ['100', '50'], 'solve_time': ['2024-10-26T16:25:38.235041Z', '2024-10-26T09:31:28.821906Z']}"
147,150,gam3_k1ll3rs,"{'challenge_name': ['Sparks', 'Welcome'], 'challenge_category': ['Osint', 'Misc'], 'challenge_points': ['100', '50'], 'solve_time': ['2024-10-26T17:17:40.637978Z', '2024-10-26T02:05:12.542972Z']}"
148,150,BankarKodF√∂rGifflar,"{'challenge_name': ['Welcome', 'Sparks'], 'challenge_category': ['Misc', 'Osint'], 'challenge_points': ['50', '100'], 'solve_time': ['2024-10-26T18:09:51.121616Z', '2024-10-26T16:27:13.104188Z']}"
149,150,HawkSec,"{'challenge_name': ['Sparks', 'Welcome'], 'challenge_category': ['Osint', 'Misc'], 'challenge_points': ['100', '50'], 'solve_time': ['2024-10-26T19:27:52.521116Z', '2024-10-26T17:43:09.642328Z']}"
150,150,abcxyz,"{'challenge_name': ['Sparks', 'Welcome'], 'challenge_category': ['Osint', 'Misc'], 'challenge_points': ['100', '50'], 'solve_time': ['2024-10-26T19:40:25.205567Z', '2024-10-26T02:07:11.641870Z']}"
151,150,i am Yuhell,"{'challenge_name': ['Sparks', 'Welcome'], 'challenge_category': ['Osint', 'Misc'], 'challenge_points': ['100', '50'], 'solve_time': ['2024-10-26T19:47:43.915530Z', '2024-10-26T16:17:38.483399Z']}"
152,150,BITSkrieg,"{'challenge_name': ['CPUsage', 'Welcome'], 'challenge_category': ['Forensics', 'Misc'], 'challenge_points': ['100', '50'], 'solve_time': ['2024-10-26T21:16:08.007033Z', '2024-10-26T20:14:58.846973Z']}"
153,150,VSL 4,"{'challenge_name': ['Sparks', 'Welcome'], 'challenge_category': ['Osint', 'Misc'], 'challenge_points': ['100', '50'], 'solve_time': ['2024-10-27T01:32:29.976092Z', '2024-10-26T02:11:49.139420Z']}"
154,150,PwnStars‚ú®,"{'challenge_name': ['shellcode 1', 'Welcome'], 'challenge_category': ['PWN', 'Misc'], 'challenge_points': ['100', '50'], 'solve_time': ['2024-10-27T04:35:57.844944Z', '2024-10-26T07:22:46.682270Z']}"
155,150,V∆∞·ª£ng‚Äôs Vanguard VinUnians,"{'challenge_name': ['Welcome', 'shellcode 1'], 'challenge_category': ['Misc', 'PWN'], 'challenge_points': ['50', '100'], 'solve_time': ['2024-10-27T05:25:37.904613Z', '2024-10-27T05:23:09.090583Z']}"
156,150,~(FTW),"{'challenge_name': ['Sparks', 'Welcome'], 'challenge_category': ['Osint', 'Misc'], 'challenge_points': ['100', '50'], 'solve_time': ['2024-10-27T06:39:01.859225Z', '2024-10-27T06:06:50.343355Z']}"
157,150,TAS.D·∫£kSide,"{'challenge_name': ['Another one', 'Welcome'], 'challenge_category': ['Web', 'Misc'], 'challenge_points': ['100', '50'], 'solve_time': ['2024-10-27T08:37:22.255900Z', '2024-10-26T02:04:40.058762Z']}"
158,100,ARESx,"{'challenge_name': ['The Chamber of Flag'], 'challenge_category': ['Reverse Engineering'], 'challenge_points': ['100'], 'solve_time': ['2024-10-26T10:15:13.807487Z']}"
159,100,asdadad,"{'challenge_name': ['shellcode 1'], 'challenge_category': ['PWN'], 'challenge_points': ['100'], 'solve_time': ['2024-10-26T10:19:16.601025Z']}"
160,100,AAAAAAAAAAAAAAAAAAAAAAAAAAAAAAAAAAAAAAAAAAAA,"{'challenge_name': ['Another one'], 'challenge_category': ['Web'], 'challenge_points': ['100'], 'solve_time': ['2024-10-26T12:05:21.443377Z']}"
161,100,XXXX,"{'challenge_name': ['Sparks'], 'challenge_category': ['Osint'], 'challenge_points': ['100'], 'solve_time': ['2024-10-26T12:44:57.858229Z']}"
162,100,DwD,"{'challenge_name': ['Sparks'], 'challenge_category': ['Osint'], 'challenge_points': ['100'], 'solve_time': ['2024-10-26T13:53:52.238607Z']}"
163,100,Siuuuuuuu,"{'challenge_name': ['Sparks'], 'challenge_category': ['Osint'], 'challenge_points': ['100'], 'solve_time': ['2024-10-26T13:57:05.976561Z']}"
164,100,This1sFine,"{'challenge_name': ['Sparks'], 'challenge_category': ['Osint'], 'challenge_points': ['100'], 'solve_time': ['2024-10-26T15:40:56.351232Z']}"
165,100,fhnbvgy,"{'challenge_name': ['Sparks'], 'challenge_category': ['Osint'], 'challenge_points': ['100'], 'solve_time': ['2024-10-26T16:42:29.964481Z']}"
166,100,:?,"{'challenge_name': ['X √âc √âc'], 'challenge_category': ['Web'], 'challenge_points': ['100'], 'solve_time': ['2024-10-26T16:46:25.394110Z']}"
167,100,SilverOrigami,"{'challenge_name': ['Sparks'], 'challenge_category': ['Osint'], 'challenge_points': ['100'], 'solve_time': ['2024-10-26T17:15:49.860827Z']}"
168,100,k0kos,"{'challenge_name': ['Sparks'], 'challenge_category': ['Osint'], 'challenge_points': ['100'], 'solve_time': ['2024-10-26T17:30:16.525042Z']}"
169,100,omachi,"{'challenge_name': ['Sparks'], 'challenge_category': ['Osint'], 'challenge_points': ['100'], 'solve_time': ['2024-10-26T18:27:39.296722Z']}"
170,100,SP4RTAN-NA,"{'challenge_name': ['Another one'], 'challenge_category': ['Web'], 'challenge_points': ['100'], 'solve_time': ['2024-10-26T21:49:13.853948Z']}"
171,100,J4ckP0t,"{'challenge_name': ['shellcode 2'], 'challenge_category': ['PWN'], 'challenge_points': ['100'], 'solve_time': ['2024-10-27T04:48:43.358756Z']}"
172,100,sesac1,"{'challenge_name': ['Sparks'], 'challenge_category': ['Osint'], 'challenge_points': ['100'], 'solve_time': ['2024-10-27T05:07:42.904141Z']}"
173,100,dipping_source,"{'challenge_name': ['Another one'], 'challenge_category': ['Web'], 'challenge_points': ['100'], 'solve_time': ['2024-10-27T07:34:55.326148Z']}"
174,100,WeAre,"{'challenge_name': ['animal'], 'challenge_category': ['Reverse Engineering'], 'challenge_points': ['100'], 'solve_time': ['2024-10-27T08:22:11.416347Z']}"
