Position,name,points,challenge
1,SiestaFiestaPwneameEsta,3094,"{'challenge_name': ['Sanity Check', 'pickle soup', 'Strange noise', ""A car hacker's first steps"", ""KIRBY'S FLAG"", 'XORed picture', 'PIETcture', 'Small RSA', 'datadestroyer9000', 'Identity Theft', 'SmallAuth', 'Susculator', 'DroidCryptor', 'Magical Advisor', 'Hypwn', 'Locked Door', 'GoSecureIt', 'Cookie Shop', 'ImgPlace'], 'challenge_category': ['misc', 'misc', 'misc', 'misc', 'misc', 'misc', 'misc', 'crypto', 'crypto', 'crypto', 'crypto', 'reverse', 'reverse', 'reverse', 'pwn', 'web', 'web', 'web', 'web'], 'challenge_points': ['50', '66', '96', '144', '50', '74', '222', '244', '303', '303', '286', '92', '144', '244', '394', '50', '50', '50', '232'], 'solve_time': ['Sat, 14 Dec 2024 13:00:13 GMT', 'Sat, 14 Dec 2024 13:43:21 GMT', 'Sat, 14 Dec 2024 14:50:51 GMT', 'Sat, 14 Dec 2024 15:54:19 GMT', 'Sat, 14 Dec 2024 14:12:14 GMT', 'Sat, 14 Dec 2024 13:11:11 GMT', 'Sat, 14 Dec 2024 15:30:07 GMT', 'Sat, 14 Dec 2024 14:07:23 GMT', 'Sat, 14 Dec 2024 16:13:00 GMT', 'Sat, 14 Dec 2024 14:13:36 GMT', 'Sat, 14 Dec 2024 15:03:52 GMT', 'Sat, 14 Dec 2024 15:53:41 GMT', 'Sat, 14 Dec 2024 15:18:19 GMT', 'Sat, 14 Dec 2024 17:42:15 GMT', 'Sat, 14 Dec 2024 15:44:03 GMT', 'Sat, 14 Dec 2024 13:24:09 GMT', 'Sat, 14 Dec 2024 13:08:10 GMT', 'Sat, 14 Dec 2024 13:02:31 GMT', 'Sat, 14 Dec 2024 13:20:48 GMT']}"
2,ByteTheCookies,2700,"{'challenge_name': ['Sanity Check', 'pickle soup', 'Strange noise', ""A car hacker's first steps"", ""KIRBY'S FLAG"", 'XORed picture', 'PIETcture', 'Small RSA', 'datadestroyer9000', 'Identity Theft', 'SmallAuth', 'Susculator', 'DroidCryptor', 'Magical Advisor', 'Locked Door', 'GoSecureIt', 'Cookie Shop', 'ImgPlace'], 'challenge_category': ['misc', 'misc', 'misc', 'misc', 'misc', 'misc', 'misc', 'crypto', 'crypto', 'crypto', 'crypto', 'reverse', 'reverse', 'reverse', 'web', 'web', 'web', 'web'], 'challenge_points': ['50', '66', '96', '144', '50', '74', '222', '244', '303', '303', '286', '92', '144', '244', '50', '50', '50', '232'], 'solve_time': ['Sat, 14 Dec 2024 13:00:31 GMT', 'Sat, 14 Dec 2024 14:16:28 GMT', 'Sat, 14 Dec 2024 15:45:22 GMT', 'Sat, 14 Dec 2024 16:54:52 GMT', 'Sat, 14 Dec 2024 15:01:46 GMT', 'Sat, 14 Dec 2024 14:06:48 GMT', 'Sat, 14 Dec 2024 17:14:54 GMT', 'Sat, 14 Dec 2024 13:31:03 GMT', 'Sat, 14 Dec 2024 15:08:10 GMT', 'Sat, 14 Dec 2024 13:52:35 GMT', 'Sat, 14 Dec 2024 15:27:23 GMT', 'Sat, 14 Dec 2024 13:15:24 GMT', 'Sat, 14 Dec 2024 16:52:22 GMT', 'Sat, 14 Dec 2024 14:23:46 GMT', 'Sat, 14 Dec 2024 13:25:59 GMT', 'Sat, 14 Dec 2024 13:09:34 GMT', 'Sat, 14 Dec 2024 13:06:21 GMT', 'Sat, 14 Dec 2024 14:11:17 GMT']}"
3,napwnli,2700,"{'challenge_name': ['Sanity Check', 'pickle soup', 'Strange noise', ""A car hacker's first steps"", ""KIRBY'S FLAG"", 'XORed picture', 'PIETcture', 'Small RSA', 'datadestroyer9000', 'Identity Theft', 'SmallAuth', 'Susculator', 'DroidCryptor', 'Magical Advisor', 'Locked Door', 'GoSecureIt', 'Cookie Shop', 'ImgPlace'], 'challenge_category': ['misc', 'misc', 'misc', 'misc', 'misc', 'misc', 'misc', 'crypto', 'crypto', 'crypto', 'crypto', 'reverse', 'reverse', 'reverse', 'web', 'web', 'web', 'web'], 'challenge_points': ['50', '66', '96', '144', '50', '74', '222', '244', '303', '303', '286', '92', '144', '244', '50', '50', '50', '232'], 'solve_time': ['Sat, 14 Dec 2024 13:22:38 GMT', 'Sat, 14 Dec 2024 14:12:42 GMT', 'Sat, 14 Dec 2024 14:24:08 GMT', 'Sat, 14 Dec 2024 14:55:41 GMT', 'Sat, 14 Dec 2024 14:34:07 GMT', 'Sat, 14 Dec 2024 14:53:56 GMT', 'Sat, 14 Dec 2024 16:47:56 GMT', 'Sat, 14 Dec 2024 15:31:40 GMT', 'Sat, 14 Dec 2024 17:37:20 GMT', 'Sat, 14 Dec 2024 16:06:47 GMT', 'Sat, 14 Dec 2024 17:14:43 GMT', 'Sat, 14 Dec 2024 15:34:27 GMT', 'Sat, 14 Dec 2024 17:07:47 GMT', 'Sat, 14 Dec 2024 16:51:50 GMT', 'Sat, 14 Dec 2024 13:56:14 GMT', 'Sat, 14 Dec 2024 14:08:04 GMT', 'Sat, 14 Dec 2024 13:47:20 GMT', 'Sat, 14 Dec 2024 14:00:54 GMT']}"
4,CyberTaskForce Zero,2456,"{'challenge_name': ['Sanity Check', 'pickle soup', 'Strange noise', ""A car hacker's first steps"", ""KIRBY'S FLAG"", 'XORed picture', 'PIETcture', 'Small RSA', 'datadestroyer9000', 'Identity Theft', 'SmallAuth', 'Susculator', 'DroidCryptor', 'Locked Door', 'GoSecureIt', 'Cookie Shop', 'ImgPlace'], 'challenge_category': ['misc', 'misc', 'misc', 'misc', 'misc', 'misc', 'misc', 'crypto', 'crypto', 'crypto', 'crypto', 'reverse', 'reverse', 'web', 'web', 'web', 'web'], 'challenge_points': ['50', '66', '96', '144', '50', '74', '222', '244', '303', '303', '286', '92', '144', '50', '50', '50', '232'], 'solve_time': ['Sat, 14 Dec 2024 15:37:58 GMT', 'Sat, 14 Dec 2024 16:10:29 GMT', 'Sat, 14 Dec 2024 17:02:49 GMT', 'Sat, 14 Dec 2024 17:12:52 GMT', 'Sat, 14 Dec 2024 17:23:32 GMT', 'Sat, 14 Dec 2024 17:28:32 GMT', 'Sat, 14 Dec 2024 17:32:58 GMT', 'Sat, 14 Dec 2024 15:03:51 GMT', 'Sat, 14 Dec 2024 17:46:01 GMT', 'Sat, 14 Dec 2024 17:27:19 GMT', 'Sat, 14 Dec 2024 15:39:22 GMT', 'Sat, 14 Dec 2024 17:57:40 GMT', 'Sat, 14 Dec 2024 17:57:50 GMT', 'Sat, 14 Dec 2024 16:32:56 GMT', 'Sat, 14 Dec 2024 16:17:20 GMT', 'Sat, 14 Dec 2024 16:13:04 GMT', 'Sat, 14 Dec 2024 16:55:54 GMT']}"
5,pwnlentoni,1928,"{'challenge_name': ['Sanity Check', ""KIRBY'S FLAG"", 'XORed picture', 'Small RSA', 'datadestroyer9000', 'Identity Theft', 'SmallAuth', 'Susculator', 'DroidCryptor', 'Locked Door', 'GoSecureIt', 'Cookie Shop', 'ImgPlace'], 'challenge_category': ['misc', 'misc', 'misc', 'crypto', 'crypto', 'crypto', 'crypto', 'reverse', 'reverse', 'web', 'web', 'web', 'web'], 'challenge_points': ['50', '50', '74', '244', '303', '303', '286', '92', '144', '50', '50', '50', '232'], 'solve_time': ['Sat, 14 Dec 2024 14:03:35 GMT', 'Sat, 14 Dec 2024 17:57:06 GMT', 'Sat, 14 Dec 2024 14:18:32 GMT', 'Sat, 14 Dec 2024 13:58:53 GMT', 'Sat, 14 Dec 2024 15:36:25 GMT', 'Sat, 14 Dec 2024 13:29:06 GMT', 'Sat, 14 Dec 2024 15:01:07 GMT', 'Sat, 14 Dec 2024 15:31:56 GMT', 'Sat, 14 Dec 2024 16:09:26 GMT', 'Sat, 14 Dec 2024 14:10:50 GMT', 'Sat, 14 Dec 2024 13:59:10 GMT', 'Sat, 14 Dec 2024 13:01:50 GMT', 'Sat, 14 Dec 2024 14:43:12 GMT']}"
6,Koko,1808,"{'challenge_name': ['Sanity Check', 'pickle soup', 'Strange noise', ""A car hacker's first steps"", ""KIRBY'S FLAG"", 'XORed picture', 'PIETcture', 'Small RSA', 'Susculator', 'DroidCryptor', 'Magical Advisor', 'Locked Door', 'GoSecureIt', 'Cookie Shop', 'ImgPlace'], 'challenge_category': ['misc', 'misc', 'misc', 'misc', 'misc', 'misc', 'misc', 'crypto', 'reverse', 'reverse', 'reverse', 'web', 'web', 'web', 'web'], 'challenge_points': ['50', '66', '96', '144', '50', '74', '222', '244', '92', '144', '244', '50', '50', '50', '232'], 'solve_time': ['Sat, 14 Dec 2024 13:04:33 GMT', 'Sat, 14 Dec 2024 13:32:21 GMT', 'Sat, 14 Dec 2024 14:25:38 GMT', 'Sat, 14 Dec 2024 14:55:34 GMT', 'Sat, 14 Dec 2024 13:51:00 GMT', 'Sat, 14 Dec 2024 13:47:16 GMT', 'Sat, 14 Dec 2024 14:52:28 GMT', 'Sat, 14 Dec 2024 15:35:23 GMT', 'Sat, 14 Dec 2024 15:02:28 GMT', 'Sat, 14 Dec 2024 15:26:54 GMT', 'Sat, 14 Dec 2024 17:05:47 GMT', 'Sat, 14 Dec 2024 15:07:57 GMT', 'Sat, 14 Dec 2024 13:24:22 GMT', 'Sat, 14 Dec 2024 13:09:11 GMT', 'Sat, 14 Dec 2024 16:16:18 GMT']}"
7,meow,1603,"{'challenge_name': ['Sanity Check', 'pickle soup', ""A car hacker's first steps"", ""KIRBY'S FLAG"", 'XORed picture', 'Identity Theft', 'SmallAuth', 'Susculator', 'DroidCryptor', 'Magical Advisor', 'Locked Door', 'GoSecureIt', 'Cookie Shop'], 'challenge_category': ['misc', 'misc', 'misc', 'misc', 'misc', 'crypto', 'crypto', 'reverse', 'reverse', 'reverse', 'web', 'web', 'web'], 'challenge_points': ['50', '66', '144', '50', '74', '303', '286', '92', '144', '244', '50', '50', '50'], 'solve_time': ['Sat, 14 Dec 2024 14:27:09 GMT', 'Sat, 14 Dec 2024 15:42:41 GMT', 'Sat, 14 Dec 2024 16:30:37 GMT', 'Sat, 14 Dec 2024 16:45:40 GMT', 'Sat, 14 Dec 2024 16:18:34 GMT', 'Sat, 14 Dec 2024 14:20:57 GMT', 'Sat, 14 Dec 2024 14:32:50 GMT', 'Sat, 14 Dec 2024 14:47:56 GMT', 'Sat, 14 Dec 2024 16:09:01 GMT', 'Sat, 14 Dec 2024 15:03:06 GMT', 'Sat, 14 Dec 2024 14:38:30 GMT', 'Sat, 14 Dec 2024 15:08:45 GMT', 'Sat, 14 Dec 2024 15:10:11 GMT']}"
8,Paolo,1586,"{'challenge_name': ['Sanity Check', 'pickle soup', 'Strange noise', ""A car hacker's first steps"", ""KIRBY'S FLAG"", 'XORed picture', 'Small RSA', 'Susculator', 'DroidCryptor', 'Magical Advisor', 'Locked Door', 'GoSecureIt', 'Cookie Shop', 'ImgPlace'], 'challenge_category': ['misc', 'misc', 'misc', 'misc', 'misc', 'misc', 'crypto', 'reverse', 'reverse', 'reverse', 'web', 'web', 'web', 'web'], 'challenge_points': ['50', '66', '96', '144', '50', '74', '244', '92', '144', '244', '50', '50', '50', '232'], 'solve_time': ['Sat, 14 Dec 2024 13:35:23 GMT', 'Sat, 14 Dec 2024 14:17:39 GMT', 'Sat, 14 Dec 2024 14:51:45 GMT', 'Sat, 14 Dec 2024 16:45:44 GMT', 'Sat, 14 Dec 2024 13:52:09 GMT', 'Sat, 14 Dec 2024 15:26:55 GMT', 'Sat, 14 Dec 2024 17:52:34 GMT', 'Sat, 14 Dec 2024 13:29:06 GMT', 'Sat, 14 Dec 2024 17:47:42 GMT', 'Sat, 14 Dec 2024 15:43:47 GMT', 'Sat, 14 Dec 2024 13:17:50 GMT', 'Sat, 14 Dec 2024 13:10:29 GMT', 'Sat, 14 Dec 2024 13:01:08 GMT', 'Sat, 14 Dec 2024 14:45:28 GMT']}"
9,overclock,1575,"{'challenge_name': ['Sanity Check', 'Strange noise', ""A car hacker's first steps"", ""KIRBY'S FLAG"", 'Small RSA', 'datadestroyer9000', 'DroidCryptor', 'Hypwn', 'Locked Door', 'GoSecureIt', 'Cookie Shop'], 'challenge_category': ['misc', 'misc', 'misc', 'misc', 'crypto', 'crypto', 'reverse', 'pwn', 'web', 'web', 'web'], 'challenge_points': ['50', '96', '144', '50', '244', '303', '144', '394', '50', '50', '50'], 'solve_time': ['Sat, 14 Dec 2024 13:00:11 GMT', 'Sat, 14 Dec 2024 14:59:10 GMT', 'Sat, 14 Dec 2024 15:28:59 GMT', 'Sat, 14 Dec 2024 16:18:14 GMT', 'Sat, 14 Dec 2024 15:08:23 GMT', 'Sat, 14 Dec 2024 17:17:06 GMT', 'Sat, 14 Dec 2024 15:39:19 GMT', 'Sat, 14 Dec 2024 17:51:15 GMT', 'Sat, 14 Dec 2024 14:23:05 GMT', 'Sat, 14 Dec 2024 13:05:36 GMT', 'Sat, 14 Dec 2024 13:08:17 GMT']}"
10,Xp0int,1295,"{'challenge_name': ['Sanity Check', 'Strange noise', ""KIRBY'S FLAG"", 'XORed picture', 'Small RSA', 'datadestroyer9000', 'SmallAuth', 'Susculator', 'GoSecureIt', 'Cookie Shop'], 'challenge_category': ['misc', 'misc', 'misc', 'misc', 'crypto', 'crypto', 'crypto', 'reverse', 'web', 'web'], 'challenge_points': ['50', '96', '50', '74', '244', '303', '286', '92', '50', '50'], 'solve_time': ['Sat, 14 Dec 2024 13:18:04 GMT', 'Sat, 14 Dec 2024 14:47:10 GMT', 'Sat, 14 Dec 2024 14:23:55 GMT', 'Sat, 14 Dec 2024 14:16:15 GMT', 'Sat, 14 Dec 2024 14:59:37 GMT', 'Sat, 14 Dec 2024 16:57:52 GMT', 'Sat, 14 Dec 2024 16:20:19 GMT', 'Sat, 14 Dec 2024 17:45:25 GMT', 'Sat, 14 Dec 2024 14:02:14 GMT', 'Sat, 14 Dec 2024 13:21:00 GMT']}"
11,Ireland Without the RE,1262,"{'challenge_name': ['Sanity Check', 'Strange noise', ""KIRBY'S FLAG"", 'XORed picture', 'PIETcture', 'Small RSA', 'DroidCryptor', 'Locked Door', 'GoSecureIt', 'Cookie Shop', 'ImgPlace'], 'challenge_category': ['misc', 'misc', 'misc', 'misc', 'misc', 'crypto', 'reverse', 'web', 'web', 'web', 'web'], 'challenge_points': ['50', '96', '50', '74', '222', '244', '144', '50', '50', '50', '232'], 'solve_time': ['Sat, 14 Dec 2024 16:43:33 GMT', 'Sat, 14 Dec 2024 17:38:52 GMT', 'Sat, 14 Dec 2024 17:23:20 GMT', 'Sat, 14 Dec 2024 17:25:31 GMT', 'Sat, 14 Dec 2024 17:45:23 GMT', 'Sat, 14 Dec 2024 17:48:19 GMT', 'Sat, 14 Dec 2024 17:58:51 GMT', 'Sat, 14 Dec 2024 16:52:36 GMT', 'Sat, 14 Dec 2024 16:46:45 GMT', 'Sat, 14 Dec 2024 16:44:52 GMT', 'Sat, 14 Dec 2024 17:20:58 GMT']}"
12,salentoKing,1198,"{'challenge_name': ['Sanity Check', 'pickle soup', 'Strange noise', ""KIRBY'S FLAG"", 'XORed picture', 'Susculator', 'DroidCryptor', 'Magical Advisor', 'Locked Door', 'GoSecureIt', 'Cookie Shop', 'ImgPlace'], 'challenge_category': ['misc', 'misc', 'misc', 'misc', 'misc', 'reverse', 'reverse', 'reverse', 'web', 'web', 'web', 'web'], 'challenge_points': ['50', '66', '96', '50', '74', '92', '144', '244', '50', '50', '50', '232'], 'solve_time': ['Sat, 14 Dec 2024 13:00:17 GMT', 'Sat, 14 Dec 2024 13:03:16 GMT', 'Sat, 14 Dec 2024 17:28:42 GMT', 'Sat, 14 Dec 2024 14:18:32 GMT', 'Sat, 14 Dec 2024 17:16:42 GMT', 'Sat, 14 Dec 2024 14:09:09 GMT', 'Sat, 14 Dec 2024 15:09:42 GMT', 'Sat, 14 Dec 2024 16:27:11 GMT', 'Sat, 14 Dec 2024 13:39:37 GMT', 'Sat, 14 Dec 2024 13:06:10 GMT', 'Sat, 14 Dec 2024 13:07:48 GMT', 'Sat, 14 Dec 2024 13:20:48 GMT']}"
13,Quantum Binary Research,979,"{'challenge_name': ['Sanity Check', 'pickle soup', ""KIRBY'S FLAG"", 'XORed picture', 'Small RSA', 'datadestroyer9000', 'Susculator', 'Locked Door', 'GoSecureIt'], 'challenge_category': ['misc', 'misc', 'misc', 'misc', 'crypto', 'crypto', 'reverse', 'web', 'web'], 'challenge_points': ['50', '66', '50', '74', '244', '303', '92', '50', '50'], 'solve_time': ['Sat, 14 Dec 2024 15:23:21 GMT', 'Sat, 14 Dec 2024 15:27:06 GMT', 'Sat, 14 Dec 2024 16:01:25 GMT', 'Sat, 14 Dec 2024 15:39:46 GMT', 'Sat, 14 Dec 2024 13:41:24 GMT', 'Sat, 14 Dec 2024 14:04:59 GMT', 'Sat, 14 Dec 2024 16:06:27 GMT', 'Sat, 14 Dec 2024 16:46:52 GMT', 'Sat, 14 Dec 2024 16:48:28 GMT']}"
14,404 - Skill not Found,963,"{'challenge_name': ['Sanity Check', 'Strange noise', ""KIRBY'S FLAG"", 'PIETcture', 'Identity Theft', 'Susculator', 'Locked Door', 'GoSecureIt', 'Cookie Shop'], 'challenge_category': ['misc', 'misc', 'misc', 'misc', 'crypto', 'reverse', 'web', 'web', 'web'], 'challenge_points': ['50', '96', '50', '222', '303', '92', '50', '50', '50'], 'solve_time': ['Sat, 14 Dec 2024 13:01:46 GMT', 'Sat, 14 Dec 2024 16:29:58 GMT', 'Sat, 14 Dec 2024 15:18:00 GMT', 'Sat, 14 Dec 2024 16:45:29 GMT', 'Sat, 14 Dec 2024 14:13:52 GMT', 'Sat, 14 Dec 2024 17:46:26 GMT', 'Sat, 14 Dec 2024 17:04:34 GMT', 'Sat, 14 Dec 2024 13:31:23 GMT', 'Sat, 14 Dec 2024 13:16:41 GMT']}"
15,teamname,942,"{'challenge_name': ['Sanity Check', 'pickle soup', ""A car hacker's first steps"", ""KIRBY'S FLAG"", 'XORed picture', 'PIETcture', 'Small RSA', 'Susculator'], 'challenge_category': ['misc', 'misc', 'misc', 'misc', 'misc', 'misc', 'crypto', 'reverse'], 'challenge_points': ['50', '66', '144', '50', '74', '222', '244', '92'], 'solve_time': ['Sat, 14 Dec 2024 16:39:11 GMT', 'Sat, 14 Dec 2024 16:42:52 GMT', 'Sat, 14 Dec 2024 16:57:40 GMT', 'Sat, 14 Dec 2024 17:04:52 GMT', 'Sat, 14 Dec 2024 17:09:32 GMT', 'Sat, 14 Dec 2024 17:13:45 GMT', 'Sat, 14 Dec 2024 17:55:43 GMT', 'Sat, 14 Dec 2024 17:56:59 GMT']}"
16,b01lers,936,"{'challenge_name': ['Sanity Check', 'pickle soup', ""KIRBY'S FLAG"", 'XORed picture', 'PIETcture', 'Susculator', 'Locked Door', 'GoSecureIt', 'Cookie Shop', 'ImgPlace'], 'challenge_category': ['misc', 'misc', 'misc', 'misc', 'misc', 'reverse', 'web', 'web', 'web', 'web'], 'challenge_points': ['50', '66', '50', '74', '222', '92', '50', '50', '50', '232'], 'solve_time': ['Sat, 14 Dec 2024 14:53:50 GMT', 'Sat, 14 Dec 2024 16:03:12 GMT', 'Sat, 14 Dec 2024 15:09:14 GMT', 'Sat, 14 Dec 2024 17:01:32 GMT', 'Sat, 14 Dec 2024 17:58:38 GMT', 'Sat, 14 Dec 2024 15:10:41 GMT', 'Sat, 14 Dec 2024 15:43:09 GMT', 'Sat, 14 Dec 2024 15:33:47 GMT', 'Sat, 14 Dec 2024 14:48:08 GMT', 'Sat, 14 Dec 2024 17:46:39 GMT']}"
17,codevinci,870,"{'challenge_name': ['Sanity Check', 'pickle soup', 'Strange noise', ""A car hacker's first steps"", ""KIRBY'S FLAG"", 'PIETcture', 'Susculator', 'Locked Door', 'GoSecureIt', 'Cookie Shop'], 'challenge_category': ['misc', 'misc', 'misc', 'misc', 'misc', 'misc', 'reverse', 'web', 'web', 'web'], 'challenge_points': ['50', '66', '96', '144', '50', '222', '92', '50', '50', '50'], 'solve_time': ['Sat, 14 Dec 2024 13:01:29 GMT', 'Sat, 14 Dec 2024 13:37:02 GMT', 'Sat, 14 Dec 2024 14:12:21 GMT', 'Sat, 14 Dec 2024 14:30:43 GMT', 'Sat, 14 Dec 2024 13:25:44 GMT', 'Sat, 14 Dec 2024 13:38:29 GMT', 'Sat, 14 Dec 2024 14:40:05 GMT', 'Sat, 14 Dec 2024 14:20:55 GMT', 'Sat, 14 Dec 2024 13:14:08 GMT', 'Sat, 14 Dec 2024 13:06:46 GMT']}"
18,3 siciliani e una sarda,852,"{'challenge_name': ['Sanity Check', 'pickle soup', 'Strange noise', ""A car hacker's first steps"", ""KIRBY'S FLAG"", 'XORed picture', 'PIETcture', 'Locked Door', 'GoSecureIt', 'Cookie Shop'], 'challenge_category': ['misc', 'misc', 'misc', 'misc', 'misc', 'misc', 'misc', 'web', 'web', 'web'], 'challenge_points': ['50', '66', '96', '144', '50', '74', '222', '50', '50', '50'], 'solve_time': ['Sat, 14 Dec 2024 13:02:01 GMT', 'Sat, 14 Dec 2024 14:00:43 GMT', 'Sat, 14 Dec 2024 14:47:51 GMT', 'Sat, 14 Dec 2024 14:17:05 GMT', 'Sat, 14 Dec 2024 13:56:59 GMT', 'Sat, 14 Dec 2024 13:18:08 GMT', 'Sat, 14 Dec 2024 15:28:23 GMT', 'Sat, 14 Dec 2024 13:54:05 GMT', 'Sat, 14 Dec 2024 13:30:25 GMT', 'Sat, 14 Dec 2024 13:02:58 GMT']}"
19,whackam0le,850,"{'challenge_name': ['Sanity Check', 'Strange noise', ""KIRBY'S FLAG"", 'XORed picture', 'SmallAuth', 'DroidCryptor', 'Locked Door', 'GoSecureIt', 'Cookie Shop'], 'challenge_category': ['misc', 'misc', 'misc', 'misc', 'crypto', 'reverse', 'web', 'web', 'web'], 'challenge_points': ['50', '96', '50', '74', '286', '144', '50', '50', '50'], 'solve_time': ['Sat, 14 Dec 2024 13:15:24 GMT', 'Sat, 14 Dec 2024 16:32:59 GMT', 'Sat, 14 Dec 2024 14:29:57 GMT', 'Sat, 14 Dec 2024 16:46:39 GMT', 'Sat, 14 Dec 2024 16:02:55 GMT', 'Sat, 14 Dec 2024 15:31:17 GMT', 'Sat, 14 Dec 2024 13:38:32 GMT', 'Sat, 14 Dec 2024 14:07:51 GMT', 'Sat, 14 Dec 2024 13:55:37 GMT']}"
20,Red Army,800,"{'challenge_name': ['Sanity Check', 'Strange noise', ""A car hacker's first steps"", ""KIRBY'S FLAG"", 'XORed picture', 'Susculator', 'DroidCryptor', 'Locked Door', 'GoSecureIt', 'Cookie Shop'], 'challenge_category': ['misc', 'misc', 'misc', 'misc', 'misc', 'reverse', 'reverse', 'web', 'web', 'web'], 'challenge_points': ['50', '96', '144', '50', '74', '92', '144', '50', '50', '50'], 'solve_time': ['Sat, 14 Dec 2024 13:01:05 GMT', 'Sat, 14 Dec 2024 14:51:53 GMT', 'Sat, 14 Dec 2024 15:07:46 GMT', 'Sat, 14 Dec 2024 13:57:06 GMT', 'Sat, 14 Dec 2024 13:41:07 GMT', 'Sat, 14 Dec 2024 15:52:33 GMT', 'Sat, 14 Dec 2024 16:12:32 GMT', 'Sat, 14 Dec 2024 14:11:38 GMT', 'Sat, 14 Dec 2024 14:04:15 GMT', 'Sat, 14 Dec 2024 14:00:12 GMT']}"
21,Halouf & BrHackeuses,800,"{'challenge_name': ['Sanity Check', 'Strange noise', ""A car hacker's first steps"", ""KIRBY'S FLAG"", 'XORed picture', 'Susculator', 'DroidCryptor', 'Locked Door', 'GoSecureIt', 'Cookie Shop'], 'challenge_category': ['misc', 'misc', 'misc', 'misc', 'misc', 'reverse', 'reverse', 'web', 'web', 'web'], 'challenge_points': ['50', '96', '144', '50', '74', '92', '144', '50', '50', '50'], 'solve_time': ['Sat, 14 Dec 2024 13:48:56 GMT', 'Sat, 14 Dec 2024 16:26:58 GMT', 'Sat, 14 Dec 2024 16:59:21 GMT', 'Sat, 14 Dec 2024 15:22:01 GMT', 'Sat, 14 Dec 2024 15:40:33 GMT', 'Sat, 14 Dec 2024 14:54:57 GMT', 'Sat, 14 Dec 2024 16:28:31 GMT', 'Sat, 14 Dec 2024 14:28:14 GMT', 'Sat, 14 Dec 2024 14:24:01 GMT', 'Sat, 14 Dec 2024 13:15:43 GMT']}"
22,ByteC4Ts,796,"{'challenge_name': ['Sanity Check', 'pickle soup', ""KIRBY'S FLAG"", 'Susculator', 'DroidCryptor', 'Magical Advisor', 'Locked Door', 'GoSecureIt', 'Cookie Shop'], 'challenge_category': ['misc', 'misc', 'misc', 'reverse', 'reverse', 'reverse', 'web', 'web', 'web'], 'challenge_points': ['50', '66', '50', '92', '144', '244', '50', '50', '50'], 'solve_time': ['Sat, 14 Dec 2024 13:36:02 GMT', 'Sat, 14 Dec 2024 14:13:32 GMT', 'Sat, 14 Dec 2024 15:35:59 GMT', 'Sat, 14 Dec 2024 15:36:52 GMT', 'Sat, 14 Dec 2024 16:17:34 GMT', 'Sat, 14 Dec 2024 16:51:49 GMT', 'Sat, 14 Dec 2024 14:48:55 GMT', 'Sat, 14 Dec 2024 13:15:23 GMT', 'Sat, 14 Dec 2024 13:19:58 GMT']}"
23,the dream team,726,"{'challenge_name': ['Sanity Check', 'pickle soup', ""KIRBY'S FLAG"", 'XORed picture', 'Susculator', 'Magical Advisor', 'Locked Door', 'GoSecureIt', 'Cookie Shop'], 'challenge_category': ['misc', 'misc', 'misc', 'misc', 'reverse', 'reverse', 'web', 'web', 'web'], 'challenge_points': ['50', '66', '50', '74', '92', '244', '50', '50', '50'], 'solve_time': ['Sat, 14 Dec 2024 13:01:04 GMT', 'Sat, 14 Dec 2024 16:54:37 GMT', 'Sat, 14 Dec 2024 16:26:22 GMT', 'Sat, 14 Dec 2024 16:50:38 GMT', 'Sat, 14 Dec 2024 15:53:59 GMT', 'Sat, 14 Dec 2024 15:20:33 GMT', 'Sat, 14 Dec 2024 14:51:47 GMT', 'Sat, 14 Dec 2024 14:55:39 GMT', 'Sat, 14 Dec 2024 13:04:51 GMT']}"
24,NoSkillsNoFlags,722,"{'challenge_name': ['Sanity Check', 'pickle soup', 'Strange noise', ""A car hacker's first steps"", ""KIRBY'S FLAG"", 'XORed picture', 'Susculator', 'Locked Door', 'GoSecureIt', 'Cookie Shop'], 'challenge_category': ['misc', 'misc', 'misc', 'misc', 'misc', 'misc', 'reverse', 'web', 'web', 'web'], 'challenge_points': ['50', '66', '96', '144', '50', '74', '92', '50', '50', '50'], 'solve_time': ['Sat, 14 Dec 2024 13:00:13 GMT', 'Sat, 14 Dec 2024 15:42:47 GMT', 'Sat, 14 Dec 2024 15:00:25 GMT', 'Sat, 14 Dec 2024 14:47:50 GMT', 'Sat, 14 Dec 2024 15:27:32 GMT', 'Sat, 14 Dec 2024 14:07:54 GMT', 'Sat, 14 Dec 2024 17:24:16 GMT', 'Sat, 14 Dec 2024 17:53:09 GMT', 'Sat, 14 Dec 2024 13:50:54 GMT', 'Sat, 14 Dec 2024 13:42:26 GMT']}"
25,TFS,722,"{'challenge_name': ['Sanity Check', 'pickle soup', 'Strange noise', ""KIRBY'S FLAG"", 'XORed picture', 'Susculator', 'DroidCryptor', 'Locked Door', 'GoSecureIt', 'Cookie Shop'], 'challenge_category': ['misc', 'misc', 'misc', 'misc', 'misc', 'reverse', 'reverse', 'web', 'web', 'web'], 'challenge_points': ['50', '66', '96', '50', '74', '92', '144', '50', '50', '50'], 'solve_time': ['Sat, 14 Dec 2024 15:57:07 GMT', 'Sat, 14 Dec 2024 17:44:28 GMT', 'Sat, 14 Dec 2024 16:41:42 GMT', 'Sat, 14 Dec 2024 17:32:03 GMT', 'Sat, 14 Dec 2024 16:16:58 GMT', 'Sat, 14 Dec 2024 17:01:45 GMT', 'Sat, 14 Dec 2024 17:40:01 GMT', 'Sat, 14 Dec 2024 16:34:27 GMT', 'Sat, 14 Dec 2024 17:57:33 GMT', 'Sat, 14 Dec 2024 16:14:27 GMT']}"
26,hack^3,708,"{'challenge_name': ['Sanity Check', 'pickle soup', 'Strange noise', ""KIRBY'S FLAG"", 'XORed picture', 'PIETcture', 'Locked Door', 'GoSecureIt', 'Cookie Shop'], 'challenge_category': ['misc', 'misc', 'misc', 'misc', 'misc', 'misc', 'web', 'web', 'web'], 'challenge_points': ['50', '66', '96', '50', '74', '222', '50', '50', '50'], 'solve_time': ['Sat, 14 Dec 2024 13:27:57 GMT', 'Sat, 14 Dec 2024 15:03:08 GMT', 'Sat, 14 Dec 2024 15:42:04 GMT', 'Sat, 14 Dec 2024 15:47:36 GMT', 'Sat, 14 Dec 2024 14:08:24 GMT', 'Sat, 14 Dec 2024 17:19:37 GMT', 'Sat, 14 Dec 2024 15:34:48 GMT', 'Sat, 14 Dec 2024 14:12:53 GMT', 'Sat, 14 Dec 2024 13:29:10 GMT']}"
27,sleep,706,"{'challenge_name': ['Sanity Check', 'pickle soup', ""A car hacker's first steps"", ""KIRBY'S FLAG"", 'XORed picture', 'PIETcture', 'GoSecureIt', 'Cookie Shop'], 'challenge_category': ['misc', 'misc', 'misc', 'misc', 'misc', 'misc', 'web', 'web'], 'challenge_points': ['50', '66', '144', '50', '74', '222', '50', '50'], 'solve_time': ['Sat, 14 Dec 2024 15:42:54 GMT', 'Sat, 14 Dec 2024 15:55:49 GMT', 'Sat, 14 Dec 2024 16:15:30 GMT', 'Sat, 14 Dec 2024 16:51:26 GMT', 'Sat, 14 Dec 2024 17:04:10 GMT', 'Sat, 14 Dec 2024 17:46:45 GMT', 'Sat, 14 Dec 2024 16:40:59 GMT', 'Sat, 14 Dec 2024 15:45:30 GMT']}"
28,SSLTTA,696,"{'challenge_name': ['Sanity Check', 'pickle soup', ""A car hacker's first steps"", ""KIRBY'S FLAG"", 'Susculator', 'DroidCryptor', 'Locked Door', 'GoSecureIt', 'Cookie Shop'], 'challenge_category': ['misc', 'misc', 'misc', 'misc', 'reverse', 'reverse', 'web', 'web', 'web'], 'challenge_points': ['50', '66', '144', '50', '92', '144', '50', '50', '50'], 'solve_time': ['Sat, 14 Dec 2024 15:10:16 GMT', 'Sat, 14 Dec 2024 15:26:15 GMT', 'Sat, 14 Dec 2024 16:22:04 GMT', 'Sat, 14 Dec 2024 15:18:21 GMT', 'Sat, 14 Dec 2024 14:13:33 GMT', 'Sat, 14 Dec 2024 13:44:51 GMT', 'Sat, 14 Dec 2024 16:37:14 GMT', 'Sat, 14 Dec 2024 13:52:54 GMT', 'Sat, 14 Dec 2024 13:37:08 GMT']}"
29,BrainFlag,676,"{'challenge_name': ['Sanity Check', 'Strange noise', ""A car hacker's first steps"", ""KIRBY'S FLAG"", 'Susculator', 'DroidCryptor', 'GoSecureIt', 'Cookie Shop'], 'challenge_category': ['misc', 'misc', 'misc', 'misc', 'reverse', 'reverse', 'web', 'web'], 'challenge_points': ['50', '96', '144', '50', '92', '144', '50', '50'], 'solve_time': ['Sat, 14 Dec 2024 13:05:15 GMT', 'Sat, 14 Dec 2024 14:40:29 GMT', 'Sat, 14 Dec 2024 15:22:20 GMT', 'Sat, 14 Dec 2024 14:08:36 GMT', 'Sat, 14 Dec 2024 15:55:22 GMT', 'Sat, 14 Dec 2024 17:11:32 GMT', 'Sat, 14 Dec 2024 15:36:06 GMT', 'Sat, 14 Dec 2024 13:51:52 GMT']}"
30,Gli Assi e i Tre,640,"{'challenge_name': ['Sanity Check', 'Strange noise', ""KIRBY'S FLAG"", 'Hypwn', 'Locked Door'], 'challenge_category': ['misc', 'misc', 'misc', 'pwn', 'web'], 'challenge_points': ['50', '96', '50', '394', '50'], 'solve_time': ['Sat, 14 Dec 2024 13:00:34 GMT', 'Sat, 14 Dec 2024 16:16:14 GMT', 'Sat, 14 Dec 2024 13:24:30 GMT', 'Sat, 14 Dec 2024 17:51:41 GMT', 'Sat, 14 Dec 2024 15:26:47 GMT']}"
31,LevitatingLion,638,"{'challenge_name': ['Magical Advisor', 'Hypwn'], 'challenge_category': ['reverse', 'pwn'], 'challenge_points': ['244', '394'], 'solve_time': ['Sat, 14 Dec 2024 14:36:07 GMT', 'Sat, 14 Dec 2024 14:08:00 GMT']}"
32,cm0gLXJmIC9wd250aGVtMGxl,630,"{'challenge_name': ['Sanity Check', 'pickle soup', 'Strange noise', ""A car hacker's first steps"", ""KIRBY'S FLAG"", 'XORed picture', 'Locked Door', 'GoSecureIt', 'Cookie Shop'], 'challenge_category': ['misc', 'misc', 'misc', 'misc', 'misc', 'misc', 'web', 'web', 'web'], 'challenge_points': ['50', '66', '96', '144', '50', '74', '50', '50', '50'], 'solve_time': ['Sat, 14 Dec 2024 13:00:12 GMT', 'Sat, 14 Dec 2024 13:24:16 GMT', 'Sat, 14 Dec 2024 13:43:39 GMT', 'Sat, 14 Dec 2024 17:35:08 GMT', 'Sat, 14 Dec 2024 16:38:13 GMT', 'Sat, 14 Dec 2024 15:14:27 GMT', 'Sat, 14 Dec 2024 15:38:29 GMT', 'Sat, 14 Dec 2024 13:53:42 GMT', 'Sat, 14 Dec 2024 13:03:10 GMT']}"
33,2kso,612,"{'challenge_name': ['Sanity Check', 'pickle soup', ""KIRBY'S FLAG"", 'XORed picture', 'PIETcture', 'Locked Door', 'GoSecureIt', 'Cookie Shop'], 'challenge_category': ['misc', 'misc', 'misc', 'misc', 'misc', 'web', 'web', 'web'], 'challenge_points': ['50', '66', '50', '74', '222', '50', '50', '50'], 'solve_time': ['Sat, 14 Dec 2024 14:01:18 GMT', 'Sat, 14 Dec 2024 16:59:21 GMT', 'Sat, 14 Dec 2024 16:28:28 GMT', 'Sat, 14 Dec 2024 16:42:12 GMT', 'Sat, 14 Dec 2024 17:34:12 GMT', 'Sat, 14 Dec 2024 14:54:08 GMT', 'Sat, 14 Dec 2024 14:00:49 GMT', 'Sat, 14 Dec 2024 13:42:01 GMT']}"
34,EggRoll,589,"{'challenge_name': ['Identity Theft', 'SmallAuth'], 'challenge_category': ['crypto', 'crypto'], 'challenge_points': ['303', '286'], 'solve_time': ['Sat, 14 Dec 2024 14:14:37 GMT', 'Sat, 14 Dec 2024 13:52:02 GMT']}"
35,0xfun,560,"{'challenge_name': ['Sanity Check', ""KIRBY'S FLAG"", 'XORed picture', 'Susculator', 'DroidCryptor', 'Locked Door', 'GoSecureIt', 'Cookie Shop'], 'challenge_category': ['misc', 'misc', 'misc', 'reverse', 'reverse', 'web', 'web', 'web'], 'challenge_points': ['50', '50', '74', '92', '144', '50', '50', '50'], 'solve_time': ['Sat, 14 Dec 2024 13:00:12 GMT', 'Sat, 14 Dec 2024 13:25:25 GMT', 'Sat, 14 Dec 2024 13:03:48 GMT', 'Sat, 14 Dec 2024 17:06:02 GMT', 'Sat, 14 Dec 2024 14:08:58 GMT', 'Sat, 14 Dec 2024 13:31:03 GMT', 'Sat, 14 Dec 2024 13:25:11 GMT', 'Sat, 14 Dec 2024 13:03:49 GMT']}"
36,funnyfoxes,560,"{'challenge_name': ['Sanity Check', ""KIRBY'S FLAG"", 'XORed picture', 'Susculator', 'DroidCryptor', 'Locked Door', 'GoSecureIt', 'Cookie Shop'], 'challenge_category': ['misc', 'misc', 'misc', 'reverse', 'reverse', 'web', 'web', 'web'], 'challenge_points': ['50', '50', '74', '92', '144', '50', '50', '50'], 'solve_time': ['Sat, 14 Dec 2024 13:38:00 GMT', 'Sat, 14 Dec 2024 17:14:29 GMT', 'Sat, 14 Dec 2024 15:17:24 GMT', 'Sat, 14 Dec 2024 14:03:24 GMT', 'Sat, 14 Dec 2024 15:51:14 GMT', 'Sat, 14 Dec 2024 17:48:10 GMT', 'Sat, 14 Dec 2024 15:49:04 GMT', 'Sat, 14 Dec 2024 13:12:24 GMT']}"
37,MITM_alle_palle,556,"{'challenge_name': ['Sanity Check', 'pickle soup', 'Strange noise', ""A car hacker's first steps"", ""KIRBY'S FLAG"", 'Locked Door', 'GoSecureIt', 'Cookie Shop'], 'challenge_category': ['misc', 'misc', 'misc', 'misc', 'misc', 'web', 'web', 'web'], 'challenge_points': ['50', '66', '96', '144', '50', '50', '50', '50'], 'solve_time': ['Sat, 14 Dec 2024 13:00:13 GMT', 'Sat, 14 Dec 2024 13:18:01 GMT', 'Sat, 14 Dec 2024 13:48:33 GMT', 'Sat, 14 Dec 2024 14:41:46 GMT', 'Sat, 14 Dec 2024 14:53:07 GMT', 'Sat, 14 Dec 2024 17:26:39 GMT', 'Sat, 14 Dec 2024 16:41:02 GMT', 'Sat, 14 Dec 2024 15:26:08 GMT']}"
38,Mi dimetto,556,"{'challenge_name': ['Sanity Check', 'pickle soup', 'Strange noise', ""A car hacker's first steps"", ""KIRBY'S FLAG"", 'Locked Door', 'GoSecureIt', 'Cookie Shop'], 'challenge_category': ['misc', 'misc', 'misc', 'misc', 'misc', 'web', 'web', 'web'], 'challenge_points': ['50', '66', '96', '144', '50', '50', '50', '50'], 'solve_time': ['Sat, 14 Dec 2024 13:28:12 GMT', 'Sat, 14 Dec 2024 17:55:03 GMT', 'Sat, 14 Dec 2024 17:28:34 GMT', 'Sat, 14 Dec 2024 17:48:38 GMT', 'Sat, 14 Dec 2024 14:45:23 GMT', 'Sat, 14 Dec 2024 14:13:00 GMT', 'Sat, 14 Dec 2024 13:37:42 GMT', 'Sat, 14 Dec 2024 13:17:26 GMT']}"
39,Quota 155,534,"{'challenge_name': ['Sanity Check', 'pickle soup', ""KIRBY'S FLAG"", 'XORed picture', 'DroidCryptor', 'Locked Door', 'GoSecureIt', 'Cookie Shop'], 'challenge_category': ['misc', 'misc', 'misc', 'misc', 'reverse', 'web', 'web', 'web'], 'challenge_points': ['50', '66', '50', '74', '144', '50', '50', '50'], 'solve_time': ['Sat, 14 Dec 2024 13:00:52 GMT', 'Sat, 14 Dec 2024 13:40:31 GMT', 'Sat, 14 Dec 2024 15:05:44 GMT', 'Sat, 14 Dec 2024 16:00:27 GMT', 'Sat, 14 Dec 2024 17:14:27 GMT', 'Sat, 14 Dec 2024 14:01:21 GMT', 'Sat, 14 Dec 2024 15:12:03 GMT', 'Sat, 14 Dec 2024 13:13:43 GMT']}"
40,Just For The Questions,530,"{'challenge_name': ['Sanity Check', 'Susculator', 'DroidCryptor', 'Magical Advisor'], 'challenge_category': ['misc', 'reverse', 'reverse', 'reverse'], 'challenge_points': ['50', '92', '144', '244'], 'solve_time': ['Sat, 14 Dec 2024 13:00:22 GMT', 'Sat, 14 Dec 2024 14:24:43 GMT', 'Sat, 14 Dec 2024 15:52:57 GMT', 'Sat, 14 Dec 2024 14:59:56 GMT']}"
41,nendo,530,"{'challenge_name': ['Sanity Check', 'Susculator', 'DroidCryptor', 'Magical Advisor'], 'challenge_category': ['misc', 'reverse', 'reverse', 'reverse'], 'challenge_points': ['50', '92', '144', '244'], 'solve_time': ['Sat, 14 Dec 2024 14:43:47 GMT', 'Sat, 14 Dec 2024 15:39:23 GMT', 'Sat, 14 Dec 2024 16:28:11 GMT', 'Sat, 14 Dec 2024 16:06:38 GMT']}"
42,Pastore-Cavani-Miccoli,530,"{'challenge_name': ['Sanity Check', 'pickle soup', 'Strange noise', ""A car hacker's first steps"", ""KIRBY'S FLAG"", 'XORed picture', 'Cookie Shop'], 'challenge_category': ['misc', 'misc', 'misc', 'misc', 'misc', 'misc', 'web'], 'challenge_points': ['50', '66', '96', '144', '50', '74', '50'], 'solve_time': ['Sat, 14 Dec 2024 13:02:30 GMT', 'Sat, 14 Dec 2024 13:31:31 GMT', 'Sat, 14 Dec 2024 14:01:14 GMT', 'Sat, 14 Dec 2024 15:02:24 GMT', 'Sat, 14 Dec 2024 15:26:38 GMT', 'Sat, 14 Dec 2024 15:59:49 GMT', 'Sat, 14 Dec 2024 16:43:52 GMT']}"
43,CYBERSQD,528,"{'challenge_name': ['Sanity Check', 'pickle soup', 'Strange noise', ""KIRBY'S FLAG"", 'XORed picture', 'Susculator', 'GoSecureIt', 'Cookie Shop'], 'challenge_category': ['misc', 'misc', 'misc', 'misc', 'misc', 'reverse', 'web', 'web'], 'challenge_points': ['50', '66', '96', '50', '74', '92', '50', '50'], 'solve_time': ['Sat, 14 Dec 2024 13:29:18 GMT', 'Sat, 14 Dec 2024 16:44:28 GMT', 'Sat, 14 Dec 2024 17:58:13 GMT', 'Sat, 14 Dec 2024 13:50:03 GMT', 'Sat, 14 Dec 2024 16:55:22 GMT', 'Sat, 14 Dec 2024 17:43:33 GMT', 'Sat, 14 Dec 2024 14:44:34 GMT', 'Sat, 14 Dec 2024 13:27:52 GMT']}"
44,ebin_l33t_h4x0rm4n5,504,"{'challenge_name': ['Sanity Check', 'pickle soup', 'Strange noise', ""KIRBY'S FLAG"", 'Susculator', 'Locked Door', 'GoSecureIt', 'Cookie Shop'], 'challenge_category': ['misc', 'misc', 'misc', 'misc', 'reverse', 'web', 'web', 'web'], 'challenge_points': ['50', '66', '96', '50', '92', '50', '50', '50'], 'solve_time': ['Sat, 14 Dec 2024 13:01:04 GMT', 'Sat, 14 Dec 2024 14:24:55 GMT', 'Sat, 14 Dec 2024 14:18:43 GMT', 'Sat, 14 Dec 2024 14:35:57 GMT', 'Sat, 14 Dec 2024 16:31:05 GMT', 'Sat, 14 Dec 2024 14:38:01 GMT', 'Sat, 14 Dec 2024 16:58:16 GMT', 'Sat, 14 Dec 2024 16:15:18 GMT']}"
45,K!nd4SUS,498,"{'challenge_name': ['Sanity Check', 'pickle soup', 'Locked Door', 'GoSecureIt', 'Cookie Shop', 'ImgPlace'], 'challenge_category': ['misc', 'misc', 'web', 'web', 'web', 'web'], 'challenge_points': ['50', '66', '50', '50', '50', '232'], 'solve_time': ['Sat, 14 Dec 2024 13:11:24 GMT', 'Sat, 14 Dec 2024 16:03:25 GMT', 'Sat, 14 Dec 2024 13:19:07 GMT', 'Sat, 14 Dec 2024 15:15:01 GMT', 'Sat, 14 Dec 2024 15:13:04 GMT', 'Sat, 14 Dec 2024 15:21:36 GMT']}"
46,goodgoods,498,"{'challenge_name': ['Sanity Check', 'pickle soup', 'Locked Door', 'GoSecureIt', 'Cookie Shop', 'ImgPlace'], 'challenge_category': ['misc', 'misc', 'web', 'web', 'web', 'web'], 'challenge_points': ['50', '66', '50', '50', '50', '232'], 'solve_time': ['Sat, 14 Dec 2024 16:28:02 GMT', 'Sat, 14 Dec 2024 16:32:23 GMT', 'Sat, 14 Dec 2024 16:09:16 GMT', 'Sat, 14 Dec 2024 15:41:14 GMT', 'Sat, 14 Dec 2024 16:14:37 GMT', 'Sat, 14 Dec 2024 15:27:35 GMT']}"
47,IUT de Saint-Malo,490,"{'challenge_name': ['Sanity Check', 'Strange noise', ""A car hacker's first steps"", ""KIRBY'S FLAG"", 'Locked Door', 'GoSecureIt', 'Cookie Shop'], 'challenge_category': ['misc', 'misc', 'misc', 'misc', 'web', 'web', 'web'], 'challenge_points': ['50', '96', '144', '50', '50', '50', '50'], 'solve_time': ['Sat, 14 Dec 2024 13:00:28 GMT', 'Sat, 14 Dec 2024 16:25:35 GMT', 'Sat, 14 Dec 2024 13:37:49 GMT', 'Sat, 14 Dec 2024 14:46:42 GMT', 'Sat, 14 Dec 2024 14:39:21 GMT', 'Sat, 14 Dec 2024 14:13:10 GMT', 'Sat, 14 Dec 2024 13:22:45 GMT']}"
48,PracticeTeam,486,"{'challenge_name': ['Sanity Check', 'pickle soup', 'Strange noise', ""KIRBY'S FLAG"", 'XORed picture', 'Locked Door', 'GoSecureIt', 'Cookie Shop'], 'challenge_category': ['misc', 'misc', 'misc', 'misc', 'misc', 'web', 'web', 'web'], 'challenge_points': ['50', '66', '96', '50', '74', '50', '50', '50'], 'solve_time': ['Sat, 14 Dec 2024 13:00:37 GMT', 'Sat, 14 Dec 2024 15:24:27 GMT', 'Sat, 14 Dec 2024 13:11:06 GMT', 'Sat, 14 Dec 2024 13:39:19 GMT', 'Sat, 14 Dec 2024 14:05:42 GMT', 'Sat, 14 Dec 2024 14:52:08 GMT', 'Sat, 14 Dec 2024 13:24:52 GMT', 'Sat, 14 Dec 2024 13:03:43 GMT']}"
49,0suruk,486,"{'challenge_name': ['Sanity Check', 'pickle soup', 'Strange noise', ""KIRBY'S FLAG"", 'XORed picture', 'Locked Door', 'GoSecureIt', 'Cookie Shop'], 'challenge_category': ['misc', 'misc', 'misc', 'misc', 'misc', 'web', 'web', 'web'], 'challenge_points': ['50', '66', '96', '50', '74', '50', '50', '50'], 'solve_time': ['Sat, 14 Dec 2024 13:02:40 GMT', 'Sat, 14 Dec 2024 13:44:12 GMT', 'Sat, 14 Dec 2024 15:46:25 GMT', 'Sat, 14 Dec 2024 14:14:38 GMT', 'Sat, 14 Dec 2024 13:58:32 GMT', 'Sat, 14 Dec 2024 15:01:10 GMT', 'Sat, 14 Dec 2024 14:45:22 GMT', 'Sat, 14 Dec 2024 13:02:31 GMT']}"
50,mwnthep0le,484,"{'challenge_name': ['Sanity Check', 'pickle soup', ""A car hacker's first steps"", ""KIRBY'S FLAG"", 'XORed picture', 'GoSecureIt', 'Cookie Shop'], 'challenge_category': ['misc', 'misc', 'misc', 'misc', 'misc', 'web', 'web'], 'challenge_points': ['50', '66', '144', '50', '74', '50', '50'], 'solve_time': ['Sat, 14 Dec 2024 13:01:18 GMT', 'Sat, 14 Dec 2024 15:57:03 GMT', 'Sat, 14 Dec 2024 17:03:59 GMT', 'Sat, 14 Dec 2024 14:57:35 GMT', 'Sat, 14 Dec 2024 16:49:31 GMT', 'Sat, 14 Dec 2024 13:36:22 GMT', 'Sat, 14 Dec 2024 13:09:14 GMT']}"
51,hack'n'hope,482,"{'challenge_name': ['Sanity Check', 'pickle soup', ""KIRBY'S FLAG"", 'XORed picture', 'Susculator', 'Locked Door', 'GoSecureIt', 'Cookie Shop'], 'challenge_category': ['misc', 'misc', 'misc', 'misc', 'reverse', 'web', 'web', 'web'], 'challenge_points': ['50', '66', '50', '74', '92', '50', '50', '50'], 'solve_time': ['Sat, 14 Dec 2024 13:01:49 GMT', 'Sat, 14 Dec 2024 14:31:11 GMT', 'Sat, 14 Dec 2024 15:46:00 GMT', 'Sat, 14 Dec 2024 17:53:46 GMT', 'Sat, 14 Dec 2024 17:17:02 GMT', 'Sat, 14 Dec 2024 15:19:01 GMT', 'Sat, 14 Dec 2024 14:42:26 GMT', 'Sat, 14 Dec 2024 13:10:53 GMT']}"
52,ThomasG,432,"{'challenge_name': ['Sanity Check', 'Locked Door', 'GoSecureIt', 'Cookie Shop', 'ImgPlace'], 'challenge_category': ['misc', 'web', 'web', 'web', 'web'], 'challenge_points': ['50', '50', '50', '50', '232'], 'solve_time': ['Sat, 14 Dec 2024 13:37:46 GMT', 'Sat, 14 Dec 2024 14:26:35 GMT', 'Sat, 14 Dec 2024 14:17:16 GMT', 'Sat, 14 Dec 2024 13:40:04 GMT', 'Sat, 14 Dec 2024 14:12:28 GMT']}"
53,CyberCompany,416,"{'challenge_name': ['Sanity Check', ""KIRBY'S FLAG"", 'XORed picture', 'Susculator', 'Locked Door', 'GoSecureIt', 'Cookie Shop'], 'challenge_category': ['misc', 'misc', 'misc', 'reverse', 'web', 'web', 'web'], 'challenge_points': ['50', '50', '74', '92', '50', '50', '50'], 'solve_time': ['Sat, 14 Dec 2024 13:02:34 GMT', 'Sat, 14 Dec 2024 17:19:12 GMT', 'Sat, 14 Dec 2024 17:31:16 GMT', 'Sat, 14 Dec 2024 16:33:16 GMT', 'Sat, 14 Dec 2024 15:27:26 GMT', 'Sat, 14 Dec 2024 13:36:28 GMT', 'Sat, 14 Dec 2024 13:33:06 GMT']}"
54,sfdsfdsdf,410,"{'challenge_name': ['Sanity Check', 'XORed picture', 'Susculator', 'DroidCryptor', 'Cookie Shop'], 'challenge_category': ['misc', 'misc', 'reverse', 'reverse', 'web'], 'challenge_points': ['50', '74', '92', '144', '50'], 'solve_time': ['Sat, 14 Dec 2024 17:24:10 GMT', 'Sat, 14 Dec 2024 17:19:51 GMT', 'Sat, 14 Dec 2024 17:14:20 GMT', 'Sat, 14 Dec 2024 17:14:48 GMT', 'Sat, 14 Dec 2024 17:23:59 GMT']}"
55,f4n_n3r0,408,"{'challenge_name': ['Sanity Check', 'pickle soup', ""KIRBY'S FLAG"", 'Susculator', 'Locked Door', 'GoSecureIt', 'Cookie Shop'], 'challenge_category': ['misc', 'misc', 'misc', 'reverse', 'web', 'web', 'web'], 'challenge_points': ['50', '66', '50', '92', '50', '50', '50'], 'solve_time': ['Sat, 14 Dec 2024 15:49:03 GMT', 'Sat, 14 Dec 2024 16:20:44 GMT', 'Sat, 14 Dec 2024 17:06:09 GMT', 'Sat, 14 Dec 2024 17:15:36 GMT', 'Sat, 14 Dec 2024 16:46:48 GMT', 'Sat, 14 Dec 2024 16:05:48 GMT', 'Sat, 14 Dec 2024 15:57:49 GMT']}"
56,H@vOK,394,"{'challenge_name': ['Sanity Check', ""KIRBY'S FLAG"", 'DroidCryptor', 'Locked Door', 'GoSecureIt', 'Cookie Shop'], 'challenge_category': ['misc', 'misc', 'reverse', 'web', 'web', 'web'], 'challenge_points': ['50', '50', '144', '50', '50', '50'], 'solve_time': ['Sat, 14 Dec 2024 13:01:37 GMT', 'Sat, 14 Dec 2024 13:18:37 GMT', 'Sat, 14 Dec 2024 17:59:10 GMT', 'Sat, 14 Dec 2024 14:52:51 GMT', 'Sat, 14 Dec 2024 17:33:51 GMT', 'Sat, 14 Dec 2024 17:38:21 GMT']}"
57,UExploitNards,390,"{'challenge_name': ['Sanity Check', 'pickle soup', ""KIRBY'S FLAG"", 'XORed picture', 'Locked Door', 'GoSecureIt', 'Cookie Shop'], 'challenge_category': ['misc', 'misc', 'misc', 'misc', 'web', 'web', 'web'], 'challenge_points': ['50', '66', '50', '74', '50', '50', '50'], 'solve_time': ['Sat, 14 Dec 2024 15:51:06 GMT', 'Sat, 14 Dec 2024 16:43:18 GMT', 'Sat, 14 Dec 2024 16:11:35 GMT', 'Sat, 14 Dec 2024 14:39:27 GMT', 'Sat, 14 Dec 2024 14:25:56 GMT', 'Sat, 14 Dec 2024 16:47:13 GMT', 'Sat, 14 Dec 2024 14:13:02 GMT']}"
58,k0kos,390,"{'challenge_name': ['Sanity Check', 'pickle soup', ""KIRBY'S FLAG"", 'XORed picture', 'Locked Door', 'GoSecureIt', 'Cookie Shop'], 'challenge_category': ['misc', 'misc', 'misc', 'misc', 'web', 'web', 'web'], 'challenge_points': ['50', '66', '50', '74', '50', '50', '50'], 'solve_time': ['Sat, 14 Dec 2024 13:20:39 GMT', 'Sat, 14 Dec 2024 17:34:45 GMT', 'Sat, 14 Dec 2024 15:47:03 GMT', 'Sat, 14 Dec 2024 17:40:54 GMT', 'Sat, 14 Dec 2024 13:58:42 GMT', 'Sat, 14 Dec 2024 13:40:43 GMT', 'Sat, 14 Dec 2024 13:28:08 GMT']}"
59,OH14,390,"{'challenge_name': ['Sanity Check', 'pickle soup', ""KIRBY'S FLAG"", 'XORed picture', 'Locked Door', 'GoSecureIt', 'Cookie Shop'], 'challenge_category': ['misc', 'misc', 'misc', 'misc', 'web', 'web', 'web'], 'challenge_points': ['50', '66', '50', '74', '50', '50', '50'], 'solve_time': ['Sat, 14 Dec 2024 13:05:15 GMT', 'Sat, 14 Dec 2024 15:34:57 GMT', 'Sat, 14 Dec 2024 15:10:10 GMT', 'Sat, 14 Dec 2024 16:47:13 GMT', 'Sat, 14 Dec 2024 14:19:55 GMT', 'Sat, 14 Dec 2024 17:48:52 GMT', 'Sat, 14 Dec 2024 13:06:29 GMT']}"
60,N1KO k1ll1n,388,"{'challenge_name': ['Sanity Check', 'Strange noise', ""KIRBY'S FLAG"", 'Susculator', 'GoSecureIt', 'Cookie Shop'], 'challenge_category': ['misc', 'misc', 'misc', 'reverse', 'web', 'web'], 'challenge_points': ['50', '96', '50', '92', '50', '50'], 'solve_time': ['Sat, 14 Dec 2024 13:03:24 GMT', 'Sat, 14 Dec 2024 16:28:15 GMT', 'Sat, 14 Dec 2024 15:25:46 GMT', 'Sat, 14 Dec 2024 15:48:03 GMT', 'Sat, 14 Dec 2024 14:07:15 GMT', 'Sat, 14 Dec 2024 13:13:40 GMT']}"
61,GAC,388,"{'challenge_name': ['Sanity Check', 'Strange noise', ""KIRBY'S FLAG"", 'Susculator', 'GoSecureIt', 'Cookie Shop'], 'challenge_category': ['misc', 'misc', 'misc', 'reverse', 'web', 'web'], 'challenge_points': ['50', '96', '50', '92', '50', '50'], 'solve_time': ['Sat, 14 Dec 2024 13:19:48 GMT', 'Sat, 14 Dec 2024 16:19:58 GMT', 'Sat, 14 Dec 2024 15:29:34 GMT', 'Sat, 14 Dec 2024 14:32:43 GMT', 'Sat, 14 Dec 2024 17:19:13 GMT', 'Sat, 14 Dec 2024 13:48:59 GMT']}"
62,BackMoon,370,"{'challenge_name': ['Sanity Check', 'Strange noise', 'XORed picture', 'Locked Door', 'GoSecureIt', 'Cookie Shop'], 'challenge_category': ['misc', 'misc', 'misc', 'web', 'web', 'web'], 'challenge_points': ['50', '96', '74', '50', '50', '50'], 'solve_time': ['Sat, 14 Dec 2024 13:17:01 GMT', 'Sat, 14 Dec 2024 13:38:41 GMT', 'Sat, 14 Dec 2024 15:41:37 GMT', 'Sat, 14 Dec 2024 15:24:11 GMT', 'Sat, 14 Dec 2024 15:03:10 GMT', 'Sat, 14 Dec 2024 13:41:16 GMT']}"
63,SIGAN,366,"{'challenge_name': ['Sanity Check', ""KIRBY'S FLAG"", 'XORed picture', 'Susculator', 'GoSecureIt', 'Cookie Shop'], 'challenge_category': ['misc', 'misc', 'misc', 'reverse', 'web', 'web'], 'challenge_points': ['50', '50', '74', '92', '50', '50'], 'solve_time': ['Sat, 14 Dec 2024 13:10:22 GMT', 'Sat, 14 Dec 2024 14:57:52 GMT', 'Sat, 14 Dec 2024 14:59:22 GMT', 'Sat, 14 Dec 2024 14:32:27 GMT', 'Sat, 14 Dec 2024 13:55:37 GMT', 'Sat, 14 Dec 2024 13:05:44 GMT']}"
64,Moris,366,"{'challenge_name': ['Sanity Check', ""KIRBY'S FLAG"", 'XORed picture', 'Susculator', 'Locked Door', 'Cookie Shop'], 'challenge_category': ['misc', 'misc', 'misc', 'reverse', 'web', 'web'], 'challenge_points': ['50', '50', '74', '92', '50', '50'], 'solve_time': ['Sat, 14 Dec 2024 13:00:17 GMT', 'Sat, 14 Dec 2024 15:42:11 GMT', 'Sat, 14 Dec 2024 13:38:58 GMT', 'Sat, 14 Dec 2024 15:06:29 GMT', 'Sat, 14 Dec 2024 14:44:36 GMT', 'Sat, 14 Dec 2024 14:58:41 GMT']}"
65,Politissimi,342,"{'challenge_name': ['Sanity Check', ""KIRBY'S FLAG"", 'Susculator', 'Locked Door', 'GoSecureIt', 'Cookie Shop'], 'challenge_category': ['misc', 'misc', 'reverse', 'web', 'web', 'web'], 'challenge_points': ['50', '50', '92', '50', '50', '50'], 'solve_time': ['Sat, 14 Dec 2024 13:00:11 GMT', 'Sat, 14 Dec 2024 17:45:09 GMT', 'Sat, 14 Dec 2024 15:54:16 GMT', 'Sat, 14 Dec 2024 17:03:00 GMT', 'Sat, 14 Dec 2024 17:27:29 GMT', 'Sat, 14 Dec 2024 14:18:57 GMT']}"
66,G01D4,340,"{'challenge_name': ['Sanity Check', 'pickle soup', ""KIRBY'S FLAG"", 'XORed picture', 'Locked Door', 'Cookie Shop'], 'challenge_category': ['misc', 'misc', 'misc', 'misc', 'web', 'web'], 'challenge_points': ['50', '66', '50', '74', '50', '50'], 'solve_time': ['Sat, 14 Dec 2024 13:01:53 GMT', 'Sat, 14 Dec 2024 15:41:28 GMT', 'Sat, 14 Dec 2024 15:50:55 GMT', 'Sat, 14 Dec 2024 17:30:07 GMT', 'Sat, 14 Dec 2024 15:33:50 GMT', 'Sat, 14 Dec 2024 14:10:34 GMT']}"
67,arbuzi,324,"{'challenge_name': ['Sanity Check', ""KIRBY'S FLAG"", 'XORed picture', 'Locked Door', 'GoSecureIt', 'Cookie Shop'], 'challenge_category': ['misc', 'misc', 'misc', 'web', 'web', 'web'], 'challenge_points': ['50', '50', '74', '50', '50', '50'], 'solve_time': ['Sat, 14 Dec 2024 13:56:50 GMT', 'Sat, 14 Dec 2024 14:25:37 GMT', 'Sat, 14 Dec 2024 15:37:19 GMT', 'Sat, 14 Dec 2024 13:40:32 GMT', 'Sat, 14 Dec 2024 15:41:10 GMT', 'Sat, 14 Dec 2024 13:57:31 GMT']}"
68,YMD,324,"{'challenge_name': ['Sanity Check', ""KIRBY'S FLAG"", 'XORed picture', 'Locked Door', 'GoSecureIt', 'Cookie Shop'], 'challenge_category': ['misc', 'misc', 'misc', 'web', 'web', 'web'], 'challenge_points': ['50', '50', '74', '50', '50', '50'], 'solve_time': ['Sat, 14 Dec 2024 16:03:20 GMT', 'Sat, 14 Dec 2024 16:25:27 GMT', 'Sat, 14 Dec 2024 16:37:29 GMT', 'Sat, 14 Dec 2024 16:51:47 GMT', 'Sat, 14 Dec 2024 16:57:36 GMT', 'Sat, 14 Dec 2024 16:58:39 GMT']}"
69,0xR00t,316,"{'challenge_name': ['Sanity Check', 'pickle soup', ""KIRBY'S FLAG"", 'Locked Door', 'GoSecureIt', 'Cookie Shop'], 'challenge_category': ['misc', 'misc', 'misc', 'web', 'web', 'web'], 'challenge_points': ['50', '66', '50', '50', '50', '50'], 'solve_time': ['Sat, 14 Dec 2024 13:03:32 GMT', 'Sat, 14 Dec 2024 14:46:12 GMT', 'Sat, 14 Dec 2024 14:11:47 GMT', 'Sat, 14 Dec 2024 15:08:29 GMT', 'Sat, 14 Dec 2024 13:30:53 GMT', 'Sat, 14 Dec 2024 13:36:33 GMT']}"
70,0093,316,"{'challenge_name': ['Sanity Check', 'pickle soup', ""KIRBY'S FLAG"", 'Locked Door', 'GoSecureIt', 'Cookie Shop'], 'challenge_category': ['misc', 'misc', 'misc', 'web', 'web', 'web'], 'challenge_points': ['50', '66', '50', '50', '50', '50'], 'solve_time': ['Sat, 14 Dec 2024 13:04:50 GMT', 'Sat, 14 Dec 2024 14:29:32 GMT', 'Sat, 14 Dec 2024 14:17:12 GMT', 'Sat, 14 Dec 2024 16:08:20 GMT', 'Sat, 14 Dec 2024 13:41:51 GMT', 'Sat, 14 Dec 2024 13:15:03 GMT']}"
71,Code_Butchers,316,"{'challenge_name': ['Sanity Check', 'pickle soup', ""KIRBY'S FLAG"", 'Locked Door', 'GoSecureIt', 'Cookie Shop'], 'challenge_category': ['misc', 'misc', 'misc', 'web', 'web', 'web'], 'challenge_points': ['50', '66', '50', '50', '50', '50'], 'solve_time': ['Sat, 14 Dec 2024 13:00:22 GMT', 'Sat, 14 Dec 2024 16:48:21 GMT', 'Sat, 14 Dec 2024 14:27:58 GMT', 'Sat, 14 Dec 2024 14:18:49 GMT', 'Sat, 14 Dec 2024 15:15:26 GMT', 'Sat, 14 Dec 2024 13:24:23 GMT']}"
72,team flag,316,"{'challenge_name': ['Sanity Check', 'pickle soup', ""KIRBY'S FLAG"", 'Locked Door', 'GoSecureIt', 'Cookie Shop'], 'challenge_category': ['misc', 'misc', 'misc', 'web', 'web', 'web'], 'challenge_points': ['50', '66', '50', '50', '50', '50'], 'solve_time': ['Sat, 14 Dec 2024 14:10:26 GMT', 'Sat, 14 Dec 2024 16:56:30 GMT', 'Sat, 14 Dec 2024 16:14:10 GMT', 'Sat, 14 Dec 2024 14:51:57 GMT', 'Sat, 14 Dec 2024 14:32:25 GMT', 'Sat, 14 Dec 2024 14:20:16 GMT']}"
73,Saudi,316,"{'challenge_name': ['Sanity Check', 'pickle soup', ""KIRBY'S FLAG"", 'Locked Door', 'GoSecureIt', 'Cookie Shop'], 'challenge_category': ['misc', 'misc', 'misc', 'web', 'web', 'web'], 'challenge_points': ['50', '66', '50', '50', '50', '50'], 'solve_time': ['Sat, 14 Dec 2024 13:23:52 GMT', 'Sat, 14 Dec 2024 13:58:59 GMT', 'Sat, 14 Dec 2024 17:31:50 GMT', 'Sat, 14 Dec 2024 13:23:38 GMT', 'Sat, 14 Dec 2024 13:29:13 GMT', 'Sat, 14 Dec 2024 13:03:03 GMT']}"
74,123,312,"{'challenge_name': ['Sanity Check', 'pickle soup', 'Strange noise', ""KIRBY'S FLAG"", 'Cookie Shop'], 'challenge_category': ['misc', 'misc', 'misc', 'misc', 'web'], 'challenge_points': ['50', '66', '96', '50', '50'], 'solve_time': ['Sat, 14 Dec 2024 13:00:58 GMT', 'Sat, 14 Dec 2024 13:40:12 GMT', 'Sat, 14 Dec 2024 15:08:36 GMT', 'Sat, 14 Dec 2024 14:27:36 GMT', 'Sat, 14 Dec 2024 15:47:34 GMT']}"
75,JoJoBaOil,296,"{'challenge_name': ['Sanity Check', 'Strange noise', ""KIRBY'S FLAG"", 'GoSecureIt', 'Cookie Shop'], 'challenge_category': ['misc', 'misc', 'misc', 'web', 'web'], 'challenge_points': ['50', '96', '50', '50', '50'], 'solve_time': ['Sat, 14 Dec 2024 13:02:37 GMT', 'Sat, 14 Dec 2024 15:11:33 GMT', 'Sat, 14 Dec 2024 16:06:36 GMT', 'Sat, 14 Dec 2024 14:03:15 GMT', 'Sat, 14 Dec 2024 13:36:06 GMT']}"
76,0DayKW,292,"{'challenge_name': ['Sanity Check', 'Susculator', 'Locked Door', 'GoSecureIt', 'Cookie Shop'], 'challenge_category': ['misc', 'reverse', 'web', 'web', 'web'], 'challenge_points': ['50', '92', '50', '50', '50'], 'solve_time': ['Sat, 14 Dec 2024 13:00:35 GMT', 'Sat, 14 Dec 2024 14:14:14 GMT', 'Sat, 14 Dec 2024 16:53:29 GMT', 'Sat, 14 Dec 2024 17:38:44 GMT', 'Sat, 14 Dec 2024 16:56:09 GMT']}"
77,Xorg-worship,274,"{'challenge_name': ['Sanity Check', 'XORed picture', 'Locked Door', 'GoSecureIt', 'Cookie Shop'], 'challenge_category': ['misc', 'misc', 'web', 'web', 'web'], 'challenge_points': ['50', '74', '50', '50', '50'], 'solve_time': ['Sat, 14 Dec 2024 14:07:01 GMT', 'Sat, 14 Dec 2024 14:53:51 GMT', 'Sat, 14 Dec 2024 16:24:04 GMT', 'Sat, 14 Dec 2024 17:09:55 GMT', 'Sat, 14 Dec 2024 14:15:26 GMT']}"
78,1ntrud3rs,274,"{'challenge_name': ['Sanity Check', 'XORed picture', 'Locked Door', 'GoSecureIt', 'Cookie Shop'], 'challenge_category': ['misc', 'misc', 'web', 'web', 'web'], 'challenge_points': ['50', '74', '50', '50', '50'], 'solve_time': ['Sat, 14 Dec 2024 17:25:27 GMT', 'Sat, 14 Dec 2024 17:44:57 GMT', 'Sat, 14 Dec 2024 17:43:46 GMT', 'Sat, 14 Dec 2024 17:30:35 GMT', 'Sat, 14 Dec 2024 17:28:47 GMT']}"
79,ERAS,266,"{'challenge_name': ['Sanity Check', 'pickle soup', ""KIRBY'S FLAG"", 'GoSecureIt', 'Cookie Shop'], 'challenge_category': ['misc', 'misc', 'misc', 'web', 'web'], 'challenge_points': ['50', '66', '50', '50', '50'], 'solve_time': ['Sat, 14 Dec 2024 13:18:43 GMT', 'Sat, 14 Dec 2024 14:46:19 GMT', 'Sat, 14 Dec 2024 15:02:44 GMT', 'Sat, 14 Dec 2024 14:09:22 GMT', 'Sat, 14 Dec 2024 13:30:35 GMT']}"
80,0points,266,"{'challenge_name': ['Sanity Check', 'pickle soup', ""KIRBY'S FLAG"", 'GoSecureIt', 'Cookie Shop'], 'challenge_category': ['misc', 'misc', 'misc', 'web', 'web'], 'challenge_points': ['50', '66', '50', '50', '50'], 'solve_time': ['Sat, 14 Dec 2024 13:01:24 GMT', 'Sat, 14 Dec 2024 15:22:24 GMT', 'Sat, 14 Dec 2024 15:09:57 GMT', 'Sat, 14 Dec 2024 13:24:07 GMT', 'Sat, 14 Dec 2024 13:13:53 GMT']}"
81,ForeverAlone,266,"{'challenge_name': ['Sanity Check', 'pickle soup', 'Locked Door', 'GoSecureIt', 'Cookie Shop'], 'challenge_category': ['misc', 'misc', 'web', 'web', 'web'], 'challenge_points': ['50', '66', '50', '50', '50'], 'solve_time': ['Sat, 14 Dec 2024 13:00:26 GMT', 'Sat, 14 Dec 2024 16:08:22 GMT', 'Sat, 14 Dec 2024 13:06:13 GMT', 'Sat, 14 Dec 2024 14:41:46 GMT', 'Sat, 14 Dec 2024 14:43:02 GMT']}"
82,flabgod,266,"{'challenge_name': ['Sanity Check', 'pickle soup', 'Locked Door', 'GoSecureIt', 'Cookie Shop'], 'challenge_category': ['misc', 'misc', 'web', 'web', 'web'], 'challenge_points': ['50', '66', '50', '50', '50'], 'solve_time': ['Sat, 14 Dec 2024 17:23:22 GMT', 'Sat, 14 Dec 2024 17:36:20 GMT', 'Sat, 14 Dec 2024 17:51:53 GMT', 'Sat, 14 Dec 2024 17:43:20 GMT', 'Sat, 14 Dec 2024 17:25:08 GMT']}"
83,udnap,260,"{'challenge_name': ['Sanity Check', 'pickle soup', ""A car hacker's first steps""], 'challenge_category': ['misc', 'misc', 'misc'], 'challenge_points': ['50', '66', '144'], 'solve_time': ['Sat, 14 Dec 2024 13:00:36 GMT', 'Sat, 14 Dec 2024 16:18:33 GMT', 'Sat, 14 Dec 2024 16:44:59 GMT']}"
84,Polentoni,250,"{'challenge_name': ['Sanity Check', ""KIRBY'S FLAG"", 'Locked Door', 'GoSecureIt', 'Cookie Shop'], 'challenge_category': ['misc', 'misc', 'web', 'web', 'web'], 'challenge_points': ['50', '50', '50', '50', '50'], 'solve_time': ['Sat, 14 Dec 2024 13:00:30 GMT', 'Sat, 14 Dec 2024 13:42:32 GMT', 'Sat, 14 Dec 2024 14:12:23 GMT', 'Sat, 14 Dec 2024 13:52:27 GMT', 'Sat, 14 Dec 2024 13:25:52 GMT']}"
85,wasabi,250,"{'challenge_name': ['Sanity Check', ""KIRBY'S FLAG"", 'Locked Door', 'GoSecureIt', 'Cookie Shop'], 'challenge_category': ['misc', 'misc', 'web', 'web', 'web'], 'challenge_points': ['50', '50', '50', '50', '50'], 'solve_time': ['Sat, 14 Dec 2024 13:24:57 GMT', 'Sat, 14 Dec 2024 15:09:53 GMT', 'Sat, 14 Dec 2024 15:41:00 GMT', 'Sat, 14 Dec 2024 14:18:59 GMT', 'Sat, 14 Dec 2024 13:33:08 GMT']}"
86,l0id,250,"{'challenge_name': ['Sanity Check', ""KIRBY'S FLAG"", 'Locked Door', 'GoSecureIt', 'Cookie Shop'], 'challenge_category': ['misc', 'misc', 'web', 'web', 'web'], 'challenge_points': ['50', '50', '50', '50', '50'], 'solve_time': ['Sat, 14 Dec 2024 15:12:25 GMT', 'Sat, 14 Dec 2024 15:59:23 GMT', 'Sat, 14 Dec 2024 15:40:54 GMT', 'Sat, 14 Dec 2024 15:31:38 GMT', 'Sat, 14 Dec 2024 15:15:26 GMT']}"
87,Fatal1ty,250,"{'challenge_name': ['Sanity Check', ""KIRBY'S FLAG"", 'Locked Door', 'GoSecureIt', 'Cookie Shop'], 'challenge_category': ['misc', 'misc', 'web', 'web', 'web'], 'challenge_points': ['50', '50', '50', '50', '50'], 'solve_time': ['Sat, 14 Dec 2024 13:00:26 GMT', 'Sat, 14 Dec 2024 15:25:55 GMT', 'Sat, 14 Dec 2024 16:27:18 GMT', 'Sat, 14 Dec 2024 15:02:49 GMT', 'Sat, 14 Dec 2024 13:12:36 GMT']}"
88,Hosete,250,"{'challenge_name': ['Sanity Check', ""KIRBY'S FLAG"", 'Locked Door', 'GoSecureIt', 'Cookie Shop'], 'challenge_category': ['misc', 'misc', 'web', 'web', 'web'], 'challenge_points': ['50', '50', '50', '50', '50'], 'solve_time': ['Sat, 14 Dec 2024 13:50:33 GMT', 'Sat, 14 Dec 2024 15:07:50 GMT', 'Sat, 14 Dec 2024 16:48:04 GMT', 'Sat, 14 Dec 2024 14:53:22 GMT', 'Sat, 14 Dec 2024 14:44:04 GMT']}"
89,sessantanove,250,"{'challenge_name': ['Sanity Check', ""KIRBY'S FLAG"", 'Locked Door', 'GoSecureIt', 'Cookie Shop'], 'challenge_category': ['misc', 'misc', 'web', 'web', 'web'], 'challenge_points': ['50', '50', '50', '50', '50'], 'solve_time': ['Sat, 14 Dec 2024 15:42:12 GMT', 'Sat, 14 Dec 2024 16:16:18 GMT', 'Sat, 14 Dec 2024 16:57:21 GMT', 'Sat, 14 Dec 2024 16:39:49 GMT', 'Sat, 14 Dec 2024 15:50:32 GMT']}"
90,zazafamily,250,"{'challenge_name': ['Sanity Check', ""KIRBY'S FLAG"", 'Locked Door', 'GoSecureIt', 'Cookie Shop'], 'challenge_category': ['misc', 'misc', 'web', 'web', 'web'], 'challenge_points': ['50', '50', '50', '50', '50'], 'solve_time': ['Sat, 14 Dec 2024 13:46:13 GMT', 'Sat, 14 Dec 2024 17:07:05 GMT', 'Sat, 14 Dec 2024 15:01:54 GMT', 'Sat, 14 Dec 2024 16:00:48 GMT', 'Sat, 14 Dec 2024 13:40:20 GMT']}"
91,tethernet,246,"{'challenge_name': ['Sanity Check', 'Strange noise', 'GoSecureIt', 'Cookie Shop'], 'challenge_category': ['misc', 'misc', 'web', 'web'], 'challenge_points': ['50', '96', '50', '50'], 'solve_time': ['Sat, 14 Dec 2024 13:58:49 GMT', 'Sat, 14 Dec 2024 15:03:36 GMT', 'Sat, 14 Dec 2024 16:04:47 GMT', 'Sat, 14 Dec 2024 15:36:20 GMT']}"
92,W1w1nz,244,"{'challenge_name': ['Sanity Check', ""A car hacker's first steps"", 'Cookie Shop'], 'challenge_category': ['misc', 'misc', 'web'], 'challenge_points': ['50', '144', '50'], 'solve_time': ['Sat, 14 Dec 2024 14:33:49 GMT', 'Sat, 14 Dec 2024 16:44:54 GMT', 'Sat, 14 Dec 2024 15:56:11 GMT']}"
93,vagOS,242,"{'challenge_name': ['Sanity Check', ""KIRBY'S FLAG"", 'Susculator', 'Cookie Shop'], 'challenge_category': ['misc', 'misc', 'reverse', 'web'], 'challenge_points': ['50', '50', '92', '50'], 'solve_time': ['Sat, 14 Dec 2024 13:32:00 GMT', 'Sat, 14 Dec 2024 16:08:40 GMT', 'Sat, 14 Dec 2024 14:36:13 GMT', 'Sat, 14 Dec 2024 14:47:53 GMT']}"
94,purple storm,216,"{'challenge_name': ['Sanity Check', 'pickle soup', 'GoSecureIt', 'Cookie Shop'], 'challenge_category': ['misc', 'misc', 'web', 'web'], 'challenge_points': ['50', '66', '50', '50'], 'solve_time': ['Sat, 14 Dec 2024 13:02:33 GMT', 'Sat, 14 Dec 2024 13:09:12 GMT', 'Sat, 14 Dec 2024 13:14:58 GMT', 'Sat, 14 Dec 2024 13:25:45 GMT']}"
95,Pechenya,216,"{'challenge_name': ['Sanity Check', 'pickle soup', 'GoSecureIt', 'Cookie Shop'], 'challenge_category': ['misc', 'misc', 'web', 'web'], 'challenge_points': ['50', '66', '50', '50'], 'solve_time': ['Sat, 14 Dec 2024 15:01:31 GMT', 'Sat, 14 Dec 2024 15:01:21 GMT', 'Sat, 14 Dec 2024 16:53:34 GMT', 'Sat, 14 Dec 2024 15:56:45 GMT']}"
96,Alt+F4,216,"{'challenge_name': ['Sanity Check', 'pickle soup', 'Locked Door', 'Cookie Shop'], 'challenge_category': ['misc', 'misc', 'web', 'web'], 'challenge_points': ['50', '66', '50', '50'], 'solve_time': ['Sat, 14 Dec 2024 14:25:39 GMT', 'Sat, 14 Dec 2024 15:00:40 GMT', 'Sat, 14 Dec 2024 16:37:46 GMT', 'Sat, 14 Dec 2024 17:24:05 GMT']}"
97,M1tM,200,"{'challenge_name': ['Sanity Check', 'Locked Door', 'GoSecureIt', 'Cookie Shop'], 'challenge_category': ['misc', 'web', 'web', 'web'], 'challenge_points': ['50', '50', '50', '50'], 'solve_time': ['Sat, 14 Dec 2024 13:00:20 GMT', 'Sat, 14 Dec 2024 13:32:05 GMT', 'Sat, 14 Dec 2024 13:25:22 GMT', 'Sat, 14 Dec 2024 13:16:01 GMT']}"
98,fzhshzh,200,"{'challenge_name': ['Sanity Check', ""KIRBY'S FLAG"", 'GoSecureIt', 'Cookie Shop'], 'challenge_category': ['misc', 'misc', 'web', 'web'], 'challenge_points': ['50', '50', '50', '50'], 'solve_time': ['Sat, 14 Dec 2024 14:29:47 GMT', 'Sat, 14 Dec 2024 15:37:46 GMT', 'Sat, 14 Dec 2024 15:13:30 GMT', 'Sat, 14 Dec 2024 15:02:44 GMT']}"
99,RamIT,200,"{'challenge_name': ['Sanity Check', ""KIRBY'S FLAG"", 'GoSecureIt', 'Cookie Shop'], 'challenge_category': ['misc', 'misc', 'web', 'web'], 'challenge_points': ['50', '50', '50', '50'], 'solve_time': ['Sat, 14 Dec 2024 15:51:19 GMT', 'Sat, 14 Dec 2024 16:27:43 GMT', 'Sat, 14 Dec 2024 15:46:52 GMT', 'Sat, 14 Dec 2024 14:05:38 GMT']}"
100,Integrated Hawkers,200,"{'challenge_name': ['Sanity Check', ""KIRBY'S FLAG"", 'Locked Door', 'Cookie Shop'], 'challenge_category': ['misc', 'misc', 'web', 'web'], 'challenge_points': ['50', '50', '50', '50'], 'solve_time': ['Sat, 14 Dec 2024 13:37:45 GMT', 'Sat, 14 Dec 2024 15:44:11 GMT', 'Sat, 14 Dec 2024 16:32:18 GMT', 'Sat, 14 Dec 2024 13:47:22 GMT']}"
101,Wired Ghost,200,"{'challenge_name': ['Sanity Check', ""KIRBY'S FLAG"", 'GoSecureIt', 'Cookie Shop'], 'challenge_category': ['misc', 'misc', 'web', 'web'], 'challenge_points': ['50', '50', '50', '50'], 'solve_time': ['Sat, 14 Dec 2024 13:02:22 GMT', 'Sat, 14 Dec 2024 17:39:33 GMT', 'Sat, 14 Dec 2024 13:39:14 GMT', 'Sat, 14 Dec 2024 13:12:22 GMT']}"
102,PixelPioneers25,200,"{'challenge_name': ['Sanity Check', ""KIRBY'S FLAG"", 'GoSecureIt', 'Cookie Shop'], 'challenge_category': ['misc', 'misc', 'web', 'web'], 'challenge_points': ['50', '50', '50', '50'], 'solve_time': ['Sat, 14 Dec 2024 16:05:30 GMT', 'Sat, 14 Dec 2024 17:44:01 GMT', 'Sat, 14 Dec 2024 17:21:47 GMT', 'Sat, 14 Dec 2024 16:41:12 GMT']}"
103,Quack0nimous,200,"{'challenge_name': ['Sanity Check', ""KIRBY'S FLAG"", 'Locked Door', 'Cookie Shop'], 'challenge_category': ['misc', 'misc', 'web', 'web'], 'challenge_points': ['50', '50', '50', '50'], 'solve_time': ['Sat, 14 Dec 2024 13:00:36 GMT', 'Sat, 14 Dec 2024 15:36:53 GMT', 'Sat, 14 Dec 2024 17:44:43 GMT', 'Sat, 14 Dec 2024 16:00:52 GMT']}"
104,SHA-272,200,"{'challenge_name': ['Sanity Check', 'Locked Door', 'GoSecureIt', 'Cookie Shop'], 'challenge_category': ['misc', 'web', 'web', 'web'], 'challenge_points': ['50', '50', '50', '50'], 'solve_time': ['Sat, 14 Dec 2024 17:57:16 GMT', 'Sat, 14 Dec 2024 17:10:30 GMT', 'Sat, 14 Dec 2024 17:14:53 GMT', 'Sat, 14 Dec 2024 17:16:30 GMT']}"
105,XyZ,196,"{'challenge_name': ['Sanity Check', 'Strange noise', ""KIRBY'S FLAG""], 'challenge_category': ['misc', 'misc', 'misc'], 'challenge_points': ['50', '96', '50'], 'solve_time': ['Sat, 14 Dec 2024 13:03:16 GMT', 'Sat, 14 Dec 2024 14:41:37 GMT', 'Sat, 14 Dec 2024 15:29:56 GMT']}"
106,Sudowoodocode,196,"{'challenge_name': ['Sanity Check', 'Strange noise', ""KIRBY'S FLAG""], 'challenge_category': ['misc', 'misc', 'misc'], 'challenge_points': ['50', '96', '50'], 'solve_time': ['Sat, 14 Dec 2024 13:32:57 GMT', 'Sat, 14 Dec 2024 15:41:04 GMT', 'Sat, 14 Dec 2024 14:54:52 GMT']}"
107,unknown,192,"{'challenge_name': ['Sanity Check', ""KIRBY'S FLAG"", 'Susculator'], 'challenge_category': ['misc', 'misc', 'reverse'], 'challenge_points': ['50', '50', '92'], 'solve_time': ['Sat, 14 Dec 2024 16:21:33 GMT', 'Sat, 14 Dec 2024 16:51:55 GMT', 'Sat, 14 Dec 2024 17:19:07 GMT']}"
108,PL314D3S,174,"{'challenge_name': ['Sanity Check', 'XORed picture', 'Cookie Shop'], 'challenge_category': ['misc', 'misc', 'web'], 'challenge_points': ['50', '74', '50'], 'solve_time': ['Sat, 14 Dec 2024 13:21:42 GMT', 'Sat, 14 Dec 2024 13:34:15 GMT', 'Sat, 14 Dec 2024 13:46:42 GMT']}"
109,sapio,174,"{'challenge_name': ['Sanity Check', 'XORed picture', 'Cookie Shop'], 'challenge_category': ['misc', 'misc', 'web'], 'challenge_points': ['50', '74', '50'], 'solve_time': ['Sat, 14 Dec 2024 14:28:54 GMT', 'Sat, 14 Dec 2024 15:10:08 GMT', 'Sat, 14 Dec 2024 14:41:57 GMT']}"
110,arp-p,166,"{'challenge_name': ['Sanity Check', 'pickle soup', ""KIRBY'S FLAG""], 'challenge_category': ['misc', 'misc', 'misc'], 'challenge_points': ['50', '66', '50'], 'solve_time': ['Sat, 14 Dec 2024 13:07:41 GMT', 'Sat, 14 Dec 2024 13:28:26 GMT', 'Sat, 14 Dec 2024 14:45:24 GMT']}"
111,triello,150,"{'challenge_name': ['Sanity Check', 'GoSecureIt', 'Cookie Shop'], 'challenge_category': ['misc', 'web', 'web'], 'challenge_points': ['50', '50', '50'], 'solve_time': ['Sat, 14 Dec 2024 13:17:33 GMT', 'Sat, 14 Dec 2024 14:01:45 GMT', 'Sat, 14 Dec 2024 13:17:14 GMT']}"
112,Edge Of Dimensions,150,"{'challenge_name': ['Sanity Check', ""KIRBY'S FLAG"", 'Cookie Shop'], 'challenge_category': ['misc', 'misc', 'web'], 'challenge_points': ['50', '50', '50'], 'solve_time': ['Sat, 14 Dec 2024 13:00:39 GMT', 'Sat, 14 Dec 2024 14:06:54 GMT', 'Sat, 14 Dec 2024 14:36:05 GMT']}"
113,zxc,150,"{'challenge_name': ['Sanity Check', 'Locked Door', 'Cookie Shop'], 'challenge_category': ['misc', 'web', 'web'], 'challenge_points': ['50', '50', '50'], 'solve_time': ['Sat, 14 Dec 2024 14:38:33 GMT', 'Sat, 14 Dec 2024 14:36:34 GMT', 'Sat, 14 Dec 2024 13:58:37 GMT']}"
114,Snowstorm,150,"{'challenge_name': ['Sanity Check', ""KIRBY'S FLAG"", 'Cookie Shop'], 'challenge_category': ['misc', 'misc', 'web'], 'challenge_points': ['50', '50', '50'], 'solve_time': ['Sat, 14 Dec 2024 13:47:48 GMT', 'Sat, 14 Dec 2024 14:43:37 GMT', 'Sat, 14 Dec 2024 13:52:29 GMT']}"
115,#MogamiShizuka,150,"{'challenge_name': ['Sanity Check', ""KIRBY'S FLAG"", 'Cookie Shop'], 'challenge_category': ['misc', 'misc', 'web'], 'challenge_points': ['50', '50', '50'], 'solve_time': ['Sat, 14 Dec 2024 14:13:00 GMT', 'Sat, 14 Dec 2024 15:18:29 GMT', 'Sat, 14 Dec 2024 15:23:31 GMT']}"
116,B0c4t4d3J4m0n,150,"{'challenge_name': ['Sanity Check', 'Locked Door', 'Cookie Shop'], 'challenge_category': ['misc', 'web', 'web'], 'challenge_points': ['50', '50', '50'], 'solve_time': ['Sat, 14 Dec 2024 13:00:25 GMT', 'Sat, 14 Dec 2024 15:24:47 GMT', 'Sat, 14 Dec 2024 14:06:35 GMT']}"
117,ParkS_uk1,150,"{'challenge_name': ['Sanity Check', 'GoSecureIt', 'Cookie Shop'], 'challenge_category': ['misc', 'web', 'web'], 'challenge_points': ['50', '50', '50'], 'solve_time': ['Sat, 14 Dec 2024 13:01:51 GMT', 'Sat, 14 Dec 2024 15:50:47 GMT', 'Sat, 14 Dec 2024 13:20:15 GMT']}"
118,Shy,150,"{'challenge_name': ['Locked Door', 'GoSecureIt', 'Cookie Shop'], 'challenge_category': ['web', 'web', 'web'], 'challenge_points': ['50', '50', '50'], 'solve_time': ['Sat, 14 Dec 2024 17:05:05 GMT', 'Sat, 14 Dec 2024 15:57:23 GMT', 'Sat, 14 Dec 2024 15:53:16 GMT']}"
119,46 52,150,"{'challenge_name': ['Sanity Check', ""KIRBY'S FLAG"", 'Cookie Shop'], 'challenge_category': ['misc', 'misc', 'web'], 'challenge_points': ['50', '50', '50'], 'solve_time': ['Sat, 14 Dec 2024 15:53:10 GMT', 'Sat, 14 Dec 2024 17:29:21 GMT', 'Sat, 14 Dec 2024 15:55:17 GMT']}"
120,L0ck8y7e,150,"{'challenge_name': ['Sanity Check', 'GoSecureIt', 'Cookie Shop'], 'challenge_category': ['misc', 'web', 'web'], 'challenge_points': ['50', '50', '50'], 'solve_time': ['Sat, 14 Dec 2024 17:31:09 GMT', 'Sat, 14 Dec 2024 17:19:03 GMT', 'Sat, 14 Dec 2024 17:13:26 GMT']}"
121,lucky,150,"{'challenge_name': ['Sanity Check', 'GoSecureIt', 'Cookie Shop'], 'challenge_category': ['misc', 'web', 'web'], 'challenge_points': ['50', '50', '50'], 'solve_time': ['Sat, 14 Dec 2024 15:06:11 GMT', 'Sat, 14 Dec 2024 17:34:45 GMT', 'Sat, 14 Dec 2024 16:55:10 GMT']}"
122,kamatarian2,150,"{'challenge_name': ['Sanity Check', 'GoSecureIt', 'Cookie Shop'], 'challenge_category': ['misc', 'web', 'web'], 'challenge_points': ['50', '50', '50'], 'solve_time': ['Sat, 14 Dec 2024 13:16:56 GMT', 'Sat, 14 Dec 2024 17:35:04 GMT', 'Sat, 14 Dec 2024 15:08:57 GMT']}"
123,HEXORCISTS,150,"{'challenge_name': ['Sanity Check', 'Locked Door', 'Cookie Shop'], 'challenge_category': ['misc', 'web', 'web'], 'challenge_points': ['50', '50', '50'], 'solve_time': ['Sat, 14 Dec 2024 13:40:01 GMT', 'Sat, 14 Dec 2024 17:41:32 GMT', 'Sat, 14 Dec 2024 14:48:59 GMT']}"
124,FANATICS,150,"{'challenge_name': ['Sanity Check', ""KIRBY'S FLAG"", 'Cookie Shop'], 'challenge_category': ['misc', 'misc', 'web'], 'challenge_points': ['50', '50', '50'], 'solve_time': ['Sat, 14 Dec 2024 13:22:15 GMT', 'Sat, 14 Dec 2024 14:12:23 GMT', 'Sat, 14 Dec 2024 17:46:04 GMT']}"
125,b4d33r,150,"{'challenge_name': ['Sanity Check', ""KIRBY'S FLAG"", 'Cookie Shop'], 'challenge_category': ['misc', 'misc', 'web'], 'challenge_points': ['50', '50', '50'], 'solve_time': ['Sat, 14 Dec 2024 13:29:32 GMT', 'Sat, 14 Dec 2024 17:46:42 GMT', 'Sat, 14 Dec 2024 17:18:40 GMT']}"
126,Sc4reCr0w,146,"{'challenge_name': ['Sanity Check', 'Strange noise'], 'challenge_category': ['misc', 'misc'], 'challenge_points': ['50', '96'], 'solve_time': ['Sat, 14 Dec 2024 15:14:10 GMT', 'Sat, 14 Dec 2024 15:44:08 GMT']}"
127,ret234tfe,124,"{'challenge_name': ['XORed picture', 'Cookie Shop'], 'challenge_category': ['misc', 'web'], 'challenge_points': ['74', '50'], 'solve_time': ['Sat, 14 Dec 2024 13:24:42 GMT', 'Sat, 14 Dec 2024 13:18:24 GMT']}"
128,Malekith,124,"{'challenge_name': ['Sanity Check', 'XORed picture'], 'challenge_category': ['misc', 'misc'], 'challenge_points': ['50', '74'], 'solve_time': ['Sat, 14 Dec 2024 13:05:20 GMT', 'Sat, 14 Dec 2024 14:10:31 GMT']}"
129,KH3ro,116,"{'challenge_name': ['Sanity Check', 'pickle soup'], 'challenge_category': ['misc', 'misc'], 'challenge_points': ['50', '66'], 'solve_time': ['Sat, 14 Dec 2024 13:16:37 GMT', 'Sat, 14 Dec 2024 13:30:11 GMT']}"
130,Chill Guys,116,"{'challenge_name': ['Sanity Check', 'pickle soup'], 'challenge_category': ['misc', 'misc'], 'challenge_points': ['50', '66'], 'solve_time': ['Sat, 14 Dec 2024 13:07:19 GMT', 'Sat, 14 Dec 2024 16:30:59 GMT']}"
131,watsollichsagennech,116,"{'challenge_name': ['Sanity Check', 'pickle soup'], 'challenge_category': ['misc', 'misc'], 'challenge_points': ['50', '66'], 'solve_time': ['Sat, 14 Dec 2024 16:38:52 GMT', 'Sat, 14 Dec 2024 16:38:32 GMT']}"
132,natko,100,"{'challenge_name': ['Sanity Check', 'Cookie Shop'], 'challenge_category': ['misc', 'web'], 'challenge_points': ['50', '50'], 'solve_time': ['Sat, 14 Dec 2024 13:01:43 GMT', 'Sat, 14 Dec 2024 13:03:57 GMT']}"
133,Null,100,"{'challenge_name': ['Sanity Check', 'Cookie Shop'], 'challenge_category': ['misc', 'web'], 'challenge_points': ['50', '50'], 'solve_time': ['Sat, 14 Dec 2024 13:04:41 GMT', 'Sat, 14 Dec 2024 13:03:31 GMT']}"
134,ctfrrteam,100,"{'challenge_name': ['Sanity Check', 'Cookie Shop'], 'challenge_category': ['misc', 'web'], 'challenge_points': ['50', '50'], 'solve_time': ['Sat, 14 Dec 2024 13:01:25 GMT', 'Sat, 14 Dec 2024 13:04:54 GMT']}"
135,malware mindes,100,"{'challenge_name': ['Sanity Check', 'Cookie Shop'], 'challenge_category': ['misc', 'web'], 'challenge_points': ['50', '50'], 'solve_time': ['Sat, 14 Dec 2024 13:02:04 GMT', 'Sat, 14 Dec 2024 13:05:36 GMT']}"
136,SJ_testKR,100,"{'challenge_name': ['Sanity Check', 'Cookie Shop'], 'challenge_category': ['misc', 'web'], 'challenge_points': ['50', '50'], 'solve_time': ['Sat, 14 Dec 2024 13:05:55 GMT', 'Sat, 14 Dec 2024 13:19:33 GMT']}"
137,Quetta-Gladiators,100,"{'challenge_name': ['Sanity Check', 'Cookie Shop'], 'challenge_category': ['misc', 'web'], 'challenge_points': ['50', '50'], 'solve_time': ['Sat, 14 Dec 2024 13:04:28 GMT', 'Sat, 14 Dec 2024 13:22:10 GMT']}"
138,terronymous,100,"{'challenge_name': ['Sanity Check', 'Cookie Shop'], 'challenge_category': ['misc', 'web'], 'challenge_points': ['50', '50'], 'solve_time': ['Sat, 14 Dec 2024 13:01:10 GMT', 'Sat, 14 Dec 2024 13:32:48 GMT']}"
139,3pp0,100,"{'challenge_name': ['Sanity Check', 'Cookie Shop'], 'challenge_category': ['misc', 'web'], 'challenge_points': ['50', '50'], 'solve_time': ['Sat, 14 Dec 2024 13:02:14 GMT', 'Sat, 14 Dec 2024 13:32:51 GMT']}"
140,qqq,100,"{'challenge_name': ['GoSecureIt', 'Cookie Shop'], 'challenge_category': ['web', 'web'], 'challenge_points': ['50', '50'], 'solve_time': ['Sat, 14 Dec 2024 13:47:05 GMT', 'Sat, 14 Dec 2024 13:43:37 GMT']}"
141,FULL_JOINING,100,"{'challenge_name': ['Sanity Check', 'Cookie Shop'], 'challenge_category': ['misc', 'web'], 'challenge_points': ['50', '50'], 'solve_time': ['Sat, 14 Dec 2024 13:02:57 GMT', 'Sat, 14 Dec 2024 13:57:18 GMT']}"
142,sleuth,100,"{'challenge_name': ['Sanity Check', 'Cookie Shop'], 'challenge_category': ['misc', 'web'], 'challenge_points': ['50', '50'], 'solve_time': ['Sat, 14 Dec 2024 13:33:10 GMT', 'Sat, 14 Dec 2024 14:00:06 GMT']}"
143,cs4d,100,"{'challenge_name': ['GoSecureIt', 'Cookie Shop'], 'challenge_category': ['web', 'web'], 'challenge_points': ['50', '50'], 'solve_time': ['Sat, 14 Dec 2024 14:09:45 GMT', 'Sat, 14 Dec 2024 13:59:27 GMT']}"
144,NECC,100,"{'challenge_name': ['Sanity Check', 'Cookie Shop'], 'challenge_category': ['misc', 'web'], 'challenge_points': ['50', '50'], 'solve_time': ['Sat, 14 Dec 2024 14:10:44 GMT', 'Sat, 14 Dec 2024 14:14:25 GMT']}"
145,T4N63R1N3,100,"{'challenge_name': ['Sanity Check', 'Cookie Shop'], 'challenge_category': ['misc', 'web'], 'challenge_points': ['50', '50'], 'solve_time': ['Sat, 14 Dec 2024 13:38:59 GMT', 'Sat, 14 Dec 2024 15:22:40 GMT']}"
146,Pudge Fun Club,100,"{'challenge_name': ['Sanity Check', 'Cookie Shop'], 'challenge_category': ['misc', 'web'], 'challenge_points': ['50', '50'], 'solve_time': ['Sat, 14 Dec 2024 15:23:27 GMT', 'Sat, 14 Dec 2024 14:54:44 GMT']}"
147,ChillGuys,100,"{'challenge_name': ['Sanity Check', 'Cookie Shop'], 'challenge_category': ['misc', 'web'], 'challenge_points': ['50', '50'], 'solve_time': ['Sat, 14 Dec 2024 16:11:50 GMT', 'Sat, 14 Dec 2024 16:20:51 GMT']}"
148,Squadra_4.0,100,"{'challenge_name': ['Sanity Check', 'Cookie Shop'], 'challenge_category': ['misc', 'web'], 'challenge_points': ['50', '50'], 'solve_time': ['Sat, 14 Dec 2024 13:03:13 GMT', 'Sat, 14 Dec 2024 17:01:57 GMT']}"
149,chipich4p4,100,"{'challenge_name': ['Sanity Check', ""KIRBY'S FLAG""], 'challenge_category': ['misc', 'misc'], 'challenge_points': ['50', '50'], 'solve_time': ['Sat, 14 Dec 2024 17:30:16 GMT', 'Sat, 14 Dec 2024 17:48:25 GMT']}"
150,Picknmix,50,"{'challenge_name': ['Sanity Check'], 'challenge_category': ['misc'], 'challenge_points': ['50'], 'solve_time': ['Sat, 14 Dec 2024 13:00:51 GMT']}"
151,Rhogar,50,"{'challenge_name': ['Sanity Check'], 'challenge_category': ['misc'], 'challenge_points': ['50'], 'solve_time': ['Sat, 14 Dec 2024 13:00:59 GMT']}"
152,hazaa,50,"{'challenge_name': ['Sanity Check'], 'challenge_category': ['misc'], 'challenge_points': ['50'], 'solve_time': ['Sat, 14 Dec 2024 13:01:30 GMT']}"
153,Polli Tecnico,50,"{'challenge_name': ['Sanity Check'], 'challenge_category': ['misc'], 'challenge_points': ['50'], 'solve_time': ['Sat, 14 Dec 2024 13:03:20 GMT']}"
154,kamatarian1,50,"{'challenge_name': ['Sanity Check'], 'challenge_category': ['misc'], 'challenge_points': ['50'], 'solve_time': ['Sat, 14 Dec 2024 13:06:00 GMT']}"
155,zenCipher,50,"{'challenge_name': ['Sanity Check'], 'challenge_category': ['misc'], 'challenge_points': ['50'], 'solve_time': ['Sat, 14 Dec 2024 13:06:01 GMT']}"
156,C0LLARB0N3,50,"{'challenge_name': ['Sanity Check'], 'challenge_category': ['misc'], 'challenge_points': ['50'], 'solve_time': ['Sat, 14 Dec 2024 13:13:21 GMT']}"
157,fakeaviation,50,"{'challenge_name': ['Sanity Check'], 'challenge_category': ['misc'], 'challenge_points': ['50'], 'solve_time': ['Sat, 14 Dec 2024 13:13:33 GMT']}"
158,zero-day,50,"{'challenge_name': ['Sanity Check'], 'challenge_category': ['misc'], 'challenge_points': ['50'], 'solve_time': ['Sat, 14 Dec 2024 13:16:42 GMT']}"
159,lasvegas,50,"{'challenge_name': ['Sanity Check'], 'challenge_category': ['misc'], 'challenge_points': ['50'], 'solve_time': ['Sat, 14 Dec 2024 13:17:13 GMT']}"
160,vebeweh517,50,"{'challenge_name': ['Sanity Check'], 'challenge_category': ['misc'], 'challenge_points': ['50'], 'solve_time': ['Sat, 14 Dec 2024 13:20:40 GMT']}"
161,Contradiction Set,50,"{'challenge_name': ['Sanity Check'], 'challenge_category': ['misc'], 'challenge_points': ['50'], 'solve_time': ['Sat, 14 Dec 2024 13:31:46 GMT']}"
162,Calcu_404_matics,50,"{'challenge_name': ['Sanity Check'], 'challenge_category': ['misc'], 'challenge_points': ['50'], 'solve_time': ['Sat, 14 Dec 2024 13:38:28 GMT']}"
163,jonTurks,50,"{'challenge_name': ['Sanity Check'], 'challenge_category': ['misc'], 'challenge_points': ['50'], 'solve_time': ['Sat, 14 Dec 2024 13:44:54 GMT']}"
164,TCTN,50,"{'challenge_name': ['Sanity Check'], 'challenge_category': ['misc'], 'challenge_points': ['50'], 'solve_time': ['Sat, 14 Dec 2024 13:55:54 GMT']}"
165,nocom,50,"{'challenge_name': ['Sanity Check'], 'challenge_category': ['misc'], 'challenge_points': ['50'], 'solve_time': ['Sat, 14 Dec 2024 13:59:02 GMT']}"
166,kohicha,50,"{'challenge_name': ['Sanity Check'], 'challenge_category': ['misc'], 'challenge_points': ['50'], 'solve_time': ['Sat, 14 Dec 2024 13:59:52 GMT']}"
167,AngryGabibbo,50,"{'challenge_name': ['Sanity Check'], 'challenge_category': ['misc'], 'challenge_points': ['50'], 'solve_time': ['Sat, 14 Dec 2024 14:03:29 GMT']}"
168,0xSec,50,"{'challenge_name': ['Sanity Check'], 'challenge_category': ['misc'], 'challenge_points': ['50'], 'solve_time': ['Sat, 14 Dec 2024 14:20:03 GMT']}"
169,Cyber_Trace,50,"{'challenge_name': ['Sanity Check'], 'challenge_category': ['misc'], 'challenge_points': ['50'], 'solve_time': ['Sat, 14 Dec 2024 14:25:22 GMT']}"
170,tiempa,50,"{'challenge_name': ['Sanity Check'], 'challenge_category': ['misc'], 'challenge_points': ['50'], 'solve_time': ['Sat, 14 Dec 2024 14:46:22 GMT']}"
171,just me,50,"{'challenge_name': ['Sanity Check'], 'challenge_category': ['misc'], 'challenge_points': ['50'], 'solve_time': ['Sat, 14 Dec 2024 14:49:49 GMT']}"
172,Intel Chips,50,"{'challenge_name': ['Sanity Check'], 'challenge_category': ['misc'], 'challenge_points': ['50'], 'solve_time': ['Sat, 14 Dec 2024 14:58:03 GMT']}"
173,EasyIce,50,"{'challenge_name': ['Sanity Check'], 'challenge_category': ['misc'], 'challenge_points': ['50'], 'solve_time': ['Sat, 14 Dec 2024 15:02:33 GMT']}"
174,keva,50,"{'challenge_name': ['Sanity Check'], 'challenge_category': ['misc'], 'challenge_points': ['50'], 'solve_time': ['Sat, 14 Dec 2024 15:35:42 GMT']}"
175,Mooolu,50,"{'challenge_name': ['Cookie Shop'], 'challenge_category': ['web'], 'challenge_points': ['50'], 'solve_time': ['Sat, 14 Dec 2024 15:44:29 GMT']}"
176,n0ty0ur5,50,"{'challenge_name': ['Sanity Check'], 'challenge_category': ['misc'], 'challenge_points': ['50'], 'solve_time': ['Sat, 14 Dec 2024 15:55:04 GMT']}"
177,solup,50,"{'challenge_name': ['Sanity Check'], 'challenge_category': ['misc'], 'challenge_points': ['50'], 'solve_time': ['Sat, 14 Dec 2024 16:24:25 GMT']}"
178,s9m3,50,"{'challenge_name': ['Sanity Check'], 'challenge_category': ['misc'], 'challenge_points': ['50'], 'solve_time': ['Sat, 14 Dec 2024 16:25:35 GMT']}"
179,1nf1n1ty_rcs,50,"{'challenge_name': ['Sanity Check'], 'challenge_category': ['misc'], 'challenge_points': ['50'], 'solve_time': ['Sat, 14 Dec 2024 16:41:24 GMT']}"
180,Falcon001001,50,"{'challenge_name': ['Sanity Check'], 'challenge_category': ['misc'], 'challenge_points': ['50'], 'solve_time': ['Sat, 14 Dec 2024 17:32:36 GMT']}"
181,asdfqwer,50,"{'challenge_name': ['Cookie Shop'], 'challenge_category': ['web'], 'challenge_points': ['50'], 'solve_time': ['Sat, 14 Dec 2024 17:41:33 GMT']}"
182,wassupp,50,"{'challenge_name': ['Sanity Check'], 'challenge_category': ['misc'], 'challenge_points': ['50'], 'solve_time': ['Sat, 14 Dec 2024 17:50:54 GMT']}"
183,____,0,"{'challenge_name': [], 'challenge_category': [], 'challenge_points': [], 'solve_time': []}"
184,!_1AF,0,"{'challenge_name': [], 'challenge_category': [], 'challenge_points': [], 'solve_time': []}"
185,....,0,"{'challenge_name': [], 'challenge_category': [], 'challenge_points': [], 'solve_time': []}"
186,*_*,0,"{'challenge_name': [], 'challenge_category': [], 'challenge_points': [], 'solve_time': []}"
187,0_0,0,"{'challenge_name': [], 'challenge_category': [], 'challenge_points': [], 'solve_time': []}"
188,0sueuk,0,"{'challenge_name': [], 'challenge_category': [], 'challenge_points': [], 'solve_time': []}"
189,0xNuecht,0,"{'challenge_name': [], 'challenge_category': [], 'challenge_points': [], 'solve_time': []}"
190,100Trying,0,"{'challenge_name': [], 'challenge_category': [], 'challenge_points': [], 'solve_time': []}"
191,11111,0,"{'challenge_name': [], 'challenge_category': [], 'challenge_points': [], 'solve_time': []}"
192,17wss,0,"{'challenge_name': [], 'challenge_category': [], 'challenge_points': [], 'solve_time': []}"
193,2222,0,"{'challenge_name': [], 'challenge_category': [], 'challenge_points': [], 'solve_time': []}"
194,3xploit_zero,0,"{'challenge_name': [], 'challenge_category': [], 'challenge_points': [], 'solve_time': []}"
195,abcdef,0,"{'challenge_name': [], 'challenge_category': [], 'challenge_points': [], 'solve_time': []}"
196,abdullahK,0,"{'challenge_name': [], 'challenge_category': [], 'challenge_points': [], 'solve_time': []}"
197,Adventure Time,0,"{'challenge_name': [], 'challenge_category': [], 'challenge_points': [], 'solve_time': []}"
198,Aktobe,0,"{'challenge_name': [], 'challenge_category': [], 'challenge_points': [], 'solve_time': []}"
199,albantor30,0,"{'challenge_name': [], 'challenge_category': [], 'challenge_points': [], 'solve_time': []}"
200,andser612345,0,"{'challenge_name': [], 'challenge_category': [], 'challenge_points': [], 'solve_time': []}"
201,Anon 13,0,"{'challenge_name': [], 'challenge_category': [], 'challenge_points': [], 'solve_time': []}"
202,asd,0,"{'challenge_name': [], 'challenge_category': [], 'challenge_points': [], 'solve_time': []}"
203,ay0,0,"{'challenge_name': [], 'challenge_category': [], 'challenge_points': [], 'solve_time': []}"
204,BacMoon,0,"{'challenge_name': [], 'challenge_category': [], 'challenge_points': [], 'solve_time': []}"
205,banana,0,"{'challenge_name': [], 'challenge_category': [], 'challenge_points': [], 'solve_time': []}"
206,BASS.,0,"{'challenge_name': [], 'challenge_category': [], 'challenge_points': [], 'solve_time': []}"
207,bearmoon,0,"{'challenge_name': [], 'challenge_category': [], 'challenge_points': [], 'solve_time': []}"
208,Beauties,0,"{'challenge_name': [], 'challenge_category': [], 'challenge_points': [], 'solve_time': []}"
209,besthero3,0,"{'challenge_name': [], 'challenge_category': [], 'challenge_points': [], 'solve_time': []}"
210,black sheep,0,"{'challenge_name': [], 'challenge_category': [], 'challenge_points': [], 'solve_time': []}"
211,BlackSniper,0,"{'challenge_name': [], 'challenge_category': [], 'challenge_points': [], 'solve_time': []}"
212,bob,0,"{'challenge_name': [], 'challenge_category': [], 'challenge_points': [], 'solve_time': []}"
213,BrHackeuses & Friends,0,"{'challenge_name': [], 'challenge_category': [], 'challenge_points': [], 'solve_time': []}"
214,BW Cerdas,0,"{'challenge_name': [], 'challenge_category': [], 'challenge_points': [], 'solve_time': []}"
215,c0d3_r3d,0,"{'challenge_name': [], 'challenge_category': [], 'challenge_points': [], 'solve_time': []}"
216,c0raline,0,"{'challenge_name': [], 'challenge_category': [], 'challenge_points': [], 'solve_time': []}"
217,CarpeDien,0,"{'challenge_name': [], 'challenge_category': [], 'challenge_points': [], 'solve_time': []}"
218,Cipherghost99,0,"{'challenge_name': [], 'challenge_category': [], 'challenge_points': [], 'solve_time': []}"
219,CryptoKobolds,0,"{'challenge_name': [], 'challenge_category': [], 'challenge_points': [], 'solve_time': []}"
220,csiml,0,"{'challenge_name': [], 'challenge_category': [], 'challenge_points': [], 'solve_time': []}"
221,CTFucker,0,"{'challenge_name': [], 'challenge_category': [], 'challenge_points': [], 'solve_time': []}"
222,cyberman,0,"{'challenge_name': [], 'challenge_category': [], 'challenge_points': [], 'solve_time': []}"
223,DaBaddest,0,"{'challenge_name': [], 'challenge_category': [], 'challenge_points': [], 'solve_time': []}"
224,damngrey,0,"{'challenge_name': [], 'challenge_category': [], 'challenge_points': [], 'solve_time': []}"
225,Danonymous,0,"{'challenge_name': [], 'challenge_category': [], 'challenge_points': [], 'solve_time': []}"
226,darkamericano,0,"{'challenge_name': [], 'challenge_category': [], 'challenge_points': [], 'solve_time': []}"
227,DD_test,0,"{'challenge_name': [], 'challenge_category': [], 'challenge_points': [], 'solve_time': []}"
228,deebato.,0,"{'challenge_name': [], 'challenge_category': [], 'challenge_points': [], 'solve_time': []}"
229,dsaxaswdda,0,"{'challenge_name': [], 'challenge_category': [], 'challenge_points': [], 'solve_time': []}"
230,duskto,0,"{'challenge_name': [], 'challenge_category': [], 'challenge_points': [], 'solve_time': []}"
231,Ech0_Cryp7,0,"{'challenge_name': [], 'challenge_category': [], 'challenge_points': [], 'solve_time': []}"
232,edamame,0,"{'challenge_name': [], 'challenge_category': [], 'challenge_points': [], 'solve_time': []}"
233,ellisz,0,"{'challenge_name': [], 'challenge_category': [], 'challenge_points': [], 'solve_time': []}"
234,ere,0,"{'challenge_name': [], 'challenge_category': [], 'challenge_points': [], 'solve_time': []}"
235,ergwrg,0,"{'challenge_name': [], 'challenge_category': [], 'challenge_points': [], 'solve_time': []}"
236,Eveheeero,0,"{'challenge_name': [], 'challenge_category': [], 'challenge_points': [], 'solve_time': []}"
237,exDeviants,0,"{'challenge_name': [], 'challenge_category': [], 'challenge_points': [], 'solve_time': []}"
238,fbins,0,"{'challenge_name': [], 'challenge_category': [], 'challenge_points': [], 'solve_time': []}"
239,fib,0,"{'challenge_name': [], 'challenge_category': [], 'challenge_points': [], 'solve_time': []}"
240,flagbot,0,"{'challenge_name': [], 'challenge_category': [], 'challenge_points': [], 'solve_time': []}"
241,free,0,"{'challenge_name': [], 'challenge_category': [], 'challenge_points': [], 'solve_time': []}"
242,freep0nx,0,"{'challenge_name': [], 'challenge_category': [], 'challenge_points': [], 'solve_time': []}"
243,GanSw,0,"{'challenge_name': [], 'challenge_category': [], 'challenge_points': [], 'solve_time': []}"
244,Garhin,0,"{'challenge_name': [], 'challenge_category': [], 'challenge_points': [], 'solve_time': []}"
245,gays,0,"{'challenge_name': [], 'challenge_category': [], 'challenge_points': [], 'solve_time': []}"
246,Gelato,0,"{'challenge_name': [], 'challenge_category': [], 'challenge_points': [], 'solve_time': []}"
247,glitch,0,"{'challenge_name': [], 'challenge_category': [], 'challenge_points': [], 'solve_time': []}"
248,gustavo,0,"{'challenge_name': [], 'challenge_category': [], 'challenge_points': [], 'solve_time': []}"
249,h4ckm4sse,0,"{'challenge_name': [], 'challenge_category': [], 'challenge_points': [], 'solve_time': []}"
250,h4ppy,0,"{'challenge_name': [], 'challenge_category': [], 'challenge_points': [], 'solve_time': []}"
251,h4sh,0,"{'challenge_name': [], 'challenge_category': [], 'challenge_points': [], 'solve_time': []}"
252,Hackafon,0,"{'challenge_name': [], 'challenge_category': [], 'challenge_points': [], 'solve_time': []}"
253,HackingNoHero,0,"{'challenge_name': [], 'challenge_category': [], 'challenge_points': [], 'solve_time': []}"
254,hanbunny,0,"{'challenge_name': [], 'challenge_category': [], 'challenge_points': [], 'solve_time': []}"
255,hee,0,"{'challenge_name': [], 'challenge_category': [], 'challenge_points': [], 'solve_time': []}"
256,heil,0,"{'challenge_name': [], 'challenge_category': [], 'challenge_points': [], 'solve_time': []}"
257,hep,0,"{'challenge_name': [], 'challenge_category': [], 'challenge_points': [], 'solve_time': []}"
258,here,0,"{'challenge_name': [], 'challenge_category': [], 'challenge_points': [], 'solve_time': []}"
259,hhhai,0,"{'challenge_name': [], 'challenge_category': [], 'challenge_points': [], 'solve_time': []}"
260,HOSSURDO,0,"{'challenge_name': [], 'challenge_category': [], 'challenge_points': [], 'solve_time': []}"
261,Huxil,0,"{'challenge_name': [], 'challenge_category': [], 'challenge_points': [], 'solve_time': []}"
262,independent,0,"{'challenge_name': [], 'challenge_category': [], 'challenge_points': [], 'solve_time': []}"
263,Inf3ct3d,0,"{'challenge_name': [], 'challenge_category': [], 'challenge_points': [], 'solve_time': []}"
264,jhanks,0,"{'challenge_name': [], 'challenge_category': [], 'challenge_points': [], 'solve_time': []}"
265,jki,0,"{'challenge_name': [], 'challenge_category': [], 'challenge_points': [], 'solve_time': []}"
266,k0shka,0,"{'challenge_name': [], 'challenge_category': [], 'challenge_points': [], 'solve_time': []}"
267,keyboardJuggernaut,0,"{'challenge_name': [], 'challenge_category': [], 'challenge_points': [], 'solve_time': []}"
268,khaledsh,0,"{'challenge_name': [], 'challenge_category': [], 'challenge_points': [], 'solve_time': []}"
269,killswitch,0,"{'challenge_name': [], 'challenge_category': [], 'challenge_points': [], 'solve_time': []}"
270,l&l,0,"{'challenge_name': [], 'challenge_category': [], 'challenge_points': [], 'solve_time': []}"
271,lesgoski,0,"{'challenge_name': [], 'challenge_category': [], 'challenge_points': [], 'solve_time': []}"
272,Light-creator,0,"{'challenge_name': [], 'challenge_category': [], 'challenge_points': [], 'solve_time': []}"
273,liuzhaoi,0,"{'challenge_name': [], 'challenge_category': [], 'challenge_points': [], 'solve_time': []}"
274,logdav,0,"{'challenge_name': [], 'challenge_category': [], 'challenge_points': [], 'solve_time': []}"
275,lonely_warr1or,0,"{'challenge_name': [], 'challenge_category': [], 'challenge_points': [], 'solve_time': []}"
276,lorenzobunaj,0,"{'challenge_name': [], 'challenge_category': [], 'challenge_points': [], 'solve_time': []}"
277,lsssss,0,"{'challenge_name': [], 'challenge_category': [], 'challenge_points': [], 'solve_time': []}"
278,Lynx_Gh0$tScr1pts,0,"{'challenge_name': [], 'challenge_category': [], 'challenge_points': [], 'solve_time': []}"
279,Lynx_GhostScripts,0,"{'challenge_name': [], 'challenge_category': [], 'challenge_points': [], 'solve_time': []}"
280,m1nt4l1ty,0,"{'challenge_name': [], 'challenge_category': [], 'challenge_points': [], 'solve_time': []}"
281,Madoka,0,"{'challenge_name': [], 'challenge_category': [], 'challenge_points': [], 'solve_time': []}"
282,mak47,0,"{'challenge_name': [], 'challenge_category': [], 'challenge_points': [], 'solve_time': []}"
283,Malware Mavens,0,"{'challenge_name': [], 'challenge_category': [], 'challenge_points': [], 'solve_time': []}"
284,Maze Breakers,0,"{'challenge_name': [], 'challenge_category': [], 'challenge_points': [], 'solve_time': []}"
285,MCG,0,"{'challenge_name': [], 'challenge_category': [], 'challenge_points': [], 'solve_time': []}"
286,miaobaubau,0,"{'challenge_name': [], 'challenge_category': [], 'challenge_points': [], 'solve_time': []}"
287,mikunation,0,"{'challenge_name': [], 'challenge_category': [], 'challenge_points': [], 'solve_time': []}"
288,naruto,0,"{'challenge_name': [], 'challenge_category': [], 'challenge_points': [], 'solve_time': []}"
289,Neonkat,0,"{'challenge_name': [], 'challenge_category': [], 'challenge_points': [], 'solve_time': []}"
290,neuillax,0,"{'challenge_name': [], 'challenge_category': [], 'challenge_points': [], 'solve_time': []}"
291,newbie33,0,"{'challenge_name': [], 'challenge_category': [], 'challenge_points': [], 'solve_time': []}"
292,newTeam,0,"{'challenge_name': [], 'challenge_category': [], 'challenge_points': [], 'solve_time': []}"
293,newteamnewteam,0,"{'challenge_name': [], 'challenge_category': [], 'challenge_points': [], 'solve_time': []}"
294,nihao,0,"{'challenge_name': [], 'challenge_category': [], 'challenge_points': [], 'solve_time': []}"
295,no rev/pwn no life,0,"{'challenge_name': [], 'challenge_category': [], 'challenge_points': [], 'solve_time': []}"
296,Nom,0,"{'challenge_name': [], 'challenge_category': [], 'challenge_points': [], 'solve_time': []}"
297,noteam,0,"{'challenge_name': [], 'challenge_category': [], 'challenge_points': [], 'solve_time': []}"
298,noTTeamGhan,0,"{'challenge_name': [], 'challenge_category': [], 'challenge_points': [], 'solve_time': []}"
299,nvkiero,0,"{'challenge_name': [], 'challenge_category': [], 'challenge_points': [], 'solve_time': []}"
300,Okkadne,0,"{'challenge_name': [], 'challenge_category': [], 'challenge_points': [], 'solve_time': []}"
301,Osally101$,0,"{'challenge_name': [], 'challenge_category': [], 'challenge_points': [], 'solve_time': []}"
302,p0wn,0,"{'challenge_name': [], 'challenge_category': [], 'challenge_points': [], 'solve_time': []}"
303,P0wn,0,"{'challenge_name': [], 'challenge_category': [], 'challenge_points': [], 'solve_time': []}"
304,Pancakes,0,"{'challenge_name': [], 'challenge_category': [], 'challenge_points': [], 'solve_time': []}"
305,PersianCats,0,"{'challenge_name': [], 'challenge_category': [], 'challenge_points': [], 'solve_time': []}"
306,Personal,0,"{'challenge_name': [], 'challenge_category': [], 'challenge_points': [], 'solve_time': []}"
307,pigeon,0,"{'challenge_name': [], 'challenge_category': [], 'challenge_points': [], 'solve_time': []}"
308,PKA-TheCreati0n,0,"{'challenge_name': [], 'challenge_category': [], 'challenge_points': [], 'solve_time': []}"
309,pog,0,"{'challenge_name': [], 'challenge_category': [], 'challenge_points': [], 'solve_time': []}"
310,Practice,0,"{'challenge_name': [], 'challenge_category': [], 'challenge_points': [], 'solve_time': []}"
311,Protolo,0,"{'challenge_name': [], 'challenge_category': [], 'challenge_points': [], 'solve_time': []}"
312,qrhf rk znpuvan,0,"{'challenge_name': [], 'challenge_category': [], 'challenge_points': [], 'solve_time': []}"
313,Quetta Galiators,0,"{'challenge_name': [], 'challenge_category': [], 'challenge_points': [], 'solve_time': []}"
314,Qwerty,0,"{'challenge_name': [], 'challenge_category': [], 'challenge_points': [], 'solve_time': []}"
315,qwerty1986,0,"{'challenge_name': [], 'challenge_category': [], 'challenge_points': [], 'solve_time': []}"
316,r00t@locahost,0,"{'challenge_name': [], 'challenge_category': [], 'challenge_points': [], 'solve_time': []}"
317,R3BEL5,0,"{'challenge_name': [], 'challenge_category': [], 'challenge_points': [], 'solve_time': []}"
318,r4c00ns,0,"{'challenge_name': [], 'challenge_category': [], 'challenge_points': [], 'solve_time': []}"
319,renkofumo,0,"{'challenge_name': [], 'challenge_category': [], 'challenge_points': [], 'solve_time': []}"
320,ri5e,0,"{'challenge_name': [], 'challenge_category': [], 'challenge_points': [], 'solve_time': []}"
321,RNDTM,0,"{'challenge_name': [], 'challenge_category': [], 'challenge_points': [], 'solve_time': []}"
322,rocco,0,"{'challenge_name': [], 'challenge_category': [], 'challenge_points': [], 'solve_time': []}"
323,Rubi di Cubrik,0,"{'challenge_name': [], 'challenge_category': [], 'challenge_points': [], 'solve_time': []}"
324,sadsefc4,0,"{'challenge_name': [], 'challenge_category': [], 'challenge_points': [], 'solve_time': []}"
325,samsoncharlse,0,"{'challenge_name': [], 'challenge_category': [], 'challenge_points': [], 'solve_time': []}"
326,Sattar allah,0,"{'challenge_name': [], 'challenge_category': [], 'challenge_points': [], 'solve_time': []}"
327,Seeking Alpha,0,"{'challenge_name': [], 'challenge_category': [], 'challenge_points': [], 'solve_time': []}"
328,Sempak_Naga_Merah,0,"{'challenge_name': [], 'challenge_category': [], 'challenge_points': [], 'solve_time': []}"
329,ShAlom,0,"{'challenge_name': [], 'challenge_category': [], 'challenge_points': [], 'solve_time': []}"
330,she,0,"{'challenge_name': [], 'challenge_category': [], 'challenge_points': [], 'solve_time': []}"
331,Shin0bi,0,"{'challenge_name': [], 'challenge_category': [], 'challenge_points': [], 'solve_time': []}"
332,sina,0,"{'challenge_name': [], 'challenge_category': [], 'challenge_points': [], 'solve_time': []}"
333,SingleMan,0,"{'challenge_name': [], 'challenge_category': [], 'challenge_points': [], 'solve_time': []}"
334,Sipen133,0,"{'challenge_name': [], 'challenge_category': [], 'challenge_points': [], 'solve_time': []}"
335,SJ_test,0,"{'challenge_name': [], 'challenge_category': [], 'challenge_points': [], 'solve_time': []}"
336,soala gogo,0,"{'challenge_name': [], 'challenge_category': [], 'challenge_points': [], 'solve_time': []}"
337,Solo,0,"{'challenge_name': [], 'challenge_category': [], 'challenge_points': [], 'solve_time': []}"
338,SoloBox,0,"{'challenge_name': [], 'challenge_category': [], 'challenge_points': [], 'solve_time': []}"
339,Spring,0,"{'challenge_name': [], 'challenge_category': [], 'challenge_points': [], 'solve_time': []}"
340,Squadra.404,0,"{'challenge_name': [], 'challenge_category': [], 'challenge_points': [], 'solve_time': []}"
341,stalk,0,"{'challenge_name': [], 'challenge_category': [], 'challenge_points': [], 'solve_time': []}"
342,StealthX,0,"{'challenge_name': [], 'challenge_category': [], 'challenge_points': [], 'solve_time': []}"
343,suzu,0,"{'challenge_name': [], 'challenge_category': [], 'challenge_points': [], 'solve_time': []}"
344,t00m-s,0,"{'challenge_name': [], 'challenge_category': [], 'challenge_points': [], 'solve_time': []}"
345,team,0,"{'challenge_name': [], 'challenge_category': [], 'challenge_points': [], 'solve_time': []}"
346,team Angio,0,"{'challenge_name': [], 'challenge_category': [], 'challenge_points': [], 'solve_time': []}"
347,tecvity,0,"{'challenge_name': [], 'challenge_category': [], 'challenge_points': [], 'solve_time': []}"
348,temp,0,"{'challenge_name': [], 'challenge_category': [], 'challenge_points': [], 'solve_time': []}"
349,terr0nymous,0,"{'challenge_name': [], 'challenge_category': [], 'challenge_points': [], 'solve_time': []}"
350,test,0,"{'challenge_name': [], 'challenge_category': [], 'challenge_points': [], 'solve_time': []}"
351,Test12,0,"{'challenge_name': [], 'challenge_category': [], 'challenge_points': [], 'solve_time': []}"
352,Test13,0,"{'challenge_name': [], 'challenge_category': [], 'challenge_points': [], 'solve_time': []}"
353,test34356734036,0,"{'challenge_name': [], 'challenge_category': [], 'challenge_points': [], 'solve_time': []}"
354,the p0wn3rs,0,"{'challenge_name': [], 'challenge_category': [], 'challenge_points': [], 'solve_time': []}"
355,ThePlayer372,0,"{'challenge_name': [], 'challenge_category': [], 'challenge_points': [], 'solve_time': []}"
356,timur society,0,"{'challenge_name': [], 'challenge_category': [], 'challenge_points': [], 'solve_time': []}"
357,Tremendous hacker,0,"{'challenge_name': [], 'challenge_category': [], 'challenge_points': [], 'solve_time': []}"
358,trongtrongellisz,0,"{'challenge_name': [], 'challenge_category': [], 'challenge_points': [], 'solve_time': []}"
359,U-Official,0,"{'challenge_name': [], 'challenge_category': [], 'challenge_points': [], 'solve_time': []}"
360,uio,0,"{'challenge_name': [], 'challenge_category': [], 'challenge_points': [], 'solve_time': []}"
361,UnsaltedHash,0,"{'challenge_name': [], 'challenge_category': [], 'challenge_points': [], 'solve_time': []}"
362,username,0,"{'challenge_name': [], 'challenge_category': [], 'challenge_points': [], 'solve_time': []}"
363,w7w7,0,"{'challenge_name': [], 'challenge_category': [], 'challenge_points': [], 'solve_time': []}"
364,wekkend,0,"{'challenge_name': [], 'challenge_category': [], 'challenge_points': [], 'solve_time': []}"
365,Whois,0,"{'challenge_name': [], 'challenge_category': [], 'challenge_points': [], 'solve_time': []}"
366,Winter,0,"{'challenge_name': [], 'challenge_category': [], 'challenge_points': [], 'solve_time': []}"
367,wired_gang,0,"{'challenge_name': [], 'challenge_category': [], 'challenge_points': [], 'solve_time': []}"
368,wqsemc,0,"{'challenge_name': [], 'challenge_category': [], 'challenge_points': [], 'solve_time': []}"
369,Yabh,0,"{'challenge_name': [], 'challenge_category': [], 'challenge_points': [], 'solve_time': []}"
370,yamamoto_yohan,0,"{'challenge_name': [], 'challenge_category': [], 'challenge_points': [], 'solve_time': []}"
371,YCF,0,"{'challenge_name': [], 'challenge_category': [], 'challenge_points': [], 'solve_time': []}"
372,Yuvraj,0,"{'challenge_name': [], 'challenge_category': [], 'challenge_points': [], 'solve_time': []}"
373,Zero  Flagz,0,"{'challenge_name': [], 'challenge_category': [], 'challenge_points': [], 'solve_time': []}"
374,Zero-Day Collective,0,"{'challenge_name': [], 'challenge_category': [], 'challenge_points': [], 'solve_time': []}"
375,ZeroForge,0,"{'challenge_name': [], 'challenge_category': [], 'challenge_points': [], 'solve_time': []}"
376,ZeroMarea,0,"{'challenge_name': [], 'challenge_category': [], 'challenge_points': [], 'solve_time': []}"
377,zsydashuaibi,0,"{'challenge_name': [], 'challenge_category': [], 'challenge_points': [], 'solve_time': []}"
378,Zzzz,0,"{'challenge_name': [], 'challenge_category': [], 'challenge_points': [], 'solve_time': []}"
