Position,points,name,challenge
1,5740,5h1kh4r,"{'challenge_name': ['Clocking In?', 'Local', 'Log-ical - Part 4', 'UrchinPirates 4', 'UrchinPirates 3', 'UrchinPirates 2', 'UrchinPirates 1', ""Let's Vibe"", 'Evil Park 4', 'Evil Park 3', 'Evil Park 2', 'Evil Park 1', 'Panel', 'Notee', 'Pyrison', 'Tr3ppl3 Stuffs', 'Shifty Business', 'Log-ical - Part 3', 'ABC Phonics', 'Drift', 'bonD', 'Box', 'Log-ical - Part 2', 'Ugomvi', 'Syringe', 'RedHand', '10 Round', 'Open Letter', 'Follow Us', 'Log-ical - Part 1', 'Heart', 'Welcome to UrchinSec', 'WarmUp', 'Destination'], 'challenge_category': ['OSINT', 'Web Security', 'Forensics', 'OSINT', 'OSINT', 'OSINT', 'OSINT', 'Reverse Engineering', 'Forensics', 'Forensics', 'Forensics', 'Forensics', 'Reverse Engineering', 'Web Security', 'Web Security', 'Cryptography', 'Cryptography', 'Forensics', 'Cryptography', 'Reverse Engineering', 'Reverse Engineering', 'Cryptography', 'Forensics', 'Cryptography', 'Secure Code Reviewing', 'Secure Code Reviewing', 'Forensics', 'Forensics', 'OSINT', 'Forensics', 'Secure Code Reviewing', 'Miscellaneous ', 'Cryptography', 'Cryptography'], 'challenge_points': ['300', '100', '100', '100', '100', '100', '300', '100', '100', '100', '100', '100', '300', '300', '500', '300', '100', '300', '100', '300', '100', '100', '300', '100', '100', '100', '100', '300', '100', '100', '100', '100', '300', '100'], 'solve_time': ['2024-10-27T14:19:05.869517Z', '2024-10-27T10:12:11.968492Z', '2024-10-27T09:55:32.020883Z', '2024-10-27T09:10:15.530200Z', '2024-10-27T09:08:47.275937Z', '2024-10-27T09:06:41.061217Z', '2024-10-27T09:00:45.598591Z', '2024-10-27T08:44:01.338830Z', '2024-10-27T08:20:51.482430Z', '2024-10-27T08:20:05.774504Z', '2024-10-27T08:19:45.543341Z', '2024-10-27T08:15:27.020632Z', '2024-10-27T07:39:18.337200Z', '2024-10-27T05:27:09.005944Z', '2024-10-27T04:57:55.569179Z', '2024-10-27T04:36:47.586972Z', '2024-10-27T04:21:36.938118Z', '2024-10-26T16:36:42.196511Z', '2024-10-26T14:57:15.431897Z', '2024-10-26T12:27:30.455124Z', '2024-10-26T12:16:42.366198Z', '2024-10-26T11:49:50.764124Z', '2024-10-26T11:47:13.823366Z', '2024-10-26T09:01:35.644147Z', '2024-10-26T08:41:11.099248Z', '2024-10-26T08:38:50.011491Z', '2024-10-26T08:11:04.234375Z', '2024-10-26T07:51:26.642018Z', '2024-10-26T07:42:17.353596Z', '2024-10-26T07:24:03.244669Z', '2024-10-26T07:16:50.033144Z', '2024-10-26T07:14:20.027408Z', '2024-10-26T07:11:20.951248Z', '2024-10-26T07:06:03.728669Z']}"
2,5200,0x1337,"{'challenge_name': ['Local', 'bonD', 'ABC Phonics', 'Log-ical - Part 4', 'Panel', 'Tr3ppl3 Stuffs', 'Shifty Business', 'Pytholator', 'Log-ical - Part 3', 'Notee', ""Let's Vibe"", 'Box', 'Drift', 'Follow Us', '10 Round', 'Log-ical - Part 2', 'RedHand', 'Evil Park 4', 'Evil Park 3', 'Evil Park 2', 'Evil Park 1', 'Ugomvi', 'WarmUp', 'Pyrison', 'Log-ical - Part 1', 'Open Letter', 'Destination', 'Syringe', 'Heart', 'Welcome to UrchinSec'], 'challenge_category': ['Web Security', 'Reverse Engineering', 'Cryptography', 'Forensics', 'Reverse Engineering', 'Cryptography', 'Cryptography', 'Web Security', 'Forensics', 'Web Security', 'Reverse Engineering', 'Cryptography', 'Reverse Engineering', 'OSINT', 'Forensics', 'Forensics', 'Secure Code Reviewing', 'Forensics', 'Forensics', 'Forensics', 'Forensics', 'Cryptography', 'Cryptography', 'Web Security', 'Forensics', 'Forensics', 'Cryptography', 'Secure Code Reviewing', 'Secure Code Reviewing', 'Miscellaneous '], 'challenge_points': ['100', '100', '100', '100', '300', '300', '100', '300', '300', '300', '100', '100', '300', '100', '100', '300', '100', '100', '100', '100', '100', '100', '300', '500', '100', '300', '100', '100', '100', '100'], 'solve_time': ['2024-10-27T17:02:51.196457Z', '2024-10-27T08:50:25.322629Z', '2024-10-27T05:02:45.438646Z', '2024-10-27T04:16:58.213562Z', '2024-10-26T21:15:23.601285Z', '2024-10-26T19:47:48.075038Z', '2024-10-26T19:35:42.846095Z', '2024-10-26T15:28:51.437758Z', '2024-10-26T14:57:47.910503Z', '2024-10-26T14:09:59.713013Z', '2024-10-26T12:29:17.050428Z', '2024-10-26T12:14:58.970790Z', '2024-10-26T11:52:52.376255Z', '2024-10-26T11:18:15.026833Z', '2024-10-26T11:06:15.157741Z', '2024-10-26T10:34:20.206741Z', '2024-10-26T10:14:13.645335Z', '2024-10-26T10:12:35.468174Z', '2024-10-26T10:08:30.401691Z', '2024-10-26T10:06:51.434941Z', '2024-10-26T09:56:16.098867Z', '2024-10-26T09:30:54.627705Z', '2024-10-26T09:13:05.372219Z', '2024-10-26T09:07:56.792094Z', '2024-10-26T08:34:09.996290Z', '2024-10-26T08:29:15.631815Z', '2024-10-26T06:49:07.459659Z', '2024-10-26T06:46:52.207117Z', '2024-10-26T06:44:13.176643Z', '2024-10-26T06:40:11.114774Z']}"
3,4690,##,"{'challenge_name': ['Tr3ppl3 Stuffs', 'bonD', 'Log-ical - Part 4', 'Panel', 'Notee', 'Shifty Business', 'Log-ical - Part 3', 'Log-ical - Part 2', ""Let's Vibe"", 'Drift', 'Box', '10 Round', 'Follow Us', 'Pyrison', 'Evil Park 4', 'Evil Park 3', 'Evil Park 2', 'Welcome to UrchinSec', 'Syringe', 'Evil Park 1', 'RedHand', 'Heart', 'Ugomvi', 'Open Letter', 'Log-ical - Part 1', 'WarmUp', 'Destination'], 'challenge_category': ['Cryptography', 'Reverse Engineering', 'Forensics', 'Reverse Engineering', 'Web Security', 'Cryptography', 'Forensics', 'Forensics', 'Reverse Engineering', 'Reverse Engineering', 'Cryptography', 'Forensics', 'OSINT', 'Web Security', 'Forensics', 'Forensics', 'Forensics', 'Miscellaneous ', 'Secure Code Reviewing', 'Forensics', 'Secure Code Reviewing', 'Secure Code Reviewing', 'Cryptography', 'Forensics', 'Forensics', 'Cryptography', 'Cryptography'], 'challenge_points': ['300', '100', '100', '300', '300', '100', '300', '300', '100', '300', '100', '100', '100', '500', '100', '100', '100', '100', '100', '100', '100', '100', '100', '300', '100', '300', '100'], 'solve_time': ['2024-10-27T13:47:58.384005Z', '2024-10-27T10:09:43.694142Z', '2024-10-27T09:25:27.546591Z', '2024-10-26T21:16:06.169601Z', '2024-10-26T20:23:12.198204Z', '2024-10-26T18:45:26.096418Z', '2024-10-26T14:56:33.610888Z', '2024-10-26T14:33:16.853673Z', '2024-10-26T13:04:18.248802Z', '2024-10-26T13:00:44.077782Z', '2024-10-26T12:36:13.363819Z', '2024-10-26T12:07:56.191047Z', '2024-10-26T11:32:25.625499Z', '2024-10-26T10:38:28.631900Z', '2024-10-26T10:33:02.113495Z', '2024-10-26T10:32:42.410856Z', '2024-10-26T10:30:46.466261Z', '2024-10-26T10:05:59.291496Z', '2024-10-26T10:03:32.386451Z', '2024-10-26T10:01:49.815211Z', '2024-10-26T09:59:19.847868Z', '2024-10-26T09:55:29.638943Z', '2024-10-26T09:46:27.082999Z', '2024-10-26T09:44:57.044843Z', '2024-10-26T09:41:11.204749Z', '2024-10-26T09:11:12.746637Z', '2024-10-26T08:57:44.225050Z']}"
4,3750,proflamyt,"{'challenge_name': ['Evil Park 4', 'Evil Park 3', 'Evil Park 2', 'Evil Park 1', '10 Round', 'Log-ical - Part 1', 'Ugomvi', 'bonD', 'Destination', 'Box', 'RedHand', 'Panel', 'Shifty Business', 'Heart', 'Tr3ppl3 Stuffs', 'Open Letter', 'Drift', 'Notee', ""Let's Vibe"", 'WarmUp', 'Syringe', 'Pyrison'], 'challenge_category': ['Forensics', 'Forensics', 'Forensics', 'Forensics', 'Forensics', 'Forensics', 'Cryptography', 'Reverse Engineering', 'Cryptography', 'Cryptography', 'Secure Code Reviewing', 'Reverse Engineering', 'Cryptography', 'Secure Code Reviewing', 'Cryptography', 'Forensics', 'Reverse Engineering', 'Web Security', 'Reverse Engineering', 'Cryptography', 'Secure Code Reviewing', 'Web Security'], 'challenge_points': ['100', '100', '100', '100', '100', '100', '100', '100', '100', '100', '100', '300', '100', '100', '300', '300', '300', '300', '100', '300', '100', '500'], 'solve_time': ['2024-10-27T00:53:12.151853Z', '2024-10-27T00:52:14.228965Z', '2024-10-27T00:45:43.090658Z', '2024-10-27T00:41:09.833016Z', '2024-10-27T00:25:59.496234Z', '2024-10-26T23:59:09.525560Z', '2024-10-26T23:18:13.027312Z', '2024-10-26T22:47:05.259771Z', '2024-10-26T22:42:32.725171Z', '2024-10-26T22:41:26.341537Z', '2024-10-26T22:13:11.119805Z', '2024-10-26T21:14:12.588507Z', '2024-10-26T20:59:37.866195Z', '2024-10-26T20:25:46.213404Z', '2024-10-26T20:24:23.035160Z', '2024-10-26T16:54:30.566532Z', '2024-10-26T16:46:15.218956Z', '2024-10-26T16:02:21.463103Z', '2024-10-26T12:49:57.629430Z', '2024-10-26T12:38:26.679635Z', '2024-10-26T10:40:50.906605Z', '2024-10-26T10:38:15.127872Z']}"
5,3300,Tinonymous,"{'challenge_name': ['Log-ical - Part 3', 'Panel', 'Tr3ppl3 Stuffs', 'Evil Park 4', 'Evil Park 3', 'Evil Park 2', 'Evil Park 1', 'Shifty Business', 'Log-ical - Part 2', 'Ugomvi', 'Box', 'Follow Us', 'Welcome to UrchinSec', 'Open Letter', 'Heart', 'Syringe', 'RedHand', 'Log-ical - Part 1', 'WarmUp', '10 Round', 'Destination'], 'challenge_category': ['Forensics', 'Reverse Engineering', 'Cryptography', 'Forensics', 'Forensics', 'Forensics', 'Forensics', 'Cryptography', 'Forensics', 'Cryptography', 'Cryptography', 'OSINT', 'Miscellaneous ', 'Forensics', 'Secure Code Reviewing', 'Secure Code Reviewing', 'Secure Code Reviewing', 'Forensics', 'Cryptography', 'Forensics', 'Cryptography'], 'challenge_points': ['300', '300', '300', '100', '100', '100', '100', '100', '300', '100', '100', '100', '100', '300', '100', '100', '100', '100', '300', '100', '100'], 'solve_time': ['2024-10-27T18:52:59.809904Z', '2024-10-27T16:03:28.475316Z', '2024-10-27T07:24:31.673053Z', '2024-10-27T05:49:35.395025Z', '2024-10-27T05:46:19.520782Z', '2024-10-27T05:39:12.422037Z', '2024-10-27T05:20:23.557644Z', '2024-10-26T18:41:55.608305Z', '2024-10-26T16:18:41.574761Z', '2024-10-26T11:57:57.479693Z', '2024-10-26T11:51:01.605061Z', '2024-10-26T09:41:45.406855Z', '2024-10-26T09:04:28.031427Z', '2024-10-26T08:40:06.288238Z', '2024-10-26T08:30:29.842869Z', '2024-10-26T08:27:40.314500Z', '2024-10-26T08:19:18.657010Z', '2024-10-26T07:29:57.284643Z', '2024-10-26T06:57:04.237865Z', '2024-10-26T06:31:38.981638Z', '2024-10-26T06:12:36.212217Z']}"
6,3200,0xRar,"{'challenge_name': ['Evil Park 3', 'Evil Park 2', 'Evil Park 1', 'Drift', 'bonD', 'Open Letter', 'Ugomvi', '10 Round', 'Box', 'ABC Phonics', 'Notee', 'Log-ical - Part 4', 'Log-ical - Part 3', 'Log-ical - Part 2', 'Log-ical - Part 1', 'Local', 'Destination', 'Syringe', 'RedHand', 'Heart', 'Follow Us', 'Welcome to UrchinSec'], 'challenge_category': ['Forensics', 'Forensics', 'Forensics', 'Reverse Engineering', 'Reverse Engineering', 'Forensics', 'Cryptography', 'Forensics', 'Cryptography', 'Cryptography', 'Web Security', 'Forensics', 'Forensics', 'Forensics', 'Forensics', 'Web Security', 'Cryptography', 'Secure Code Reviewing', 'Secure Code Reviewing', 'Secure Code Reviewing', 'OSINT', 'Miscellaneous '], 'challenge_points': ['100', '100', '100', '300', '100', '300', '100', '100', '100', '100', '300', '100', '300', '300', '100', '100', '100', '100', '100', '100', '100', '100'], 'solve_time': ['2024-10-27T12:01:39.611923Z', '2024-10-27T12:00:02.497601Z', '2024-10-27T11:33:46.668932Z', '2024-10-27T00:14:45.186264Z', '2024-10-26T21:32:22.593284Z', '2024-10-26T20:33:59.028181Z', '2024-10-26T18:48:20.101110Z', '2024-10-26T16:49:29.874523Z', '2024-10-26T15:12:52.455487Z', '2024-10-26T15:05:28.689203Z', '2024-10-26T14:42:15.346185Z', '2024-10-26T13:36:24.071695Z', '2024-10-26T12:42:32.654576Z', '2024-10-26T11:36:54.987362Z', '2024-10-26T10:39:09.785101Z', '2024-10-26T09:36:36.744965Z', '2024-10-26T08:34:10.768871Z', '2024-10-26T08:20:33.566700Z', '2024-10-26T08:15:15.711766Z', '2024-10-26T08:03:28.945054Z', '2024-10-26T07:45:44.567310Z', '2024-10-26T07:43:30.309179Z']}"
7,3100,Mmmh...,"{'challenge_name': ['Box', 'Tr3ppl3 Stuffs', 'Shifty Business', 'Notee', 'Local', 'WarmUp', 'Log-ical - Part 4', 'Log-ical - Part 3', 'Open Letter', 'RedHand', 'Log-ical - Part 2', 'Log-ical - Part 1', '10 Round', 'Follow Us', 'Welcome to UrchinSec', 'Syringe', 'Heart', 'Ugomvi', 'Destination'], 'challenge_category': ['Cryptography', 'Cryptography', 'Cryptography', 'Web Security', 'Web Security', 'Cryptography', 'Forensics', 'Forensics', 'Forensics', 'Secure Code Reviewing', 'Forensics', 'Forensics', 'Forensics', 'OSINT', 'Miscellaneous ', 'Secure Code Reviewing', 'Secure Code Reviewing', 'Cryptography', 'Cryptography'], 'challenge_points': ['100', '300', '100', '300', '100', '300', '100', '300', '300', '100', '300', '100', '100', '100', '100', '100', '100', '100', '100'], 'solve_time': ['2024-10-27T07:11:25.890562Z', '2024-10-27T06:49:25.957051Z', '2024-10-26T22:40:09.253437Z', '2024-10-26T22:24:59.021835Z', '2024-10-26T17:14:40.345458Z', '2024-10-26T13:08:30.636490Z', '2024-10-26T12:52:57.123147Z', '2024-10-26T11:56:09.747782Z', '2024-10-26T11:32:41.527909Z', '2024-10-26T11:28:03.168979Z', '2024-10-26T10:53:39.872348Z', '2024-10-26T08:56:58.083961Z', '2024-10-26T08:47:04.102447Z', '2024-10-26T08:08:59.208288Z', '2024-10-26T08:06:24.298520Z', '2024-10-26T07:38:44.208125Z', '2024-10-26T07:34:41.008151Z', '2024-10-26T07:10:30.896717Z', '2024-10-26T06:11:08.572417Z']}"
8,3100,Prowler  ðŸŽ­,"{'challenge_name': [""Let's Vibe"", '10 Round', 'Evil Park 4', 'Evil Park 3', 'Evil Park 2', 'Evil Park 1', 'Panel', 'Shifty Business', 'Tr3ppl3 Stuffs', 'Open Letter', 'Heart', 'Syringe', 'RedHand', 'Log-ical - Part 2', 'Box', 'Log-ical - Part 1', 'Follow Us', 'Welcome to UrchinSec', 'WarmUp', 'Destination', 'Ugomvi'], 'challenge_category': ['Reverse Engineering', 'Forensics', 'Forensics', 'Forensics', 'Forensics', 'Forensics', 'Reverse Engineering', 'Cryptography', 'Cryptography', 'Forensics', 'Secure Code Reviewing', 'Secure Code Reviewing', 'Secure Code Reviewing', 'Forensics', 'Cryptography', 'Forensics', 'OSINT', 'Miscellaneous ', 'Cryptography', 'Cryptography', 'Cryptography'], 'challenge_points': ['100', '100', '100', '100', '100', '100', '300', '100', '300', '300', '100', '100', '100', '300', '100', '100', '100', '100', '300', '100', '100'], 'solve_time': ['2024-10-27T18:58:05.876555Z', '2024-10-27T10:21:15.986571Z', '2024-10-27T10:00:46.889402Z', '2024-10-27T09:59:34.251090Z', '2024-10-27T09:57:51.613256Z', '2024-10-27T09:56:30.968655Z', '2024-10-27T00:10:54.680950Z', '2024-10-26T20:39:11.552355Z', '2024-10-26T20:31:57.300443Z', '2024-10-26T16:24:35.230388Z', '2024-10-26T14:53:26.359399Z', '2024-10-26T14:50:29.314837Z', '2024-10-26T14:46:23.382465Z', '2024-10-26T12:49:27.544252Z', '2024-10-26T12:20:53.921095Z', '2024-10-26T12:02:47.661608Z', '2024-10-26T11:46:49.276137Z', '2024-10-26T11:39:48.818403Z', '2024-10-26T06:21:56.745407Z', '2024-10-26T06:16:42.905128Z', '2024-10-26T06:15:19.044783Z']}"
9,3090,D4rkS3c,"{'challenge_name': ['Tr3ppl3 Stuffs', '10 Round', 'Evil Park 4', 'Evil Park 3', 'Evil Park 2', 'Evil Park 1', 'Log-ical - Part 2', 'Panel', 'Open Letter', 'Shifty Business', ""Let's Vibe"", 'Log-ical - Part 1', 'Follow Us', 'Welcome to UrchinSec', 'WarmUp', 'Ugomvi', 'Box', 'Destination', 'Syringe', 'RedHand', 'Heart'], 'challenge_category': ['Cryptography', 'Forensics', 'Forensics', 'Forensics', 'Forensics', 'Forensics', 'Forensics', 'Reverse Engineering', 'Forensics', 'Cryptography', 'Reverse Engineering', 'Forensics', 'OSINT', 'Miscellaneous ', 'Cryptography', 'Cryptography', 'Cryptography', 'Cryptography', 'Secure Code Reviewing', 'Secure Code Reviewing', 'Secure Code Reviewing'], 'challenge_points': ['300', '100', '100', '100', '100', '100', '300', '300', '300', '100', '100', '100', '100', '100', '300', '100', '100', '100', '100', '100', '100'], 'solve_time': ['2024-10-27T13:48:15.769323Z', '2024-10-27T11:13:38.415491Z', '2024-10-27T11:02:44.123615Z', '2024-10-27T11:00:44.642180Z', '2024-10-27T10:59:48.703225Z', '2024-10-27T10:57:59.765276Z', '2024-10-27T10:38:33.699843Z', '2024-10-26T22:42:09.895817Z', '2024-10-26T22:24:34.912080Z', '2024-10-26T22:15:37.348897Z', '2024-10-26T16:04:27.715853Z', '2024-10-26T14:23:32.871239Z', '2024-10-26T14:15:25.844550Z', '2024-10-26T14:12:00.823343Z', '2024-10-26T14:10:28.250596Z', '2024-10-26T14:06:19.464669Z', '2024-10-26T14:01:44.551824Z', '2024-10-26T14:00:35.455989Z', '2024-10-26T13:58:44.021081Z', '2024-10-26T13:57:47.604560Z', '2024-10-26T13:54:45.939109Z']}"
10,3000,Bangis,"{'challenge_name': ['Shifty Business', 'Log-ical - Part 3', 'bonD', 'Pyrison', '10 Round', 'Log-ical - Part 2', 'Box', 'Evil Park 4', 'Evil Park 3', 'Evil Park 2', 'Evil Park 1', 'Open Letter', 'Ugomvi', 'RedHand', 'Destination', 'Log-ical - Part 1', 'Follow Us', 'Welcome to UrchinSec', 'Syringe', 'Heart'], 'challenge_category': ['Cryptography', 'Forensics', 'Reverse Engineering', 'Web Security', 'Forensics', 'Forensics', 'Cryptography', 'Forensics', 'Forensics', 'Forensics', 'Forensics', 'Forensics', 'Cryptography', 'Secure Code Reviewing', 'Cryptography', 'Forensics', 'OSINT', 'Miscellaneous ', 'Secure Code Reviewing', 'Secure Code Reviewing'], 'challenge_points': ['100', '300', '100', '500', '100', '300', '100', '100', '100', '100', '100', '300', '100', '100', '100', '100', '100', '100', '100', '100'], 'solve_time': ['2024-10-27T17:26:25.486183Z', '2024-10-27T17:10:37.631525Z', '2024-10-27T11:48:28.689543Z', '2024-10-27T10:51:57.163095Z', '2024-10-26T23:06:15.146125Z', '2024-10-26T19:57:08.845726Z', '2024-10-26T17:12:23.719235Z', '2024-10-26T15:59:31.759558Z', '2024-10-26T15:57:42.914750Z', '2024-10-26T15:55:11.502613Z', '2024-10-26T15:48:14.587886Z', '2024-10-26T11:58:24.060510Z', '2024-10-26T10:03:52.569565Z', '2024-10-26T09:45:22.471988Z', '2024-10-26T09:12:41.357332Z', '2024-10-26T08:26:16.585073Z', '2024-10-26T07:25:24.417167Z', '2024-10-26T07:14:36.610826Z', '2024-10-26T06:44:18.207526Z', '2024-10-26T06:39:01.648495Z']}"
11,2800,Ezequiel,"{'challenge_name': ['Shifty Business', 'Log-ical - Part 3', 'Pyrison', '10 Round', 'Log-ical - Part 2', 'Box', 'Evil Park 3', 'Evil Park 2', 'Evil Park 1', 'RedHand', 'Open Letter', 'Ugomvi', 'Destination', 'Log-ical - Part 1', 'Follow Us', 'Welcome to UrchinSec', 'Syringe', 'Heart'], 'challenge_category': ['Cryptography', 'Forensics', 'Web Security', 'Forensics', 'Forensics', 'Cryptography', 'Forensics', 'Forensics', 'Forensics', 'Secure Code Reviewing', 'Forensics', 'Cryptography', 'Cryptography', 'Forensics', 'OSINT', 'Miscellaneous ', 'Secure Code Reviewing', 'Secure Code Reviewing'], 'challenge_points': ['100', '300', '500', '100', '300', '100', '100', '100', '100', '100', '300', '100', '100', '100', '100', '100', '100', '100'], 'solve_time': ['2024-10-27T17:23:23.672746Z', '2024-10-27T17:11:30.253380Z', '2024-10-27T11:19:22.891139Z', '2024-10-26T23:17:06.238422Z', '2024-10-26T20:27:51.318379Z', '2024-10-26T17:37:15.530483Z', '2024-10-26T16:25:25.061909Z', '2024-10-26T16:14:46.877657Z', '2024-10-26T16:06:36.393711Z', '2024-10-26T12:04:08.277325Z', '2024-10-26T12:01:13.076571Z', '2024-10-26T11:47:40.481460Z', '2024-10-26T09:13:13.870406Z', '2024-10-26T08:35:23.663019Z', '2024-10-26T07:37:51.096723Z', '2024-10-26T07:15:29.447229Z', '2024-10-26T06:48:55.023085Z', '2024-10-26T06:37:44.065165Z']}"
12,2790,the_borg,"{'challenge_name': ['Notee', 'Log-ical - Part 1', 'RedHand', 'Tr3ppl3 Stuffs', 'Shifty Business', 'Panel', 'Syringe', 'Heart', 'Pyrison', 'Welcome to UrchinSec', 'WarmUp', 'Open Letter', 'Destination', '10 Round'], 'challenge_category': ['Web Security', 'Forensics', 'Secure Code Reviewing', 'Cryptography', 'Cryptography', 'Reverse Engineering', 'Secure Code Reviewing', 'Secure Code Reviewing', 'Web Security', 'Miscellaneous ', 'Cryptography', 'Forensics', 'Cryptography', 'Forensics'], 'challenge_points': ['300', '100', '100', '300', '100', '300', '100', '100', '500', '100', '300', '300', '100', '100'], 'solve_time': ['2024-10-27T13:09:43.354202Z', '2024-10-27T11:38:39.407597Z', '2024-10-27T11:10:27.211393Z', '2024-10-26T23:36:04.929617Z', '2024-10-26T23:31:57.990615Z', '2024-10-26T22:57:45.399988Z', '2024-10-26T15:52:03.470387Z', '2024-10-26T13:48:49.780317Z', '2024-10-26T13:25:54.302735Z', '2024-10-26T08:25:59.277145Z', '2024-10-26T08:19:47.683599Z', '2024-10-26T08:19:20.314672Z', '2024-10-26T08:19:03.714005Z', '2024-10-26T08:18:41.944750Z']}"
13,2700,i_yks99.9,"{'challenge_name': ['Pyrison', 'UrchinPirates 4', 'UrchinPirates 3', 'UrchinPirates 2', 'UrchinPirates 1', 'Open Letter', 'Shifty Business', 'ABC Phonics', 'Ugomvi', 'Box', 'Log-ical - Part 1', 'Destination', 'Syringe', 'Clocking In?', 'Heart', 'Follow Us', 'Welcome to UrchinSec'], 'challenge_category': ['Web Security', 'OSINT', 'OSINT', 'OSINT', 'OSINT', 'Forensics', 'Cryptography', 'Cryptography', 'Cryptography', 'Cryptography', 'Forensics', 'Cryptography', 'Secure Code Reviewing', 'OSINT', 'Secure Code Reviewing', 'OSINT', 'Miscellaneous '], 'challenge_points': ['500', '100', '100', '100', '300', '300', '100', '100', '100', '100', '100', '100', '100', '300', '100', '100', '100'], 'solve_time': ['2024-10-27T16:46:05.949948Z', '2024-10-27T11:24:53.273079Z', '2024-10-27T11:11:59.527692Z', '2024-10-27T11:11:18.275442Z', '2024-10-27T11:08:34.449192Z', '2024-10-27T06:41:37.417854Z', '2024-10-27T06:05:48.882801Z', '2024-10-26T16:11:37.498324Z', '2024-10-26T16:09:31.368744Z', '2024-10-26T15:29:23.592144Z', '2024-10-26T08:31:34.586808Z', '2024-10-26T07:44:33.700724Z', '2024-10-26T07:23:09.194527Z', '2024-10-26T07:16:41.403054Z', '2024-10-26T07:08:30.097454Z', '2024-10-26T06:58:27.755983Z', '2024-10-26T06:10:55.192524Z']}"
14,2600,ayo,"{'challenge_name': ['Welcome to UrchinSec', 'WarmUp', 'Notee', 'UrchinPirates 4', 'UrchinPirates 3', 'UrchinPirates 2', 'UrchinPirates 1', 'Panel', 'Shifty Business', 'RedHand', 'Log-ical - Part 1', 'Follow Us', 'Open Letter', '10 Round', 'Syringe', 'Heart'], 'challenge_category': ['Miscellaneous ', 'Cryptography', 'Web Security', 'OSINT', 'OSINT', 'OSINT', 'OSINT', 'Reverse Engineering', 'Cryptography', 'Secure Code Reviewing', 'Forensics', 'OSINT', 'Forensics', 'Forensics', 'Secure Code Reviewing', 'Secure Code Reviewing'], 'challenge_points': ['100', '300', '300', '100', '100', '100', '300', '300', '100', '100', '100', '100', '300', '100', '100', '100'], 'solve_time': ['2024-10-27T09:54:55.327908Z', '2024-10-27T09:36:38.600528Z', '2024-10-27T08:29:59.014195Z', '2024-10-27T06:30:55.819457Z', '2024-10-27T06:28:36.323679Z', '2024-10-27T06:26:52.252255Z', '2024-10-27T06:25:10.849237Z', '2024-10-26T21:17:43.464753Z', '2024-10-26T21:02:56.009096Z', '2024-10-26T19:21:47.198707Z', '2024-10-26T12:35:10.392469Z', '2024-10-26T12:22:23.935131Z', '2024-10-26T11:34:02.717490Z', '2024-10-26T11:18:53.638425Z', '2024-10-26T09:58:30.415961Z', '2024-10-26T09:45:29.211014Z']}"
15,2590,Firerey12,"{'challenge_name': ['Pyrison', 'Panel', 'Tr3ppl3 Stuffs', 'Shifty Business', 'Box', 'Log-ical - Part 1', 'WarmUp', 'Open Letter', 'Ugomvi', 'Syringe', 'Heart', ""Let's Vibe"", 'Welcome to UrchinSec', 'Destination'], 'challenge_category': ['Web Security', 'Reverse Engineering', 'Cryptography', 'Cryptography', 'Cryptography', 'Forensics', 'Cryptography', 'Forensics', 'Cryptography', 'Secure Code Reviewing', 'Secure Code Reviewing', 'Reverse Engineering', 'Miscellaneous ', 'Cryptography'], 'challenge_points': ['500', '300', '300', '100', '100', '100', '300', '300', '100', '100', '100', '100', '100', '100'], 'solve_time': ['2024-10-26T23:41:14.919262Z', '2024-10-26T21:27:38.338430Z', '2024-10-26T18:54:39.323910Z', '2024-10-26T18:40:13.802918Z', '2024-10-26T18:06:26.660920Z', '2024-10-26T10:03:43.086521Z', '2024-10-26T09:27:09.626410Z', '2024-10-26T09:13:23.408346Z', '2024-10-26T09:03:22.848618Z', '2024-10-26T08:34:41.498792Z', '2024-10-26T08:31:27.802184Z', '2024-10-26T06:50:03.658076Z', '2024-10-26T06:40:45.036239Z', '2024-10-26T06:24:15.764145Z']}"
16,2390,sixth-sensei,"{'challenge_name': ['Log-ical - Part 3', 'Box', ""Let's Vibe"", '10 Round', 'Evil Park 4', 'Evil Park 3', 'Evil Park 2', 'Evil Park 1', 'Log-ical - Part 2', 'Ugomvi', 'Open Letter', 'Syringe', 'RedHand', 'Heart', 'Welcome to UrchinSec', 'Follow Us', 'Log-ical - Part 1', 'Destination'], 'challenge_category': ['Forensics', 'Cryptography', 'Reverse Engineering', 'Forensics', 'Forensics', 'Forensics', 'Forensics', 'Forensics', 'Forensics', 'Cryptography', 'Forensics', 'Secure Code Reviewing', 'Secure Code Reviewing', 'Secure Code Reviewing', 'Miscellaneous ', 'OSINT', 'Forensics', 'Cryptography'], 'challenge_points': ['300', '100', '100', '100', '100', '100', '100', '100', '300', '100', '300', '100', '100', '100', '100', '100', '100', '100'], 'solve_time': ['2024-10-27T17:56:21.849051Z', '2024-10-27T17:45:43.056207Z', '2024-10-27T16:01:36.378754Z', '2024-10-27T15:32:51.421624Z', '2024-10-27T15:15:34.003574Z', '2024-10-27T15:12:44.587554Z', '2024-10-27T15:10:13.000521Z', '2024-10-27T15:06:36.274013Z', '2024-10-27T13:53:57.252371Z', '2024-10-26T18:01:55.378398Z', '2024-10-26T17:54:51.198683Z', '2024-10-26T16:06:01.484320Z', '2024-10-26T15:56:58.498458Z', '2024-10-26T15:49:26.475473Z', '2024-10-26T09:49:09.042246Z', '2024-10-26T09:37:53.344324Z', '2024-10-26T08:19:33.503243Z', '2024-10-26T07:02:02.252904Z']}"
17,2300,whtvn,"{'challenge_name': ['RedHand', 'WarmUp', 'Welcome to UrchinSec', 'Local', 'Pyrison', 'Destination', 'Open Letter', 'Log-ical - Part 1', 'Syringe', 'Heart', 'Evil Park 4', 'Evil Park 3', 'Evil Park 2', 'Evil Park 1', '10 Round'], 'challenge_category': ['Secure Code Reviewing', 'Cryptography', 'Miscellaneous ', 'Web Security', 'Web Security', 'Cryptography', 'Forensics', 'Forensics', 'Secure Code Reviewing', 'Secure Code Reviewing', 'Forensics', 'Forensics', 'Forensics', 'Forensics', 'Forensics'], 'challenge_points': ['100', '300', '100', '100', '500', '100', '300', '100', '100', '100', '100', '100', '100', '100', '100'], 'solve_time': ['2024-10-26T12:21:17.308700Z', '2024-10-26T09:56:16.120435Z', '2024-10-26T09:51:08.123948Z', '2024-10-26T09:41:10.190614Z', '2024-10-26T09:18:58.615519Z', '2024-10-26T07:38:09.566662Z', '2024-10-26T07:34:33.542805Z', '2024-10-26T07:25:57.992851Z', '2024-10-26T07:21:10.791137Z', '2024-10-26T07:17:49.301312Z', '2024-10-26T07:15:34.510415Z', '2024-10-26T07:14:55.325779Z', '2024-10-26T07:14:28.931221Z', '2024-10-26T07:13:17.958207Z', '2024-10-26T07:03:06.005591Z']}"
18,2300,testplay,"{'challenge_name': ['Tr3ppl3 Stuffs', 'Ugomvi', 'Open Letter', 'Shifty Business', 'Evil Park 4', 'Evil Park 3', 'Evil Park 2', 'Evil Park 1', 'Log-ical - Part 1', 'Heart', 'WarmUp', 'Syringe', ""Let's Vibe"", '10 Round', 'Destination', 'Follow Us', 'Welcome to UrchinSec'], 'challenge_category': ['Cryptography', 'Cryptography', 'Forensics', 'Cryptography', 'Forensics', 'Forensics', 'Forensics', 'Forensics', 'Forensics', 'Secure Code Reviewing', 'Cryptography', 'Secure Code Reviewing', 'Reverse Engineering', 'Forensics', 'Cryptography', 'OSINT', 'Miscellaneous '], 'challenge_points': ['300', '100', '300', '100', '100', '100', '100', '100', '100', '100', '300', '100', '100', '100', '100', '100', '100'], 'solve_time': ['2024-10-26T19:36:46.635053Z', '2024-10-26T19:12:36.419920Z', '2024-10-26T18:53:26.703469Z', '2024-10-26T18:43:11.819276Z', '2024-10-26T18:36:31.318574Z', '2024-10-26T18:33:38.161861Z', '2024-10-26T18:26:34.635910Z', '2024-10-26T18:23:16.357695Z', '2024-10-26T18:14:09.514863Z', '2024-10-26T18:10:01.086072Z', '2024-10-26T18:04:29.998361Z', '2024-10-26T17:32:38.371811Z', '2024-10-26T17:21:36.701052Z', '2024-10-26T17:18:04.749114Z', '2024-10-26T16:29:43.892454Z', '2024-10-26T16:13:05.172503Z', '2024-10-26T16:10:46.378180Z']}"
19,2290,Nameless,"{'challenge_name': ['Ugomvi', 'Notee', 'Evil Park 4', 'Evil Park 3', 'Evil Park 2', 'Evil Park 1', 'WarmUp', 'Heart', 'Open Letter', 'RedHand', ""Let's Vibe"", '10 Round', 'Syringe', 'Destination', 'Follow Us', 'Log-ical - Part 1', 'Welcome to UrchinSec'], 'challenge_category': ['Cryptography', 'Web Security', 'Forensics', 'Forensics', 'Forensics', 'Forensics', 'Cryptography', 'Secure Code Reviewing', 'Forensics', 'Secure Code Reviewing', 'Reverse Engineering', 'Forensics', 'Secure Code Reviewing', 'Cryptography', 'OSINT', 'Forensics', 'Miscellaneous '], 'challenge_points': ['100', '300', '100', '100', '100', '100', '300', '100', '300', '100', '100', '100', '100', '100', '100', '100', '100'], 'solve_time': ['2024-10-26T22:38:20.438444Z', '2024-10-26T20:04:23.101892Z', '2024-10-26T18:49:01.400002Z', '2024-10-26T18:44:18.567255Z', '2024-10-26T18:34:26.489215Z', '2024-10-26T18:08:37.606863Z', '2024-10-26T17:57:37.157226Z', '2024-10-26T15:23:04.062895Z', '2024-10-26T15:05:30.956665Z', '2024-10-26T14:32:57.988338Z', '2024-10-26T14:30:33.641234Z', '2024-10-26T14:16:09.205455Z', '2024-10-26T14:13:40.371723Z', '2024-10-26T14:10:33.282186Z', '2024-10-26T14:05:36.874907Z', '2024-10-26T10:53:09.430114Z', '2024-10-26T10:18:16.268082Z']}"
20,2200,retr0,"{'challenge_name': ['Ugomvi', 'Evil Park 3', 'Evil Park 2', 'Notee', 'WarmUp', 'Evil Park 1', 'Open Letter', 'RedHand', 'Follow Us', 'Welcome to UrchinSec', ""Let's Vibe"", 'Heart', 'Destination', 'Log-ical - Part 1', 'Syringe', '10 Round'], 'challenge_category': ['Cryptography', 'Forensics', 'Forensics', 'Web Security', 'Cryptography', 'Forensics', 'Forensics', 'Secure Code Reviewing', 'OSINT', 'Miscellaneous ', 'Reverse Engineering', 'Secure Code Reviewing', 'Cryptography', 'Forensics', 'Secure Code Reviewing', 'Forensics'], 'challenge_points': ['100', '100', '100', '300', '300', '100', '300', '100', '100', '100', '100', '100', '100', '100', '100', '100'], 'solve_time': ['2024-10-26T22:40:21.150084Z', '2024-10-26T18:55:14.053485Z', '2024-10-26T18:54:21.801380Z', '2024-10-26T18:21:04.878262Z', '2024-10-26T17:47:10.865202Z', '2024-10-26T17:03:10.666064Z', '2024-10-26T12:08:11.042308Z', '2024-10-26T11:22:07.092986Z', '2024-10-26T10:51:44.092286Z', '2024-10-26T10:43:50.038716Z', '2024-10-26T10:26:17.394454Z', '2024-10-26T10:08:59.234923Z', '2024-10-26T09:35:22.061651Z', '2024-10-26T09:12:12.641462Z', '2024-10-26T08:47:30.998867Z', '2024-10-26T06:57:49.747407Z']}"
21,2100,sauron,"{'challenge_name': ['Box', 'Evil Park 4', 'Evil Park 3', 'Evil Park 2', 'Evil Park 1', 'Notee', 'Log-ical - Part 2', 'RedHand', 'Log-ical - Part 1', 'Destination', 'Welcome to UrchinSec', 'Open Letter', '10 Round', 'Syringe', 'Heart'], 'challenge_category': ['Cryptography', 'Forensics', 'Forensics', 'Forensics', 'Forensics', 'Web Security', 'Forensics', 'Secure Code Reviewing', 'Forensics', 'Cryptography', 'Miscellaneous ', 'Forensics', 'Forensics', 'Secure Code Reviewing', 'Secure Code Reviewing'], 'challenge_points': ['100', '100', '100', '100', '100', '300', '300', '100', '100', '100', '100', '300', '100', '100', '100'], 'solve_time': ['2024-10-26T17:35:22.459814Z', '2024-10-26T17:22:03.917972Z', '2024-10-26T17:20:22.945733Z', '2024-10-26T17:15:03.004163Z', '2024-10-26T16:59:38.343778Z', '2024-10-26T15:43:58.193144Z', '2024-10-26T09:47:36.250869Z', '2024-10-26T09:46:32.993801Z', '2024-10-26T08:15:36.163432Z', '2024-10-26T08:06:59.140367Z', '2024-10-26T07:59:29.468170Z', '2024-10-26T07:42:13.963738Z', '2024-10-26T07:34:21.446187Z', '2024-10-26T07:07:33.133117Z', '2024-10-26T07:00:38.931835Z']}"
22,1900,Rirque,"{'challenge_name': ['Notee', 'WarmUp', 'Evil Park 1', 'Open Letter', 'RedHand', 'Syringe', 'Follow Us', ""Let's Vibe"", 'Heart', 'Welcome to UrchinSec', 'Log-ical - Part 1', '10 Round', 'Destination'], 'challenge_category': ['Web Security', 'Cryptography', 'Forensics', 'Forensics', 'Secure Code Reviewing', 'Secure Code Reviewing', 'OSINT', 'Reverse Engineering', 'Secure Code Reviewing', 'Miscellaneous ', 'Forensics', 'Forensics', 'Cryptography'], 'challenge_points': ['300', '300', '100', '300', '100', '100', '100', '100', '100', '100', '100', '100', '100'], 'solve_time': ['2024-10-26T21:43:18.916132Z', '2024-10-26T18:01:58.592237Z', '2024-10-26T17:02:28.000430Z', '2024-10-26T12:25:55.304724Z', '2024-10-26T11:21:22.437785Z', '2024-10-26T11:20:38.769317Z', '2024-10-26T11:14:09.412818Z', '2024-10-26T10:46:18.802769Z', '2024-10-26T10:43:03.865068Z', '2024-10-26T10:42:28.801020Z', '2024-10-26T09:44:06.209704Z', '2024-10-26T09:42:06.960388Z', '2024-10-26T07:22:00.783249Z']}"
23,1900,taurus,"{'challenge_name': ['RedHand', 'Follow Us', 'WarmUp', 'Tr3ppl3 Stuffs', 'Shifty Business', 'Box', 'Syringe', 'Heart', 'Welcome to UrchinSec', 'Open Letter', 'Log-ical - Part 1', '10 Round', 'Destination'], 'challenge_category': ['Secure Code Reviewing', 'OSINT', 'Cryptography', 'Cryptography', 'Cryptography', 'Cryptography', 'Secure Code Reviewing', 'Secure Code Reviewing', 'Miscellaneous ', 'Forensics', 'Forensics', 'Forensics', 'Cryptography'], 'challenge_points': ['100', '100', '300', '300', '100', '100', '100', '100', '100', '300', '100', '100', '100'], 'solve_time': ['2024-10-27T00:46:32.927996Z', '2024-10-27T00:17:38.435975Z', '2024-10-27T00:08:40.788394Z', '2024-10-26T22:50:34.008349Z', '2024-10-26T22:29:30.084475Z', '2024-10-26T22:17:33.827322Z', '2024-10-26T08:23:32.895840Z', '2024-10-26T08:11:32.216317Z', '2024-10-26T07:30:10.055278Z', '2024-10-26T07:27:52.118800Z', '2024-10-26T07:13:38.790209Z', '2024-10-26T06:56:08.107659Z', '2024-10-26T06:15:59.066684Z']}"
24,1900,Bynari,"{'challenge_name': ['Tr3ppl3 Stuffs', 'Shifty Business', 'RedHand', '10 Round', 'Open Letter', 'WarmUp', 'Syringe', 'Heart', 'Welcome to UrchinSec', 'Ugomvi', 'Destination', 'Follow Us', 'Log-ical - Part 1'], 'challenge_category': ['Cryptography', 'Cryptography', 'Secure Code Reviewing', 'Forensics', 'Forensics', 'Cryptography', 'Secure Code Reviewing', 'Secure Code Reviewing', 'Miscellaneous ', 'Cryptography', 'Cryptography', 'OSINT', 'Forensics'], 'challenge_points': ['300', '100', '100', '100', '300', '300', '100', '100', '100', '100', '100', '100', '100'], 'solve_time': ['2024-10-27T13:14:56.058956Z', '2024-10-27T12:45:35.895346Z', '2024-10-26T21:58:04.637622Z', '2024-10-26T21:46:39.063939Z', '2024-10-26T21:21:06.779420Z', '2024-10-26T21:11:33.193283Z', '2024-10-26T20:33:14.287406Z', '2024-10-26T20:19:05.985135Z', '2024-10-26T19:27:33.787929Z', '2024-10-26T17:03:08.788744Z', '2024-10-26T16:06:28.914113Z', '2024-10-26T15:29:14.619715Z', '2024-10-26T09:36:32.794603Z']}"
25,1700,Abu,"{'challenge_name': ['Open Letter', ""Let's Vibe"", 'Syringe', 'RedHand', 'Heart', 'Log-ical - Part 1', 'Follow Us', 'Welcome to UrchinSec', '10 Round', 'WarmUp', 'Ugomvi', 'Destination', 'Box'], 'challenge_category': ['Forensics', 'Reverse Engineering', 'Secure Code Reviewing', 'Secure Code Reviewing', 'Secure Code Reviewing', 'Forensics', 'OSINT', 'Miscellaneous ', 'Forensics', 'Cryptography', 'Cryptography', 'Cryptography', 'Cryptography'], 'challenge_points': ['300', '100', '100', '100', '100', '100', '100', '100', '100', '300', '100', '100', '100'], 'solve_time': ['2024-10-26T13:19:01.119410Z', '2024-10-26T13:00:00.573972Z', '2024-10-26T12:47:00.605796Z', '2024-10-26T12:42:52.369116Z', '2024-10-26T12:42:08.996444Z', '2024-10-26T12:32:18.073792Z', '2024-10-26T12:25:09.077378Z', '2024-10-26T12:18:56.148181Z', '2024-10-26T12:08:53.726046Z', '2024-10-26T12:02:36.782557Z', '2024-10-26T12:00:26.373253Z', '2024-10-26T11:53:12.312291Z', '2024-10-26T11:52:03.856224Z']}"
26,1700,J053,"{'challenge_name': ['Destination', 'Log-ical - Part 1', 'Notee', '10 Round', 'Follow Us', 'RedHand', 'Welcome to UrchinSec', 'Etiquette', 'WarmUp', 'Syringe', 'Heart'], 'challenge_category': ['Cryptography', 'Forensics', 'Web Security', 'Forensics', 'OSINT', 'Secure Code Reviewing', 'Miscellaneous ', 'Miscellaneous', 'Cryptography', 'Secure Code Reviewing', 'Secure Code Reviewing'], 'challenge_points': ['100', '100', '300', '100', '100', '100', '100', '300', '300', '100', '100'], 'solve_time': ['2024-10-26T15:03:56.487866Z', '2024-10-26T14:18:25.621636Z', '2024-10-26T14:10:41.711249Z', '2024-10-26T13:51:56.180414Z', '2024-10-26T13:09:17.766163Z', '2024-10-26T13:01:12.601650Z', '2024-10-26T11:56:56.363395Z', '2024-10-26T11:55:36.313698Z', '2024-10-26T06:43:28.741148Z', '2024-10-26T06:35:23.758155Z', '2024-10-26T06:30:17.201138Z']}"
27,1700,Monk3yP@w_,"{'challenge_name': ['Tr3ppl3 Stuffs', 'Shifty Business', 'WarmUp', 'Open Letter', 'Log-ical - Part 1', '10 Round', 'RedHand', 'Welcome to UrchinSec', 'Syringe', 'Heart', 'Follow Us'], 'challenge_category': ['Cryptography', 'Cryptography', 'Cryptography', 'Forensics', 'Forensics', 'Forensics', 'Secure Code Reviewing', 'Miscellaneous ', 'Secure Code Reviewing', 'Secure Code Reviewing', 'OSINT'], 'challenge_points': ['300', '100', '300', '300', '100', '100', '100', '100', '100', '100', '100'], 'solve_time': ['2024-10-27T16:54:01.556177Z', '2024-10-27T15:39:05.786572Z', '2024-10-26T18:16:36.234505Z', '2024-10-26T13:44:22.595878Z', '2024-10-26T09:29:21.806804Z', '2024-10-26T08:15:00.014464Z', '2024-10-26T07:16:24.733251Z', '2024-10-26T07:05:49.133411Z', '2024-10-26T06:44:08.821862Z', '2024-10-26T06:39:39.304030Z', '2024-10-26T06:30:36.009706Z']}"
28,1600,zain24,"{'challenge_name': ['Evil Park 1', 'WarmUp', 'Follow Us', ""Let's Vibe"", 'Open Letter', 'Syringe', 'RedHand', 'Heart', 'Welcome to UrchinSec', 'Log-ical - Part 1', '10 Round', 'Destination'], 'challenge_category': ['Forensics', 'Cryptography', 'OSINT', 'Reverse Engineering', 'Forensics', 'Secure Code Reviewing', 'Secure Code Reviewing', 'Secure Code Reviewing', 'Miscellaneous ', 'Forensics', 'Forensics', 'Cryptography'], 'challenge_points': ['100', '300', '100', '100', '300', '100', '100', '100', '100', '100', '100', '100'], 'solve_time': ['2024-10-26T19:25:33.582678Z', '2024-10-26T18:59:14.074477Z', '2024-10-26T13:18:33.830894Z', '2024-10-26T12:45:18.036570Z', '2024-10-26T12:19:53.801007Z', '2024-10-26T11:41:34.514441Z', '2024-10-26T11:32:40.162244Z', '2024-10-26T11:16:26.372204Z', '2024-10-26T10:31:01.273155Z', '2024-10-26T10:01:46.717684Z', '2024-10-26T09:47:51.898373Z', '2024-10-26T09:10:30.467290Z']}"
29,1600,L0n3_W0lf,"{'challenge_name': ['Heart', 'Syringe', ""Let's Vibe"", 'Follow Us', 'Open Letter', 'WarmUp', 'Shifty Business', 'Box', 'Destination', 'Ugomvi', 'Log-ical - Part 1', 'Welcome to UrchinSec'], 'challenge_category': ['Secure Code Reviewing', 'Secure Code Reviewing', 'Reverse Engineering', 'OSINT', 'Forensics', 'Cryptography', 'Cryptography', 'Cryptography', 'Cryptography', 'Cryptography', 'Forensics', 'Miscellaneous '], 'challenge_points': ['100', '100', '100', '100', '300', '300', '100', '100', '100', '100', '100', '100'], 'solve_time': ['2024-10-27T15:17:43.895383Z', '2024-10-27T15:07:19.886831Z', '2024-10-27T14:03:32.864941Z', '2024-10-27T13:46:36.740509Z', '2024-10-27T13:34:05.198152Z', '2024-10-27T11:51:11.500978Z', '2024-10-27T11:46:05.377466Z', '2024-10-26T16:58:47.756399Z', '2024-10-26T16:57:30.364481Z', '2024-10-26T16:55:59.695914Z', '2024-10-26T16:48:12.920722Z', '2024-10-26T16:43:16.171123Z']}"
30,1600,error69,"{'challenge_name': ['Notee', 'Destination', 'WarmUp', 'RedHand', 'Panel', 'Shifty Business', 'Syringe', 'Follow Us', 'Log-ical - Part 1', '10 Round'], 'challenge_category': ['Web Security', 'Cryptography', 'Cryptography', 'Secure Code Reviewing', 'Reverse Engineering', 'Cryptography', 'Secure Code Reviewing', 'OSINT', 'Forensics', 'Forensics'], 'challenge_points': ['300', '100', '300', '100', '300', '100', '100', '100', '100', '100'], 'solve_time': ['2024-10-27T17:16:43.658173Z', '2024-10-27T16:12:59.049179Z', '2024-10-27T12:53:19.239987Z', '2024-10-27T12:10:09.050862Z', '2024-10-27T09:13:01.997169Z', '2024-10-27T08:37:42.680732Z', '2024-10-27T08:05:13.961787Z', '2024-10-27T07:53:27.714273Z', '2024-10-27T07:34:04.618247Z', '2024-10-27T06:35:49.936840Z']}"
31,1600,Siddy_113,"{'challenge_name': ['RedHand', 'Shifty Business', 'Notee', 'WarmUp', 'Destination', 'Panel', 'Syringe', '10 Round', 'Log-ical - Part 1', 'Follow Us'], 'challenge_category': ['Secure Code Reviewing', 'Cryptography', 'Web Security', 'Cryptography', 'Cryptography', 'Reverse Engineering', 'Secure Code Reviewing', 'Forensics', 'Forensics', 'OSINT'], 'challenge_points': ['100', '100', '300', '300', '100', '300', '100', '100', '100', '100'], 'solve_time': ['2024-10-27T18:54:45.360158Z', '2024-10-27T18:50:50.832962Z', '2024-10-27T17:24:23.057030Z', '2024-10-27T16:16:31.563646Z', '2024-10-27T14:42:54.208158Z', '2024-10-27T09:36:48.018024Z', '2024-10-27T08:11:58.557017Z', '2024-10-27T07:54:33.526487Z', '2024-10-26T15:06:55.993437Z', '2024-10-26T14:22:43.146761Z']}"
32,1500,anoncodex,"{'challenge_name': ['WarmUp', 'Welcome to UrchinSec', 'Heart', ""Let's Vibe"", 'Syringe', 'Log-ical - Part 1', '10 Round', 'Follow Us', 'Open Letter', 'RedHand', 'Destination'], 'challenge_category': ['Cryptography', 'Miscellaneous ', 'Secure Code Reviewing', 'Reverse Engineering', 'Secure Code Reviewing', 'Forensics', 'Forensics', 'OSINT', 'Forensics', 'Secure Code Reviewing', 'Cryptography'], 'challenge_points': ['300', '100', '100', '100', '100', '100', '100', '100', '300', '100', '100'], 'solve_time': ['2024-10-26T17:44:33.335746Z', '2024-10-26T12:34:06.069133Z', '2024-10-26T12:33:39.772514Z', '2024-10-26T12:27:13.207893Z', '2024-10-26T12:26:39.909254Z', '2024-10-26T12:26:21.748576Z', '2024-10-26T12:26:09.902555Z', '2024-10-26T12:23:01.662443Z', '2024-10-26T12:22:29.709404Z', '2024-10-26T12:20:02.705930Z', '2024-10-26T12:16:41.131302Z']}"
33,1500,r081n-h00d,"{'challenge_name': [""Let's Vibe"", 'UrchinPirates 4', 'UrchinPirates 3', 'UrchinPirates 2', 'UrchinPirates 1', 'Shifty Business', 'Log-ical - Part 1', '10 Round', 'RedHand', 'Heart', 'Syringe', 'Welcome to UrchinSec', 'Destination'], 'challenge_category': ['Reverse Engineering', 'OSINT', 'OSINT', 'OSINT', 'OSINT', 'Cryptography', 'Forensics', 'Forensics', 'Secure Code Reviewing', 'Secure Code Reviewing', 'Secure Code Reviewing', 'Miscellaneous ', 'Cryptography'], 'challenge_points': ['100', '100', '100', '100', '300', '100', '100', '100', '100', '100', '100', '100', '100'], 'solve_time': ['2024-10-27T13:49:05.121331Z', '2024-10-27T13:19:49.997357Z', '2024-10-27T13:12:32.542710Z', '2024-10-27T13:09:28.139236Z', '2024-10-27T12:57:22.005869Z', '2024-10-27T12:48:10.689106Z', '2024-10-27T11:04:58.193980Z', '2024-10-27T10:33:09.211170Z', '2024-10-27T09:57:22.070096Z', '2024-10-27T09:34:25.567451Z', '2024-10-26T12:17:01.080584Z', '2024-10-26T09:53:07.962294Z', '2024-10-26T07:06:40.652200Z']}"
34,1500,jar_,"{'challenge_name': ['Syringe', 'Heart', 'Panel', 'Follow Us', '10 Round', 'WarmUp', 'Shifty Business', 'Ugomvi', 'Destination', 'Box', 'ABC Phonics'], 'challenge_category': ['Secure Code Reviewing', 'Secure Code Reviewing', 'Reverse Engineering', 'OSINT', 'Forensics', 'Cryptography', 'Cryptography', 'Cryptography', 'Cryptography', 'Cryptography', 'Cryptography'], 'challenge_points': ['100', '100', '300', '100', '100', '300', '100', '100', '100', '100', '100'], 'solve_time': ['2024-10-27T18:48:00.284879Z', '2024-10-27T18:27:06.043396Z', '2024-10-27T16:34:27.434551Z', '2024-10-27T13:44:17.275735Z', '2024-10-27T11:58:06.758218Z', '2024-10-27T11:37:29.724394Z', '2024-10-26T19:23:25.592320Z', '2024-10-26T18:36:42.297420Z', '2024-10-26T18:05:58.531722Z', '2024-10-26T17:56:56.545698Z', '2024-10-26T17:50:09.266753Z']}"
35,1400,nano,"{'challenge_name': ['Open Letter', 'Box', 'Log-ical - Part 1', 'Syringe', 'Heart', 'RedHand', 'WarmUp', 'Follow Us', 'Welcome to UrchinSec', 'Destination'], 'challenge_category': ['Forensics', 'Cryptography', 'Forensics', 'Secure Code Reviewing', 'Secure Code Reviewing', 'Secure Code Reviewing', 'Cryptography', 'OSINT', 'Miscellaneous ', 'Cryptography'], 'challenge_points': ['300', '100', '100', '100', '100', '100', '300', '100', '100', '100'], 'solve_time': ['2024-10-26T17:50:50.313995Z', '2024-10-26T17:11:19.647411Z', '2024-10-26T14:43:42.552731Z', '2024-10-26T09:36:31.771362Z', '2024-10-26T09:27:49.119082Z', '2024-10-26T09:25:18.605831Z', '2024-10-26T08:55:09.057260Z', '2024-10-26T07:18:06.920250Z', '2024-10-26T07:08:07.865135Z', '2024-10-26T06:45:17.567465Z']}"
36,1400,i4mn07m455c099,"{'challenge_name': ['Open Letter', 'Evil Park 1', 'Log-ical - Part 1', '10 Round', 'WarmUp', 'RedHand', 'Syringe', 'Heart', 'Follow Us', 'Welcome to UrchinSec'], 'challenge_category': ['Forensics', 'Forensics', 'Forensics', 'Forensics', 'Cryptography', 'Secure Code Reviewing', 'Secure Code Reviewing', 'Secure Code Reviewing', 'OSINT', 'Miscellaneous '], 'challenge_points': ['300', '100', '100', '100', '300', '100', '100', '100', '100', '100'], 'solve_time': ['2024-10-27T01:20:21.368891Z', '2024-10-27T01:18:38.488678Z', '2024-10-27T01:17:27.842283Z', '2024-10-27T01:15:16.506446Z', '2024-10-27T01:06:11.332054Z', '2024-10-27T01:05:09.974764Z', '2024-10-26T13:02:12.473498Z', '2024-10-26T12:48:35.790842Z', '2024-10-26T12:09:50.854666Z', '2024-10-26T07:14:41.324862Z']}"
37,1390,Aspirereborn,"{'challenge_name': ['Welcome to UrchinSec', 'Tr3ppl3 Stuffs', 'Shifty Business', 'Ugomvi', 'WarmUp', 'Destination', 'Syringe', 'RedHand', 'Heart', 'Log-ical - Part 1'], 'challenge_category': ['Miscellaneous ', 'Cryptography', 'Cryptography', 'Cryptography', 'Cryptography', 'Cryptography', 'Secure Code Reviewing', 'Secure Code Reviewing', 'Secure Code Reviewing', 'Forensics'], 'challenge_points': ['100', '300', '100', '100', '300', '100', '100', '100', '100', '100'], 'solve_time': ['2024-10-27T13:56:29.854239Z', '2024-10-26T22:59:24.766401Z', '2024-10-26T22:55:02.524139Z', '2024-10-26T15:30:09.683236Z', '2024-10-26T14:41:34.452500Z', '2024-10-26T14:26:34.454792Z', '2024-10-26T14:21:14.300209Z', '2024-10-26T14:18:32.028482Z', '2024-10-26T14:11:00.714620Z', '2024-10-26T13:47:15.713393Z']}"
38,1350,waaris_m,"{'challenge_name': ['WarmUp', 'Destination', 'Follow Us', 'Welcome to UrchinSec', 'Open Letter', 'Log-ical - Part 1', '10 Round', 'RedHand', 'Syringe', 'Heart'], 'challenge_category': ['Cryptography', 'Cryptography', 'OSINT', 'Miscellaneous ', 'Forensics', 'Forensics', 'Forensics', 'Secure Code Reviewing', 'Secure Code Reviewing', 'Secure Code Reviewing'], 'challenge_points': ['300', '100', '100', '100', '300', '100', '100', '100', '100', '100'], 'solve_time': ['2024-10-26T14:45:31.569924Z', '2024-10-26T14:20:10.247193Z', '2024-10-26T06:48:10.793529Z', '2024-10-26T06:46:50.011529Z', '2024-10-26T06:44:22.017557Z', '2024-10-26T06:35:33.668100Z', '2024-10-26T06:27:57.036940Z', '2024-10-26T06:08:06.083512Z', '2024-10-26T06:07:00.081360Z', '2024-10-26T06:05:10.446169Z']}"
39,1350,Sh4yo,"{'challenge_name': ['Log-ical - Part 1', 'Welcome to UrchinSec', 'Evil Park 4', 'Evil Park 3', 'Evil Park 2', 'Evil Park 1', 'Heart', 'Open Letter', '10 Round', 'RedHand', 'Syringe', 'Follow Us'], 'challenge_category': ['Forensics', 'Miscellaneous ', 'Forensics', 'Forensics', 'Forensics', 'Forensics', 'Secure Code Reviewing', 'Forensics', 'Forensics', 'Secure Code Reviewing', 'Secure Code Reviewing', 'OSINT'], 'challenge_points': ['100', '100', '100', '100', '100', '100', '100', '300', '100', '100', '100', '100'], 'solve_time': ['2024-10-26T14:52:17.160951Z', '2024-10-26T14:28:37.274108Z', '2024-10-26T14:21:08.459879Z', '2024-10-26T14:20:04.316210Z', '2024-10-26T14:17:58.865810Z', '2024-10-26T14:15:09.751530Z', '2024-10-26T14:03:29.835927Z', '2024-10-26T13:51:36.930963Z', '2024-10-26T13:47:11.707342Z', '2024-10-26T13:32:19.196570Z', '2024-10-26T13:30:42.720097Z', '2024-10-26T06:46:00.542600Z']}"
40,1300,cicada,"{'challenge_name': ['WarmUp', 'Shifty Business', 'Log-ical - Part 1', 'Box', 'Syringe', 'RedHand', 'Heart', 'Follow Us', 'Welcome to UrchinSec', 'Ugomvi', 'Destination'], 'challenge_category': ['Cryptography', 'Cryptography', 'Forensics', 'Cryptography', 'Secure Code Reviewing', 'Secure Code Reviewing', 'Secure Code Reviewing', 'OSINT', 'Miscellaneous ', 'Cryptography', 'Cryptography'], 'challenge_points': ['300', '100', '100', '100', '100', '100', '100', '100', '100', '100', '100'], 'solve_time': ['2024-10-27T11:29:16.257819Z', '2024-10-26T19:05:25.178198Z', '2024-10-26T18:33:47.773084Z', '2024-10-26T15:28:17.398744Z', '2024-10-26T14:44:55.874696Z', '2024-10-26T14:41:56.628739Z', '2024-10-26T07:46:13.158296Z', '2024-10-26T07:38:22.950804Z', '2024-10-26T07:11:16.731385Z', '2024-10-26T06:34:49.705119Z', '2024-10-26T06:20:56.803153Z']}"
41,1300,HxN0n3,"{'challenge_name': ['Log-ical - Part 1', 'Evil Park 1', '10 Round', 'Follow Us', 'Welcome to UrchinSec', 'Shifty Business', 'ABC Phonics', 'WarmUp', 'Ugomvi', 'Destination', 'Box'], 'challenge_category': ['Forensics', 'Forensics', 'Forensics', 'OSINT', 'Miscellaneous ', 'Cryptography', 'Cryptography', 'Cryptography', 'Cryptography', 'Cryptography', 'Cryptography'], 'challenge_points': ['100', '100', '100', '100', '100', '100', '100', '300', '100', '100', '100'], 'solve_time': ['2024-10-27T18:43:27.095339Z', '2024-10-27T16:59:10.948738Z', '2024-10-27T16:48:56.436830Z', '2024-10-27T13:54:16.111436Z', '2024-10-27T13:45:01.274370Z', '2024-10-27T05:06:59.335692Z', '2024-10-27T04:59:12.175581Z', '2024-10-27T04:37:55.674138Z', '2024-10-27T04:29:32.523251Z', '2024-10-26T18:35:01.917112Z', '2024-10-26T18:15:11.195604Z']}"
42,1290,n00b,"{'challenge_name': ['RedHand', 'WarmUp', 'Destination', 'Syringe', 'Open Letter', 'Log-ical - Part 1', '10 Round', 'Follow Us', 'Welcome to UrchinSec'], 'challenge_category': ['Secure Code Reviewing', 'Cryptography', 'Cryptography', 'Secure Code Reviewing', 'Forensics', 'Forensics', 'Forensics', 'OSINT', 'Miscellaneous '], 'challenge_points': ['100', '300', '100', '100', '300', '100', '100', '100', '100'], 'solve_time': ['2024-10-26T09:05:20.576496Z', '2024-10-26T08:54:25.961152Z', '2024-10-26T08:43:01.613230Z', '2024-10-26T08:30:18.544379Z', '2024-10-26T08:04:25.996828Z', '2024-10-26T07:56:45.034057Z', '2024-10-26T07:06:56.946403Z', '2024-10-26T06:35:33.898316Z', '2024-10-26T06:04:17.286376Z']}"
43,1200,c0nrad,"{'challenge_name': ['Drift', ""Let's Vibe"", 'Syringe', 'RedHand', 'Heart', 'Welcome to UrchinSec', 'WarmUp', 'Destination'], 'challenge_category': ['Reverse Engineering', 'Reverse Engineering', 'Secure Code Reviewing', 'Secure Code Reviewing', 'Secure Code Reviewing', 'Miscellaneous ', 'Cryptography', 'Cryptography'], 'challenge_points': ['300', '100', '100', '100', '100', '100', '300', '100'], 'solve_time': ['2024-10-26T12:36:00.750253Z', '2024-10-26T12:03:18.861845Z', '2024-10-26T12:00:18.244483Z', '2024-10-26T11:59:57.809713Z', '2024-10-26T11:59:34.539927Z', '2024-10-26T11:54:06.882590Z', '2024-10-26T11:53:20.967670Z', '2024-10-26T11:23:20.428397Z']}"
44,1200,HAIDAR,"{'challenge_name': ['Welcome to UrchinSec', 'WarmUp', 'Box', 'Syringe', 'RedHand', 'Log-ical - Part 1', 'Heart', 'Ugomvi', 'Follow Us', 'Destination'], 'challenge_category': ['Miscellaneous ', 'Cryptography', 'Cryptography', 'Secure Code Reviewing', 'Secure Code Reviewing', 'Forensics', 'Secure Code Reviewing', 'Cryptography', 'OSINT', 'Cryptography'], 'challenge_points': ['100', '300', '100', '100', '100', '100', '100', '100', '100', '100'], 'solve_time': ['2024-10-26T13:06:34.977647Z', '2024-10-26T12:37:04.765032Z', '2024-10-26T12:01:57.871840Z', '2024-10-26T11:52:56.639479Z', '2024-10-26T11:49:47.885441Z', '2024-10-26T11:39:56.187752Z', '2024-10-26T11:33:33.276829Z', '2024-10-26T11:27:10.921174Z', '2024-10-26T07:22:57.328694Z', '2024-10-26T07:16:10.122177Z']}"
45,1200,Mojojojo,"{'challenge_name': ['WarmUp', '10 Round', 'Log-ical - Part 1', 'Destination', 'Welcome to UrchinSec', 'Box', 'Follow Us', 'Syringe', 'RedHand', 'Heart'], 'challenge_category': ['Cryptography', 'Forensics', 'Forensics', 'Cryptography', 'Miscellaneous ', 'Cryptography', 'OSINT', 'Secure Code Reviewing', 'Secure Code Reviewing', 'Secure Code Reviewing'], 'challenge_points': ['300', '100', '100', '100', '100', '100', '100', '100', '100', '100'], 'solve_time': ['2024-10-26T16:21:05.663350Z', '2024-10-26T15:52:40.657616Z', '2024-10-26T15:38:40.505202Z', '2024-10-26T15:35:17.349717Z', '2024-10-26T15:15:38.553576Z', '2024-10-26T15:13:59.364846Z', '2024-10-26T15:08:12.956222Z', '2024-10-26T14:06:14.693743Z', '2024-10-26T13:55:47.284459Z', '2024-10-26T12:04:32.571408Z']}"
46,1200,AbuAl3of,"{'challenge_name': ['Welcome to UrchinSec', 'Destination', 'Follow Us', 'Open Letter', 'Log-ical - Part 1', 'Evil Park 4', 'Evil Park 3', 'Evil Park 2', 'Evil Park 1', '10 Round'], 'challenge_category': ['Miscellaneous ', 'Cryptography', 'OSINT', 'Forensics', 'Forensics', 'Forensics', 'Forensics', 'Forensics', 'Forensics', 'Forensics'], 'challenge_points': ['100', '100', '100', '300', '100', '100', '100', '100', '100', '100'], 'solve_time': ['2024-10-26T22:02:44.347223Z', '2024-10-26T22:02:00.821475Z', '2024-10-26T22:00:03.124472Z', '2024-10-26T19:59:34.072861Z', '2024-10-26T19:57:13.650542Z', '2024-10-26T19:50:55.600188Z', '2024-10-26T19:50:05.729092Z', '2024-10-26T19:48:59.871147Z', '2024-10-26T19:47:48.863881Z', '2024-10-26T19:44:39.822256Z']}"
47,1200,p3g4sus,"{'challenge_name': ['Log-ical - Part 2', 'ABC Phonics', 'Log-ical - Part 1', 'Box', 'Follow Us', 'Destination', 'Syringe', 'RedHand', 'Heart', 'Welcome to UrchinSec'], 'challenge_category': ['Forensics', 'Cryptography', 'Forensics', 'Cryptography', 'OSINT', 'Cryptography', 'Secure Code Reviewing', 'Secure Code Reviewing', 'Secure Code Reviewing', 'Miscellaneous '], 'challenge_points': ['300', '100', '100', '100', '100', '100', '100', '100', '100', '100'], 'solve_time': ['2024-10-27T18:04:13.372142Z', '2024-10-26T14:59:15.459070Z', '2024-10-26T13:51:20.405511Z', '2024-10-26T11:39:32.553410Z', '2024-10-26T11:01:38.359529Z', '2024-10-26T09:14:30.913816Z', '2024-10-26T09:07:57.675160Z', '2024-10-26T09:05:20.028720Z', '2024-10-26T09:04:13.962398Z', '2024-10-26T07:55:19.000007Z']}"
48,1150,Sensei-Urchin,"{'challenge_name': ['Notee', 'Heart', 'Syringe', 'RedHand', 'Destination', 'Pyrison'], 'challenge_category': ['Web Security', 'Secure Code Reviewing', 'Secure Code Reviewing', 'Secure Code Reviewing', 'Cryptography', 'Web Security'], 'challenge_points': ['300', '100', '100', '100', '100', '500'], 'solve_time': ['2024-10-26T14:15:39.150474Z', '2024-10-26T10:25:19.401327Z', '2024-10-26T10:24:38.163603Z', '2024-10-26T10:23:43.914999Z', '2024-10-26T10:10:12.079613Z', '2024-10-26T10:03:29.356063Z']}"
49,1100,Bug-1337,"{'challenge_name': ['Ugomvi', 'Follow Us', 'Welcome to UrchinSec', 'Heart', 'Destination', 'Syringe', 'RedHand', 'Open Letter', 'Log-ical - Part 1'], 'challenge_category': ['Cryptography', 'OSINT', 'Miscellaneous ', 'Secure Code Reviewing', 'Cryptography', 'Secure Code Reviewing', 'Secure Code Reviewing', 'Forensics', 'Forensics'], 'challenge_points': ['100', '100', '100', '100', '100', '100', '100', '300', '100'], 'solve_time': ['2024-10-26T12:04:57.589814Z', '2024-10-26T12:04:11.287628Z', '2024-10-26T11:18:56.610060Z', '2024-10-26T10:40:16.310087Z', '2024-10-26T09:59:25.888844Z', '2024-10-26T09:33:16.471181Z', '2024-10-26T09:29:43.175629Z', '2024-10-26T09:09:27.112529Z', '2024-10-26T08:55:03.301388Z']}"
50,1100,Elliot,"{'challenge_name': ['Follow Us', 'Heart', 'RedHand', 'Syringe', 'Welcome to UrchinSec', 'Open Letter', 'Log-ical - Part 1', '10 Round', 'Destination'], 'challenge_category': ['OSINT', 'Secure Code Reviewing', 'Secure Code Reviewing', 'Secure Code Reviewing', 'Miscellaneous ', 'Forensics', 'Forensics', 'Forensics', 'Cryptography'], 'challenge_points': ['100', '100', '100', '100', '100', '300', '100', '100', '100'], 'solve_time': ['2024-10-26T13:33:36.991851Z', '2024-10-26T13:13:00.752514Z', '2024-10-26T12:39:34.995611Z', '2024-10-26T11:11:06.828548Z', '2024-10-26T10:44:16.047387Z', '2024-10-26T10:34:42.178067Z', '2024-10-26T10:15:47.975093Z', '2024-10-26T10:01:57.731929Z', '2024-10-26T09:18:37.193875Z']}"
51,1100,newbee,"{'challenge_name': ['Open Letter', 'Syringe', 'Follow Us', 'Log-ical - Part 1', 'WarmUp', 'Ugomvi', 'Destination'], 'challenge_category': ['Forensics', 'Secure Code Reviewing', 'OSINT', 'Forensics', 'Cryptography', 'Cryptography', 'Cryptography'], 'challenge_points': ['300', '100', '100', '100', '300', '100', '100'], 'solve_time': ['2024-10-26T16:58:47.945396Z', '2024-10-26T10:17:25.239305Z', '2024-10-26T09:41:02.439172Z', '2024-10-26T08:47:04.352345Z', '2024-10-26T08:00:18.678709Z', '2024-10-26T07:48:56.406996Z', '2024-10-26T07:10:52.757250Z']}"
52,1100,m4gici4nh4ck3r,"{'challenge_name': ['UrchinPirates 1', 'Shifty Business', 'Log-ical - Part 1', '10 Round', 'RedHand', 'Heart', 'Syringe', 'Welcome to UrchinSec', 'Destination'], 'challenge_category': ['OSINT', 'Cryptography', 'Forensics', 'Forensics', 'Secure Code Reviewing', 'Secure Code Reviewing', 'Secure Code Reviewing', 'Miscellaneous ', 'Cryptography'], 'challenge_points': ['300', '100', '100', '100', '100', '100', '100', '100', '100'], 'solve_time': ['2024-10-27T13:02:23.556627Z', '2024-10-27T12:45:34.442819Z', '2024-10-27T11:06:05.710995Z', '2024-10-27T10:44:30.913050Z', '2024-10-27T09:58:53.614660Z', '2024-10-27T09:33:48.154753Z', '2024-10-27T09:20:12.953443Z', '2024-10-27T09:13:06.973030Z', '2024-10-27T09:02:58.198557Z']}"
53,1100,TanvirTian,"{'challenge_name': ['Ugomvi', 'Open Letter', ""Let's Vibe"", '10 Round', 'RedHand', 'Syringe', 'Log-ical - Part 1', 'Follow Us', 'Heart'], 'challenge_category': ['Cryptography', 'Forensics', 'Reverse Engineering', 'Forensics', 'Secure Code Reviewing', 'Secure Code Reviewing', 'Forensics', 'OSINT', 'Secure Code Reviewing'], 'challenge_points': ['100', '300', '100', '100', '100', '100', '100', '100', '100'], 'solve_time': ['2024-10-27T16:18:39.965005Z', '2024-10-26T17:06:36.365807Z', '2024-10-26T15:07:33.501477Z', '2024-10-26T13:09:20.455964Z', '2024-10-26T12:24:27.137112Z', '2024-10-26T12:21:16.333050Z', '2024-10-26T12:15:31.770585Z', '2024-10-26T08:46:35.462194Z', '2024-10-26T06:26:52.257933Z']}"
54,1040,lukagocharov,"{'challenge_name': ['Shifty Business', 'Open Letter', 'Log-ical - Part 1', '10 Round', 'Ugomvi', 'Syringe', 'RedHand', 'Heart', 'Destination'], 'challenge_category': ['Cryptography', 'Forensics', 'Forensics', 'Forensics', 'Cryptography', 'Secure Code Reviewing', 'Secure Code Reviewing', 'Secure Code Reviewing', 'Cryptography'], 'challenge_points': ['100', '300', '100', '100', '100', '100', '100', '100', '100'], 'solve_time': ['2024-10-27T14:17:17.255635Z', '2024-10-27T14:10:26.608548Z', '2024-10-27T13:20:48.321750Z', '2024-10-27T13:02:50.495579Z', '2024-10-26T18:51:45.176319Z', '2024-10-26T16:52:17.473058Z', '2024-10-26T16:47:20.913556Z', '2024-10-26T16:44:12.693512Z', '2024-10-26T07:59:04.704748Z']}"
55,1000,SK4RP10N,"{'challenge_name': ['Welcome to UrchinSec', 'Ugomvi', 'Box', 'Log-ical - Part 1', 'Open Letter', 'Syringe', 'Heart', 'Destination'], 'challenge_category': ['Miscellaneous ', 'Cryptography', 'Cryptography', 'Forensics', 'Forensics', 'Secure Code Reviewing', 'Secure Code Reviewing', 'Cryptography'], 'challenge_points': ['100', '100', '100', '100', '300', '100', '100', '100'], 'solve_time': ['2024-10-26T12:44:02.511565Z', '2024-10-26T12:16:44.269421Z', '2024-10-26T12:05:22.061820Z', '2024-10-26T11:54:13.717125Z', '2024-10-26T11:49:14.666106Z', '2024-10-26T11:11:14.117315Z', '2024-10-26T11:09:24.991629Z', '2024-10-26T11:08:32.174308Z']}"
56,1000,humanoid,"{'challenge_name': [""Let's Vibe"", 'Syringe', 'RedHand', 'Heart', 'Log-ical - Part 1', 'Destination', 'Follow Us', 'WarmUp'], 'challenge_category': ['Reverse Engineering', 'Secure Code Reviewing', 'Secure Code Reviewing', 'Secure Code Reviewing', 'Forensics', 'Cryptography', 'OSINT', 'Cryptography'], 'challenge_points': ['100', '100', '100', '100', '100', '100', '100', '300'], 'solve_time': ['2024-10-26T17:58:05.769819Z', '2024-10-26T17:42:29.686429Z', '2024-10-26T17:40:17.090949Z', '2024-10-26T17:36:41.068954Z', '2024-10-26T16:59:41.717485Z', '2024-10-26T11:36:44.922488Z', '2024-10-26T09:56:03.423376Z', '2024-10-26T09:14:02.264005Z']}"
57,1000,whiteraven,"{'challenge_name': ['Box', 'Ugomvi', 'RedHand', 'Syringe', 'Log-ical - Part 1', 'Shifty Business', 'Destination', 'WarmUp'], 'challenge_category': ['Cryptography', 'Cryptography', 'Secure Code Reviewing', 'Secure Code Reviewing', 'Forensics', 'Cryptography', 'Cryptography', 'Cryptography'], 'challenge_points': ['100', '100', '100', '100', '100', '100', '100', '300'], 'solve_time': ['2024-10-27T11:22:55.908755Z', '2024-10-27T11:13:29.260079Z', '2024-10-27T10:41:36.970556Z', '2024-10-27T10:41:09.386839Z', '2024-10-27T09:32:43.986244Z', '2024-10-27T08:41:44.972040Z', '2024-10-26T17:56:40.274949Z', '2024-10-26T11:58:22.126442Z']}"
58,1000,Owaxw,"{'challenge_name': ['10 Round', 'Follow Us', 'RedHand', 'Syringe', 'Open Letter', 'Box', 'Heart', 'Welcome to UrchinSec'], 'challenge_category': ['Forensics', 'OSINT', 'Secure Code Reviewing', 'Secure Code Reviewing', 'Forensics', 'Cryptography', 'Secure Code Reviewing', 'Miscellaneous '], 'challenge_points': ['100', '100', '100', '100', '300', '100', '100', '100'], 'solve_time': ['2024-10-27T18:37:56.768501Z', '2024-10-27T14:59:01.735959Z', '2024-10-27T14:25:24.585661Z', '2024-10-27T14:08:44.360308Z', '2024-10-27T13:55:24.661428Z', '2024-10-27T12:25:16.104750Z', '2024-10-27T11:03:13.014588Z', '2024-10-26T13:18:13.918365Z']}"
59,990,Nuke,"{'challenge_name': ['Log-ical - Part 2', 'Log-ical - Part 1', 'RedHand', 'Syringe', 'Destination', 'Heart', 'Welcome to UrchinSec', 'Follow Us'], 'challenge_category': ['Forensics', 'Forensics', 'Secure Code Reviewing', 'Secure Code Reviewing', 'Cryptography', 'Secure Code Reviewing', 'Miscellaneous ', 'OSINT'], 'challenge_points': ['300', '100', '100', '100', '100', '100', '100', '100'], 'solve_time': ['2024-10-26T17:35:34.789588Z', '2024-10-26T16:56:34.475686Z', '2024-10-26T16:44:57.686688Z', '2024-10-26T16:41:31.873299Z', '2024-10-26T16:23:45.781863Z', '2024-10-26T15:37:08.780322Z', '2024-10-26T15:31:35.745685Z', '2024-10-26T14:01:41.723722Z']}"
60,900,V0v1,"{'challenge_name': ['Ugomvi', 'Shifty Business', 'ABC Phonics', 'Box', 'Welcome to UrchinSec', 'Open Letter', 'Log-ical - Part 1'], 'challenge_category': ['Cryptography', 'Cryptography', 'Cryptography', 'Cryptography', 'Miscellaneous ', 'Forensics', 'Forensics'], 'challenge_points': ['100', '100', '100', '100', '100', '300', '100'], 'solve_time': ['2024-10-27T11:21:42.326369Z', '2024-10-27T10:54:47.331087Z', '2024-10-27T09:49:46.954751Z', '2024-10-26T12:09:22.121371Z', '2024-10-26T11:23:43.594158Z', '2024-10-26T11:19:07.146975Z', '2024-10-26T09:25:07.613302Z']}"
61,900,1ntrSt3llar,"{'challenge_name': ['RedHand', 'Heart', 'Shifty Business', '10 Round', 'WarmUp', 'Ugomvi', 'Destination'], 'challenge_category': ['Secure Code Reviewing', 'Secure Code Reviewing', 'Cryptography', 'Forensics', 'Cryptography', 'Cryptography', 'Cryptography'], 'challenge_points': ['100', '100', '100', '100', '300', '100', '100'], 'solve_time': ['2024-10-27T13:48:03.505038Z', '2024-10-27T13:29:42.694094Z', '2024-10-27T09:55:30.991483Z', '2024-10-26T08:29:37.609644Z', '2024-10-26T07:58:45.367363Z', '2024-10-26T07:47:02.280465Z', '2024-10-26T07:09:47.673127Z']}"
62,900,Khaider,"{'challenge_name': [""Let's Vibe"", 'Follow Us', 'Log-ical - Part 1', '10 Round', 'Welcome to UrchinSec', 'Destination', 'RedHand', 'Syringe', 'Heart'], 'challenge_category': ['Reverse Engineering', 'OSINT', 'Forensics', 'Forensics', 'Miscellaneous ', 'Cryptography', 'Secure Code Reviewing', 'Secure Code Reviewing', 'Secure Code Reviewing'], 'challenge_points': ['100', '100', '100', '100', '100', '100', '100', '100', '100'], 'solve_time': ['2024-10-27T18:52:46.251819Z', '2024-10-27T18:48:50.837329Z', '2024-10-26T11:14:36.337126Z', '2024-10-26T11:12:49.358182Z', '2024-10-26T11:11:16.278431Z', '2024-10-26T10:28:18.287459Z', '2024-10-26T10:17:19.084302Z', '2024-10-26T08:46:08.337471Z', '2024-10-26T08:36:33.396322Z']}"
63,800,Mlambo,"{'challenge_name': ['Open Letter', 'Syringe', 'RedHand', 'Log-ical - Part 1', '10 Round', 'Destination'], 'challenge_category': ['Forensics', 'Secure Code Reviewing', 'Secure Code Reviewing', 'Forensics', 'Forensics', 'Cryptography'], 'challenge_points': ['300', '100', '100', '100', '100', '100'], 'solve_time': ['2024-10-26T10:13:08.607024Z', '2024-10-26T09:34:27.636804Z', '2024-10-26T09:31:44.713640Z', '2024-10-26T08:10:48.975735Z', '2024-10-26T07:11:51.825240Z', '2024-10-26T06:24:54.549561Z']}"
64,800,black_sky,"{'challenge_name': ['Log-ical - Part 1', 'Follow Us', 'WarmUp', 'Destination', '10 Round', 'Welcome to UrchinSec'], 'challenge_category': ['Forensics', 'OSINT', 'Cryptography', 'Cryptography', 'Forensics', 'Miscellaneous '], 'challenge_points': ['100', '100', '300', '100', '100', '100'], 'solve_time': ['2024-10-26T11:13:19.103122Z', '2024-10-26T09:05:30.597431Z', '2024-10-26T09:02:49.467101Z', '2024-10-26T08:33:09.985728Z', '2024-10-26T06:52:52.127383Z', '2024-10-26T06:33:58.680891Z']}"
65,800,hushkat,"{'challenge_name': ['Log-ical - Part 1', 'Box', '10 Round', 'WarmUp', 'Ugomvi', 'Destination'], 'challenge_category': ['Forensics', 'Cryptography', 'Forensics', 'Cryptography', 'Cryptography', 'Cryptography'], 'challenge_points': ['100', '100', '100', '300', '100', '100'], 'solve_time': ['2024-10-26T12:32:56.116849Z', '2024-10-26T11:44:05.752230Z', '2024-10-26T10:56:13.142016Z', '2024-10-26T10:40:26.901604Z', '2024-10-26T10:28:10.495296Z', '2024-10-26T09:29:36.357084Z']}"
66,800,tikku,"{'challenge_name': ['10 Round', 'Destination', 'Log-ical - Part 1', 'RedHand', 'Syringe', 'Heart', 'Welcome to UrchinSec', 'Follow Us'], 'challenge_category': ['Forensics', 'Cryptography', 'Forensics', 'Secure Code Reviewing', 'Secure Code Reviewing', 'Secure Code Reviewing', 'Miscellaneous ', 'OSINT'], 'challenge_points': ['100', '100', '100', '100', '100', '100', '100', '100'], 'solve_time': ['2024-10-26T15:29:20.602860Z', '2024-10-26T10:04:55.889332Z', '2024-10-26T10:00:13.529735Z', '2024-10-26T07:47:59.354482Z', '2024-10-26T07:43:41.136691Z', '2024-10-26T07:30:57.034214Z', '2024-10-26T06:50:07.343043Z', '2024-10-26T06:06:04.813267Z']}"
67,800,XxymbolL,"{'challenge_name': ['WarmUp', 'Open Letter', 'Destination', '10 Round'], 'challenge_category': ['Cryptography', 'Forensics', 'Cryptography', 'Forensics'], 'challenge_points': ['300', '300', '100', '100'], 'solve_time': ['2024-10-26T16:59:35.481099Z', '2024-10-26T16:46:15.783057Z', '2024-10-26T10:58:27.779361Z', '2024-10-26T10:27:20.758671Z']}"
68,800,liuzibo,"{'challenge_name': ['Shifty Business', 'Welcome to UrchinSec', 'WarmUp', 'Destination', 'Log-ical - Part 1', 'Syringe'], 'challenge_category': ['Cryptography', 'Miscellaneous ', 'Cryptography', 'Cryptography', 'Forensics', 'Secure Code Reviewing'], 'challenge_points': ['100', '100', '300', '100', '100', '100'], 'solve_time': ['2024-10-27T03:19:21.908942Z', '2024-10-26T12:23:38.816554Z', '2024-10-26T11:57:05.640367Z', '2024-10-26T10:54:55.823332Z', '2024-10-26T07:57:06.991584Z', '2024-10-26T07:14:18.011086Z']}"
69,800,V5November,"{'challenge_name': ['Open Letter', '10 Round', 'Shifty Business', 'Heart', 'RedHand', 'Syringe'], 'challenge_category': ['Forensics', 'Forensics', 'Cryptography', 'Secure Code Reviewing', 'Secure Code Reviewing', 'Secure Code Reviewing'], 'challenge_points': ['300', '100', '100', '100', '100', '100'], 'solve_time': ['2024-10-27T18:21:23.104583Z', '2024-10-27T13:59:31.600400Z', '2024-10-27T13:19:19.956790Z', '2024-10-27T13:15:23.564059Z', '2024-10-27T13:13:12.427953Z', '2024-10-27T13:09:44.514696Z']}"
70,790,claytsunami,"{'challenge_name': ['WarmUp', 'Destination', 'Syringe', 'RedHand', 'Heart', 'Welcome to UrchinSec'], 'challenge_category': ['Cryptography', 'Cryptography', 'Secure Code Reviewing', 'Secure Code Reviewing', 'Secure Code Reviewing', 'Miscellaneous '], 'challenge_points': ['300', '100', '100', '100', '100', '100'], 'solve_time': ['2024-10-27T11:21:59.827093Z', '2024-10-27T11:15:57.302655Z', '2024-10-27T10:55:01.503429Z', '2024-10-27T10:53:04.571233Z', '2024-10-27T10:46:26.060201Z', '2024-10-27T10:37:14.592406Z']}"
71,790,Ibex-cyber-intelligence,"{'challenge_name': [""Let's Vibe"", 'Log-ical - Part 1', 'Open Letter', 'RedHand', 'Syringe', 'Heart'], 'challenge_category': ['Reverse Engineering', 'Forensics', 'Forensics', 'Secure Code Reviewing', 'Secure Code Reviewing', 'Secure Code Reviewing'], 'challenge_points': ['100', '100', '300', '100', '100', '100'], 'solve_time': ['2024-10-27T16:03:17.038854Z', '2024-10-27T12:44:38.813330Z', '2024-10-27T08:28:19.899416Z', '2024-10-27T04:33:04.612066Z', '2024-10-27T03:11:27.843762Z', '2024-10-27T03:07:16.042932Z']}"
72,750,kaizoku,"{'challenge_name': ['RedHand', 'Welcome to UrchinSec', 'Log-ical - Part 1', 'Destination', '10 Round', 'Syringe', 'Heart', 'Follow Us'], 'challenge_category': ['Secure Code Reviewing', 'Miscellaneous ', 'Forensics', 'Cryptography', 'Forensics', 'Secure Code Reviewing', 'Secure Code Reviewing', 'OSINT'], 'challenge_points': ['100', '100', '100', '100', '100', '100', '100', '100'], 'solve_time': ['2024-10-26T09:55:46.815109Z', '2024-10-26T09:06:01.893600Z', '2024-10-26T08:42:54.794680Z', '2024-10-26T08:11:17.096639Z', '2024-10-26T08:02:24.665731Z', '2024-10-26T07:14:44.594205Z', '2024-10-26T06:59:14.520794Z', '2024-10-26T06:20:32.193641Z']}"
73,700,fzhshzh,"{'challenge_name': ['Syringe', 'Heart', ""Let's Vibe"", 'Follow Us', 'Welcome to UrchinSec', '10 Round', 'Destination'], 'challenge_category': ['Secure Code Reviewing', 'Secure Code Reviewing', 'Reverse Engineering', 'OSINT', 'Miscellaneous ', 'Forensics', 'Cryptography'], 'challenge_points': ['100', '100', '100', '100', '100', '100', '100'], 'solve_time': ['2024-10-27T06:02:58.944158Z', '2024-10-27T05:53:25.673642Z', '2024-10-27T05:47:45.819865Z', '2024-10-27T05:32:30.257544Z', '2024-10-27T05:30:36.144168Z', '2024-10-27T05:23:42.278623Z', '2024-10-26T23:56:18.459055Z']}"
74,700,zhuozhenwei,"{'challenge_name': ['Welcome to UrchinSec', 'WarmUp', 'Destination', 'Log-ical - Part 1', 'Syringe'], 'challenge_category': ['Miscellaneous ', 'Cryptography', 'Cryptography', 'Forensics', 'Secure Code Reviewing'], 'challenge_points': ['100', '300', '100', '100', '100'], 'solve_time': ['2024-10-27T07:13:41.084349Z', '2024-10-27T07:04:37.484848Z', '2024-10-27T06:45:06.452133Z', '2024-10-27T03:39:58.699438Z', '2024-10-27T03:24:11.401970Z']}"
75,600,h4ck3r255,"{'challenge_name': ['Log-ical - Part 1', 'Syringe', '10 Round', 'Follow Us', 'Destination', 'Welcome to UrchinSec'], 'challenge_category': ['Forensics', 'Secure Code Reviewing', 'Forensics', 'OSINT', 'Cryptography', 'Miscellaneous '], 'challenge_points': ['100', '100', '100', '100', '100', '100'], 'solve_time': ['2024-10-26T21:25:49.477870Z', '2024-10-26T20:41:26.539830Z', '2024-10-26T18:44:01.937779Z', '2024-10-26T14:27:33.653527Z', '2024-10-26T10:18:57.488812Z', '2024-10-26T09:50:43.733078Z']}"
76,600,EthicalHackersClub,"{'challenge_name': ['10 Round', 'Follow Us', 'Syringe', 'RedHand', 'Heart', 'Welcome to UrchinSec'], 'challenge_category': ['Forensics', 'OSINT', 'Secure Code Reviewing', 'Secure Code Reviewing', 'Secure Code Reviewing', 'Miscellaneous '], 'challenge_points': ['100', '100', '100', '100', '100', '100'], 'solve_time': ['2024-10-27T05:22:32.180861Z', '2024-10-27T05:15:26.791829Z', '2024-10-27T05:06:20.248272Z', '2024-10-27T05:04:50.633814Z', '2024-10-27T05:02:40.357295Z', '2024-10-26T12:41:31.105791Z']}"
77,600,hazey,"{'challenge_name': ['Box', 'Ugomvi', 'Syringe', 'RedHand', 'Log-ical - Part 1', 'Destination'], 'challenge_category': ['Cryptography', 'Cryptography', 'Secure Code Reviewing', 'Secure Code Reviewing', 'Forensics', 'Cryptography'], 'challenge_points': ['100', '100', '100', '100', '100', '100'], 'solve_time': ['2024-10-27T11:37:03.041176Z', '2024-10-27T10:58:33.534881Z', '2024-10-27T10:35:26.371988Z', '2024-10-27T10:31:45.118376Z', '2024-10-27T10:12:44.068468Z', '2024-10-27T09:03:59.513283Z']}"
78,600,nexus-nektar291,"{'challenge_name': ['Log-ical - Part 1', 'Heart', 'Shifty Business', 'RedHand', 'Syringe', 'Welcome to UrchinSec'], 'challenge_category': ['Forensics', 'Secure Code Reviewing', 'Cryptography', 'Secure Code Reviewing', 'Secure Code Reviewing', 'Miscellaneous '], 'challenge_points': ['100', '100', '100', '100', '100', '100'], 'solve_time': ['2024-10-27T16:07:50.296633Z', '2024-10-27T16:01:25.818525Z', '2024-10-27T12:29:16.240739Z', '2024-10-27T12:10:04.267144Z', '2024-10-27T12:07:51.063853Z', '2024-10-27T11:16:44.613380Z']}"
79,500,arch_nexus707,"{'challenge_name': ['Log-ical - Part 1', '10 Round', 'RedHand', 'Syringe', 'Heart'], 'challenge_category': ['Forensics', 'Forensics', 'Secure Code Reviewing', 'Secure Code Reviewing', 'Secure Code Reviewing'], 'challenge_points': ['100', '100', '100', '100', '100'], 'solve_time': ['2024-10-26T09:26:33.133964Z', '2024-10-26T09:26:08.478492Z', '2024-10-26T09:25:28.439159Z', '2024-10-26T06:35:22.506685Z', '2024-10-26T06:30:21.324529Z']}"
80,500,EyeWon,"{'challenge_name': ['Pyrison'], 'challenge_category': ['Web Security'], 'challenge_points': ['500'], 'solve_time': ['2024-10-26T09:39:56.784527Z']}"
81,500,root-a2,"{'challenge_name': ['Welcome to UrchinSec', 'Open Letter', 'Log-ical - Part 1'], 'challenge_category': ['Miscellaneous ', 'Forensics', 'Forensics'], 'challenge_points': ['100', '300', '100'], 'solve_time': ['2024-10-26T10:20:25.324195Z', '2024-10-26T10:00:28.055314Z', '2024-10-26T09:54:33.019377Z']}"
82,500,hack3rpro,"{'challenge_name': ['Log-ical - Part 1', 'Destination', 'Welcome to UrchinSec', 'Follow Us', 'Heart'], 'challenge_category': ['Forensics', 'Cryptography', 'Miscellaneous ', 'OSINT', 'Secure Code Reviewing'], 'challenge_points': ['100', '100', '100', '100', '100'], 'solve_time': ['2024-10-26T10:37:47.847811Z', '2024-10-26T09:15:08.489701Z', '2024-10-26T09:13:03.837791Z', '2024-10-26T09:04:05.435606Z', '2024-10-26T08:44:16.730698Z']}"
83,500,R4VAN,"{'challenge_name': ['Log-ical - Part 1', '10 Round', 'Destination', 'Welcome to UrchinSec', 'Follow Us'], 'challenge_category': ['Forensics', 'Forensics', 'Cryptography', 'Miscellaneous ', 'OSINT'], 'challenge_points': ['100', '100', '100', '100', '100'], 'solve_time': ['2024-10-26T14:25:13.645253Z', '2024-10-26T11:48:59.181936Z', '2024-10-26T11:14:38.717116Z', '2024-10-26T10:56:07.269226Z', '2024-10-26T10:40:16.746920Z']}"
84,500,garux,"{'challenge_name': ['Follow Us', 'Log-ical - Part 1', ""Let's Vibe"", 'Syringe', 'Destination'], 'challenge_category': ['OSINT', 'Forensics', 'Reverse Engineering', 'Secure Code Reviewing', 'Cryptography'], 'challenge_points': ['100', '100', '100', '100', '100'], 'solve_time': ['2024-10-26T15:16:24.702581Z', '2024-10-26T15:05:30.075857Z', '2024-10-26T14:40:35.656097Z', '2024-10-26T14:31:15.160162Z', '2024-10-26T14:15:37.512832Z']}"
85,500,Flag Addict,"{'challenge_name': ['Log-ical - Part 1', 'Syringe', 'RedHand', 'Heart', 'Follow Us'], 'challenge_category': ['Forensics', 'Secure Code Reviewing', 'Secure Code Reviewing', 'Secure Code Reviewing', 'OSINT'], 'challenge_points': ['100', '100', '100', '100', '100'], 'solve_time': ['2024-10-26T20:20:03.360432Z', '2024-10-26T19:44:36.674632Z', '2024-10-26T19:43:07.633700Z', '2024-10-26T19:39:10.898708Z', '2024-10-26T19:15:57.158364Z']}"
86,500,PlainPlacebo,"{'challenge_name': ['Open Letter', '10 Round', 'Destination'], 'challenge_category': ['Forensics', 'Forensics', 'Cryptography'], 'challenge_points': ['300', '100', '100'], 'solve_time': ['2024-10-27T08:48:01.738734Z', '2024-10-26T08:10:27.250380Z', '2024-10-26T07:40:26.001041Z']}"
87,500,Praise,"{'challenge_name': ['Follow Us', 'RedHand', 'Syringe', 'Heart', 'Welcome to UrchinSec'], 'challenge_category': ['OSINT', 'Secure Code Reviewing', 'Secure Code Reviewing', 'Secure Code Reviewing', 'Miscellaneous '], 'challenge_points': ['100', '100', '100', '100', '100'], 'solve_time': ['2024-10-27T17:19:52.091324Z', '2024-10-27T17:06:37.090476Z', '2024-10-27T16:20:08.894861Z', '2024-10-27T16:10:29.638316Z', '2024-10-27T15:35:55.911460Z']}"
88,450,g3m3nt3lm3n,"{'challenge_name': ['Welcome to UrchinSec', 'Log-ical - Part 1', 'Destination', 'Syringe', 'Heart'], 'challenge_category': ['Miscellaneous ', 'Forensics', 'Cryptography', 'Secure Code Reviewing', 'Secure Code Reviewing'], 'challenge_points': ['100', '100', '100', '100', '100'], 'solve_time': ['2024-10-26T13:01:22.860578Z', '2024-10-26T11:01:07.615856Z', '2024-10-26T09:44:02.526869Z', '2024-10-26T08:59:30.278701Z', '2024-10-26T08:54:59.935743Z']}"
89,400,Radiant,"{'challenge_name': ['WarmUp', 'Destination'], 'challenge_category': ['Cryptography', 'Cryptography'], 'challenge_points': ['300', '100'], 'solve_time': ['2024-10-26T16:59:14.551756Z', '2024-10-26T15:26:01.343729Z']}"
90,400,yousif,"{'challenge_name': ['Destination', 'Box', 'ABC Phonics', 'Welcome to UrchinSec'], 'challenge_category': ['Cryptography', 'Cryptography', 'Cryptography', 'Miscellaneous '], 'challenge_points': ['100', '100', '100', '100'], 'solve_time': ['2024-10-27T18:47:24.893953Z', '2024-10-27T18:42:43.210237Z', '2024-10-27T18:39:30.704804Z', '2024-10-27T17:25:24.105596Z']}"
91,390,x03e,"{'challenge_name': ['Destination', 'Box', 'Follow Us', 'Welcome to UrchinSec'], 'challenge_category': ['Cryptography', 'Cryptography', 'OSINT', 'Miscellaneous '], 'challenge_points': ['100', '100', '100', '100'], 'solve_time': ['2024-10-26T11:45:12.072629Z', '2024-10-26T11:41:36.171644Z', '2024-10-26T07:20:58.572687Z', '2024-10-26T07:20:05.144496Z']}"
92,390,sudosu01,"{'challenge_name': ['Log-ical - Part 1', 'Heart', 'Syringe', 'RedHand'], 'challenge_category': ['Forensics', 'Secure Code Reviewing', 'Secure Code Reviewing', 'Secure Code Reviewing'], 'challenge_points': ['100', '100', '100', '100'], 'solve_time': ['2024-10-26T15:18:43.950639Z', '2024-10-26T09:53:29.408444Z', '2024-10-26T09:17:46.972935Z', '2024-10-26T09:13:31.623063Z']}"
93,350,Safiullah Shamim,"{'challenge_name': ['Log-ical - Part 1', '10 Round', 'Ugomvi', 'Destination'], 'challenge_category': ['Forensics', 'Forensics', 'Cryptography', 'Cryptography'], 'challenge_points': ['100', '100', '100', '100'], 'solve_time': ['2024-10-26T12:52:21.285064Z', '2024-10-26T12:23:20.997013Z', '2024-10-26T10:55:49.011684Z', '2024-10-26T10:14:32.337500Z']}"
94,300,hack,"{'challenge_name': ['Heart', 'Ugomvi', 'Destination'], 'challenge_category': ['Secure Code Reviewing', 'Cryptography', 'Cryptography'], 'challenge_points': ['100', '100', '100'], 'solve_time': ['2024-10-26T07:35:04.512316Z', '2024-10-26T07:10:16.103376Z', '2024-10-26T06:09:41.927679Z']}"
95,300,snick,"{'challenge_name': ['10 Round', 'Follow Us', 'Welcome to UrchinSec'], 'challenge_category': ['Forensics', 'OSINT', 'Miscellaneous '], 'challenge_points': ['100', '100', '100'], 'solve_time': ['2024-10-26T08:32:45.191352Z', '2024-10-26T07:30:39.850682Z', '2024-10-26T07:23:02.308916Z']}"
96,300,Ishayu,"{'challenge_name': ['Heart', 'Follow Us', 'Welcome to UrchinSec'], 'challenge_category': ['Secure Code Reviewing', 'OSINT', 'Miscellaneous '], 'challenge_points': ['100', '100', '100'], 'solve_time': ['2024-10-26T09:23:36.758458Z', '2024-10-26T09:19:54.637007Z', '2024-10-26T08:46:09.404293Z']}"
97,300,jofi,"{'challenge_name': ['Destination', 'Welcome to UrchinSec', 'Follow Us'], 'challenge_category': ['Cryptography', 'Miscellaneous ', 'OSINT'], 'challenge_points': ['100', '100', '100'], 'solve_time': ['2024-10-26T09:45:03.042322Z', '2024-10-26T09:40:28.981653Z', '2024-10-26T09:39:23.345550Z']}"
98,300,nabeelirs,"{'challenge_name': ['10 Round', 'Ugomvi', 'Destination'], 'challenge_category': ['Forensics', 'Cryptography', 'Cryptography'], 'challenge_points': ['100', '100', '100'], 'solve_time': ['2024-10-26T12:47:08.143458Z', '2024-10-26T12:20:45.985191Z', '2024-10-26T12:18:29.585892Z']}"
99,300,Manugulilo,"{'challenge_name': ['Welcome to UrchinSec', 'RedHand', 'Syringe'], 'challenge_category': ['Miscellaneous ', 'Secure Code Reviewing', 'Secure Code Reviewing'], 'challenge_points': ['100', '100', '100'], 'solve_time': ['2024-10-26T14:38:46.469906Z', '2024-10-26T13:32:38.157637Z', '2024-10-26T13:29:15.785350Z']}"
100,300,Amdoda,"{'challenge_name': ['Syringe', 'RedHand', 'Heart'], 'challenge_category': ['Secure Code Reviewing', 'Secure Code Reviewing', 'Secure Code Reviewing'], 'challenge_points': ['100', '100', '100'], 'solve_time': ['2024-10-26T20:10:10.691776Z', '2024-10-26T20:05:21.635633Z', '2024-10-26T19:50:40.732937Z']}"
101,300,zc,"{'challenge_name': ['Welcome to UrchinSec', 'Destination', 'Log-ical - Part 1'], 'challenge_category': ['Miscellaneous ', 'Cryptography', 'Forensics'], 'challenge_points': ['100', '100', '100'], 'solve_time': ['2024-10-27T09:07:26.439613Z', '2024-10-27T09:01:47.603645Z', '2024-10-27T08:51:07.628390Z']}"
102,300,Panda,"{'challenge_name': ['Box', 'Syringe', 'Log-ical - Part 1'], 'challenge_category': ['Cryptography', 'Secure Code Reviewing', 'Forensics'], 'challenge_points': ['100', '100', '100'], 'solve_time': ['2024-10-27T17:50:37.600464Z', '2024-10-26T08:44:19.924483Z', '2024-10-26T07:53:14.243698Z']}"
103,200,fsoc13ty^,"{'challenge_name': ['Destination', 'Follow Us'], 'challenge_category': ['Cryptography', 'OSINT'], 'challenge_points': ['100', '100'], 'solve_time': ['2024-10-26T07:00:32.388526Z', '2024-10-26T06:57:35.182322Z']}"
104,200,hombing,"{'challenge_name': ['Follow Us', 'Welcome to UrchinSec'], 'challenge_category': ['OSINT', 'Miscellaneous '], 'challenge_points': ['100', '100'], 'solve_time': ['2024-10-26T10:28:38.367035Z', '2024-10-26T10:27:49.706624Z']}"
105,200,flavy,"{'challenge_name': ['Box', 'Destination'], 'challenge_category': ['Cryptography', 'Cryptography'], 'challenge_points': ['100', '100'], 'solve_time': ['2024-10-26T12:14:01.333002Z', '2024-10-26T12:06:13.885539Z']}"
106,200,Iguano,"{'challenge_name': ['Ugomvi', 'Destination'], 'challenge_category': ['Cryptography', 'Cryptography'], 'challenge_points': ['100', '100'], 'solve_time': ['2024-10-26T16:53:27.183417Z', '2024-10-26T16:34:15.941809Z']}"
107,200,Solex55,"{'challenge_name': ['Syringe', 'RedHand'], 'challenge_category': ['Secure Code Reviewing', 'Secure Code Reviewing'], 'challenge_points': ['100', '100'], 'solve_time': ['2024-10-27T00:21:26.250530Z', '2024-10-27T00:12:43.037046Z']}"
108,200,IssHoFGG,"{'challenge_name': ['Follow Us', 'Destination'], 'challenge_category': ['OSINT', 'Cryptography'], 'challenge_points': ['100', '100'], 'solve_time': ['2024-10-27T14:12:44.042763Z', '2024-10-26T09:24:20.190454Z']}"
109,200,safe_zone,"{'challenge_name': ['Welcome to UrchinSec', 'Follow Us'], 'challenge_category': ['Miscellaneous ', 'OSINT'], 'challenge_points': ['100', '100'], 'solve_time': ['2024-10-27T16:17:08.843101Z', '2024-10-26T17:44:19.521246Z']}"
110,140,samsoncharles,"{'challenge_name': ['RedHand', 'Heart'], 'challenge_category': ['Secure Code Reviewing', 'Secure Code Reviewing'], 'challenge_points': ['100', '100'], 'solve_time': ['2024-10-26T10:01:21.654263Z', '2024-10-26T06:38:46.182477Z']}"
111,100,mbukuzdulu,"{'challenge_name': ['Welcome to UrchinSec'], 'challenge_category': ['Miscellaneous '], 'challenge_points': ['100'], 'solve_time': ['2024-10-26T07:39:55.871761Z']}"
112,100,BlasterBobXRP,"{'challenge_name': ['Destination'], 'challenge_category': ['Cryptography'], 'challenge_points': ['100'], 'solve_time': ['2024-10-26T07:39:59.136064Z']}"
113,100,sazid,"{'challenge_name': ['Destination'], 'challenge_category': ['Cryptography'], 'challenge_points': ['100'], 'solve_time': ['2024-10-26T07:57:13.986519Z']}"
114,100,Vir,"{'challenge_name': ['Welcome to UrchinSec'], 'challenge_category': ['Miscellaneous '], 'challenge_points': ['100'], 'solve_time': ['2024-10-26T10:22:36.104665Z']}"
115,100,t3st,"{'challenge_name': ['Destination'], 'challenge_category': ['Cryptography'], 'challenge_points': ['100'], 'solve_time': ['2024-10-26T10:25:59.071983Z']}"
116,100,X,"{'challenge_name': ['Box'], 'challenge_category': ['Cryptography'], 'challenge_points': ['100'], 'solve_time': ['2024-10-26T12:06:37.833182Z']}"
117,100,gentoo,"{'challenge_name': ['Destination'], 'challenge_category': ['Cryptography'], 'challenge_points': ['100'], 'solve_time': ['2024-10-26T14:20:40.411836Z']}"
118,100,milo,"{'challenge_name': ['Syringe'], 'challenge_category': ['Secure Code Reviewing'], 'challenge_points': ['100'], 'solve_time': ['2024-10-26T14:51:34.492303Z']}"
119,100,iamg,"{'challenge_name': ['Log-ical - Part 1'], 'challenge_category': ['Forensics'], 'challenge_points': ['100'], 'solve_time': ['2024-10-26T15:24:11.648351Z']}"
120,100,Gruq,"{'challenge_name': ['Welcome to UrchinSec'], 'challenge_category': ['Miscellaneous '], 'challenge_points': ['100'], 'solve_time': ['2024-10-26T16:20:23.757285Z']}"
121,100,MRWhiteCap,"{'challenge_name': ['Destination'], 'challenge_category': ['Cryptography'], 'challenge_points': ['100'], 'solve_time': ['2024-10-26T19:20:27.785857Z']}"
122,100,ScaRed,"{'challenge_name': ['Welcome to UrchinSec'], 'challenge_category': ['Miscellaneous '], 'challenge_points': ['100'], 'solve_time': ['2024-10-26T22:09:51.863719Z']}"
123,100,stux,"{'challenge_name': ['Follow Us'], 'challenge_category': ['OSINT'], 'challenge_points': ['100'], 'solve_time': ['2024-10-27T12:07:58.303569Z']}"
124,100,elvis,"{'challenge_name': ['Destination'], 'challenge_category': ['Cryptography'], 'challenge_points': ['100'], 'solve_time': ['2024-10-27T14:54:40.368040Z']}"
125,50,Paradox,"{'challenge_name': ['Destination'], 'challenge_category': ['Cryptography'], 'challenge_points': ['100'], 'solve_time': ['2024-10-26T08:52:38.585187Z']}"
126,40,Nessus,"{'challenge_name': ['Follow Us'], 'challenge_category': ['OSINT'], 'challenge_points': ['100'], 'solve_time': ['2024-10-26T07:10:43.916652Z']}"
