points,name,challenge
9297,BITSkrieg,"{'challenge_name': ['Cookie', 'A Honest Businessman', 'Personal Website', 'Book of Advanced Secrets', 'blues', 'Subtracting and Strumming', 'Shrine', 'work hard', 'xQcOW', 'svgosu', 'objects in the mirror', 'sparsely populated', 'git-lost', 'Hyperdimensional Treasure Hunt', 'Zocchihedron', 'zip bomb', 'game of three', ""Rick's Diary"", 'The Missing Identity', 'Welcome'], 'challenge_category': ['web', 'osint', 'web', 'cryptography', 'forensics', 'functional programming', 'osint', 'functional programming', 'forensics', 'misc', 'forensics', 'cryptography', 'misc', 'scripting', 'cryptography', 'forensics', 'pwn', 'forensics', 'osint', 'misc'], 'challenge_points': ['492', '472', '499', '499', '497', '500', '477', '500', '489', '498', '463', '499', '499', '499', '495', '498', '494', '489', '388', '50'], 'solve_time': ['2024-11-10T08:20:21.763966Z', '2024-11-09T21:05:31.781896Z', '2024-11-09T20:04:21.832957Z', '2024-11-09T19:36:48.221486Z', '2024-11-09T19:02:29.599420Z', '2024-11-09T15:36:39.878538Z', '2024-11-09T14:11:08.231316Z', '2024-11-09T14:08:46.472992Z', '2024-11-09T13:53:30.173018Z', '2024-11-09T10:54:23.391948Z', '2024-11-09T01:42:44.686472Z', '2024-11-08T23:19:22.975478Z', '2024-11-08T23:04:23.206145Z', '2024-11-08T20:47:27.707535Z', '2024-11-08T19:46:56.330018Z', '2024-11-08T17:10:25.020372Z', '2024-11-08T15:38:59.245213Z', '2024-11-08T15:01:29.969818Z', '2024-11-08T14:33:18.646191Z', '2024-11-08T13:03:01.226466Z']}"
8767,Cryptonite,"{'challenge_name': ['Cookie', 'blues', 'A Honest Businessman', 'Book of Advanced Secrets', 'Subtracting and Strumming', 'Shrine', 'xQcOW', 'Personal Website', 'svgosu', 'objects in the mirror', 'Hyperdimensional Treasure Hunt', 'git-lost', 'zip bomb', 'Zocchihedron', ""Rick's Diary"", 'game of three', 'sparsely populated', 'The Missing Identity', 'Welcome'], 'challenge_category': ['web', 'forensics', 'osint', 'cryptography', 'functional programming', 'osint', 'forensics', 'web', 'misc', 'forensics', 'scripting', 'misc', 'forensics', 'cryptography', 'forensics', 'pwn', 'cryptography', 'osint', 'misc'], 'challenge_points': ['492', '497', '472', '499', '500', '477', '489', '499', '498', '463', '499', '499', '498', '495', '489', '494', '499', '388', '50'], 'solve_time': ['2024-11-10T08:25:30.669854Z', '2024-11-09T18:35:19.405207Z', '2024-11-09T17:51:38.186792Z', '2024-11-09T17:47:04.967538Z', '2024-11-09T17:04:16.358921Z', '2024-11-09T14:25:25.224303Z', '2024-11-09T13:44:58.451081Z', '2024-11-09T06:16:38.105690Z', '2024-11-09T03:14:53.398362Z', '2024-11-09T01:25:30.984380Z', '2024-11-08T21:04:05.485546Z', '2024-11-08T20:27:49.192579Z', '2024-11-08T16:14:34.646023Z', '2024-11-08T14:51:07.494525Z', '2024-11-08T14:35:42.542892Z', '2024-11-08T14:32:12.552484Z', '2024-11-08T13:43:54.346844Z', '2024-11-08T13:37:10.172995Z', '2024-11-08T13:00:21.053535Z']}"
8335,H3K3R_B01S,"{'challenge_name': ['Book of Advanced Secrets', 'A Honest Businessman', 'Personal Website', 'game of three', 'git-lost', 'svgosu', 'Shrine', 'The Missing Identity', 'zip bomb', 'Cookie', 'blues', 'xQcOW', 'sparsely populated', 'Subtracting and Strumming', 'work hard', 'Zocchihedron', ""Rick's Diary"", 'Welcome'], 'challenge_category': ['cryptography', 'osint', 'web', 'pwn', 'misc', 'misc', 'osint', 'osint', 'forensics', 'web', 'forensics', 'forensics', 'cryptography', 'functional programming', 'functional programming', 'cryptography', 'forensics', 'misc'], 'challenge_points': ['499', '472', '499', '494', '499', '498', '477', '388', '498', '492', '497', '489', '499', '500', '500', '495', '489', '50'], 'solve_time': ['2024-11-10T12:05:47.013839Z', '2024-11-10T12:05:16.808809Z', '2024-11-10T11:45:01.102415Z', '2024-11-10T11:19:52.359253Z', '2024-11-10T11:07:05.995881Z', '2024-11-10T10:19:34.407935Z', '2024-11-10T09:42:48.802766Z', '2024-11-10T09:09:14.747999Z', '2024-11-10T08:59:17.324302Z', '2024-11-10T08:26:03.609013Z', '2024-11-10T08:23:55.618539Z', '2024-11-10T08:00:59.215998Z', '2024-11-10T07:34:18.557915Z', '2024-11-09T13:12:16.584659Z', '2024-11-09T13:01:33.800826Z', '2024-11-09T08:09:43.147167Z', '2024-11-08T19:01:35.639565Z', '2024-11-08T13:00:25.395655Z']}"
8299,‎,"{'challenge_name': ['work hard', 'blues', 'Cookie', 'Subtracting and Strumming', 'A Honest Businessman', 'Shrine', 'zip bomb', 'xQcOW', 'game of three', 'Book of Advanced Secrets', 'Hyperdimensional Treasure Hunt', 'Zocchihedron', 'svgosu', 'sparsely populated', ""Rick's Diary"", 'objects in the mirror', 'The Missing Identity', 'Welcome'], 'challenge_category': ['functional programming', 'forensics', 'web', 'functional programming', 'osint', 'osint', 'forensics', 'forensics', 'pwn', 'cryptography', 'scripting', 'cryptography', 'misc', 'cryptography', 'forensics', 'forensics', 'osint', 'misc'], 'challenge_points': ['500', '497', '492', '500', '472', '477', '498', '489', '494', '499', '499', '495', '498', '499', '489', '463', '388', '50'], 'solve_time': ['2024-11-10T10:52:07.831683Z', '2024-11-10T08:36:29.685090Z', '2024-11-10T08:29:57.428484Z', '2024-11-10T06:02:32.442802Z', '2024-11-09T21:35:48.356471Z', '2024-11-09T20:16:53.592067Z', '2024-11-09T18:37:35.596515Z', '2024-11-09T17:09:17.942159Z', '2024-11-09T16:17:53.513424Z', '2024-11-09T14:09:11.858393Z', '2024-11-09T13:35:23.066502Z', '2024-11-09T12:07:21.206648Z', '2024-11-09T12:02:34.506585Z', '2024-11-09T11:55:57.911764Z', '2024-11-09T11:48:33.859540Z', '2024-11-09T11:32:52.257238Z', '2024-11-09T08:55:21.599400Z', '2024-11-08T14:09:00.631805Z']}"
8297,broski,"{'challenge_name': ['sparsely populated', 'Cookie', 'blues', 'A Honest Businessman', 'game of three', 'Shrine', 'Book of Advanced Secrets', 'xQcOW', 'Hyperdimensional Treasure Hunt', 'Personal Website', 'objects in the mirror', 'svgosu', 'git-lost', 'Zocchihedron', 'zip bomb', 'The Missing Identity', 'Welcome', ""Rick's Diary""], 'challenge_category': ['cryptography', 'web', 'forensics', 'osint', 'pwn', 'osint', 'cryptography', 'forensics', 'scripting', 'web', 'forensics', 'misc', 'misc', 'cryptography', 'forensics', 'osint', 'misc', 'forensics'], 'challenge_points': ['499', '492', '497', '472', '494', '477', '499', '489', '499', '499', '463', '498', '499', '495', '498', '388', '50', '489'], 'solve_time': ['2024-11-10T12:27:32.084970Z', '2024-11-10T11:30:36.555191Z', '2024-11-10T10:58:38.197834Z', '2024-11-09T17:41:12.875187Z', '2024-11-09T15:39:21.102850Z', '2024-11-09T14:35:01.214415Z', '2024-11-09T14:04:54.697840Z', '2024-11-09T13:41:01.593068Z', '2024-11-09T11:52:57.761455Z', '2024-11-09T09:33:52.939949Z', '2024-11-09T07:18:00.582966Z', '2024-11-09T07:09:44.406880Z', '2024-11-09T06:22:37.435446Z', '2024-11-08T18:53:05.006759Z', '2024-11-08T18:24:40.117252Z', '2024-11-08T15:03:12.844446Z', '2024-11-08T14:42:58.961251Z', '2024-11-08T14:37:34.576611Z']}"
7299,n00b_t34m,"{'challenge_name': ['Cookie', 'Book of Advanced Secrets', 'blues', 'A Honest Businessman', 'Shrine', 'Hyperdimensional Treasure Hunt', 'sparsely populated', 'Zocchihedron', 'xQcOW', ""Rick's Diary"", 'game of three', 'svgosu', 'zip bomb', 'objects in the mirror', 'The Missing Identity', 'Welcome'], 'challenge_category': ['web', 'cryptography', 'forensics', 'osint', 'osint', 'scripting', 'cryptography', 'cryptography', 'forensics', 'forensics', 'pwn', 'misc', 'forensics', 'forensics', 'osint', 'misc'], 'challenge_points': ['492', '499', '497', '472', '477', '499', '499', '495', '489', '489', '494', '498', '498', '463', '388', '50'], 'solve_time': ['2024-11-10T08:20:54.472054Z', '2024-11-10T04:17:40.258043Z', '2024-11-10T04:15:11.778834Z', '2024-11-09T18:40:49.132229Z', '2024-11-09T18:39:19.222268Z', '2024-11-09T14:50:46.462327Z', '2024-11-09T14:13:04.701478Z', '2024-11-09T13:58:22.039335Z', '2024-11-09T13:34:41.236234Z', '2024-11-09T13:15:19.850696Z', '2024-11-09T13:10:11.494232Z', '2024-11-09T10:43:43.661153Z', '2024-11-09T08:41:17.599489Z', '2024-11-09T08:41:08.981943Z', '2024-11-08T13:53:53.114627Z', '2024-11-08T13:00:20.773212Z']}"
5811,43h1,"{'challenge_name': ['Book of Advanced Secrets', 'A Honest Businessman', 'Shrine', 'xQcOW', 'game of three', 'sparsely populated', 'Zocchihedron', 'svgosu', ""Rick's Diary"", 'The Missing Identity', 'objects in the mirror', 'zip bomb', 'Welcome'], 'challenge_category': ['cryptography', 'osint', 'osint', 'forensics', 'pwn', 'cryptography', 'cryptography', 'misc', 'forensics', 'osint', 'forensics', 'forensics', 'misc'], 'challenge_points': ['499', '472', '477', '489', '494', '499', '495', '498', '489', '388', '463', '498', '50'], 'solve_time': ['2024-11-09T18:17:21.987508Z', '2024-11-09T17:47:18.599590Z', '2024-11-09T16:21:06.942778Z', '2024-11-09T14:30:00.184414Z', '2024-11-09T14:12:25.066572Z', '2024-11-09T12:51:40.892602Z', '2024-11-09T11:45:21.158409Z', '2024-11-09T11:38:05.685942Z', '2024-11-09T11:21:13.346110Z', '2024-11-09T08:49:11.481686Z', '2024-11-09T08:37:32.640552Z', '2024-11-09T07:49:36.382399Z', '2024-11-08T16:30:57.615876Z']}"
5311,VCubed,"{'challenge_name': ['Shrine', 'Cookie', 'xQcOW', 'A Honest Businessman', 'Personal Website', 'svgosu', ""Rick's Diary"", 'objects in the mirror', 'Zocchihedron', 'Hyperdimensional Treasure Hunt', 'The Missing Identity', 'Welcome'], 'challenge_category': ['osint', 'web', 'forensics', 'osint', 'web', 'misc', 'forensics', 'forensics', 'cryptography', 'scripting', 'osint', 'misc'], 'challenge_points': ['477', '492', '489', '472', '499', '498', '489', '463', '495', '499', '388', '50'], 'solve_time': ['2024-11-10T09:09:15.022818Z', '2024-11-10T08:28:01.208686Z', '2024-11-10T05:40:56.094563Z', '2024-11-09T18:13:32.688065Z', '2024-11-09T09:14:17.255154Z', '2024-11-09T08:26:34.378895Z', '2024-11-09T07:42:01.295155Z', '2024-11-09T06:32:36.327506Z', '2024-11-08T21:24:45.181819Z', '2024-11-08T19:21:49.215951Z', '2024-11-08T14:05:15.507912Z', '2024-11-08T13:12:04.601357Z']}"
4317,Pokémon,"{'challenge_name': ['Cookie', 'blues', 'A Honest Businessman', 'Shrine', 'xQcOW', 'objects in the mirror', 'Zocchihedron', 'game of three', 'The Missing Identity', 'Welcome'], 'challenge_category': ['web', 'forensics', 'osint', 'osint', 'forensics', 'forensics', 'cryptography', 'pwn', 'osint', 'misc'], 'challenge_points': ['492', '497', '472', '477', '489', '463', '495', '494', '388', '50'], 'solve_time': ['2024-11-10T12:02:10.300740Z', '2024-11-10T07:58:06.588566Z', '2024-11-10T04:03:25.480012Z', '2024-11-09T18:55:33.381126Z', '2024-11-09T15:33:48.530848Z', '2024-11-09T08:23:06.625501Z', '2024-11-09T08:05:04.205240Z', '2024-11-08T20:23:36.183815Z', '2024-11-08T13:39:18.288864Z', '2024-11-08T13:00:19.134079Z']}"
3824,Ch4kr4vyuh,"{'challenge_name': ['Shrine', 'blues', 'A Honest Businessman', ""Rick's Diary"", 'objects in the mirror', 'xQcOW', 'git-lost', 'The Missing Identity', 'Welcome'], 'challenge_category': ['osint', 'forensics', 'osint', 'forensics', 'forensics', 'forensics', 'misc', 'osint', 'misc'], 'challenge_points': ['477', '497', '472', '489', '463', '489', '499', '388', '50'], 'solve_time': ['2024-11-10T06:59:51.579765Z', '2024-11-09T21:28:41.731289Z', '2024-11-09T19:58:42.846838Z', '2024-11-09T19:09:37.193090Z', '2024-11-09T15:30:07.033459Z', '2024-11-09T14:33:15.591367Z', '2024-11-09T09:35:14.375911Z', '2024-11-08T18:42:58.597537Z', '2024-11-08T16:42:24.606246Z']}"
3342,T.U.S.K,"{'challenge_name': ['A Honest Businessman', 'xQcOW', ""Rick's Diary"", 'Cookie', 'objects in the mirror', 'Personal Website', 'The Missing Identity', 'Welcome'], 'challenge_category': ['osint', 'forensics', 'forensics', 'web', 'forensics', 'web', 'osint', 'misc'], 'challenge_points': ['472', '489', '489', '492', '463', '499', '388', '50'], 'solve_time': ['2024-11-10T09:55:43.302199Z', '2024-11-10T08:01:11.911043Z', '2024-11-10T07:10:05.637292Z', '2024-11-09T21:59:52.792480Z', '2024-11-09T13:51:40.257548Z', '2024-11-09T13:13:29.102653Z', '2024-11-08T13:59:18.065671Z', '2024-11-08T13:00:29.924082Z']}"
3336,crew,"{'challenge_name': ['A Honest Businessman', 'Cookie', 'Shrine', 'Zocchihedron', 'zip bomb', 'game of three', 'The Missing Identity', 'Welcome'], 'challenge_category': ['osint', 'web', 'osint', 'cryptography', 'forensics', 'pwn', 'osint', 'misc'], 'challenge_points': ['472', '492', '477', '495', '498', '494', '388', '50'], 'solve_time': ['2024-11-10T12:03:55.513553Z', '2024-11-10T11:54:29.651100Z', '2024-11-10T11:07:06.409472Z', '2024-11-08T21:28:19.444467Z', '2024-11-08T17:58:00.892356Z', '2024-11-08T15:45:27.455776Z', '2024-11-08T13:39:44.118198Z', '2024-11-08T13:04:16.689648Z']}"
3331,1337_P74Y3R5,"{'challenge_name': ['objects in the mirror', 'A Honest Businessman', 'xQcOW', 'Shrine', 'zip bomb', 'The Missing Identity', 'game of three', 'Welcome'], 'challenge_category': ['forensics', 'osint', 'forensics', 'osint', 'forensics', 'osint', 'pwn', 'misc'], 'challenge_points': ['463', '472', '489', '477', '498', '388', '494', '50'], 'solve_time': ['2024-11-10T10:18:48.481942Z', '2024-11-10T09:19:32.953790Z', '2024-11-09T20:40:07.100936Z', '2024-11-09T14:58:10.968729Z', '2024-11-08T21:49:05.138452Z', '2024-11-08T20:19:40.573458Z', '2024-11-08T15:25:52.752084Z', '2024-11-08T13:23:18.533373Z']}"
2834,ArthurGrey,"{'challenge_name': ['A Honest Businessman', 'Shrine', 'Zocchihedron', 'objects in the mirror', ""Rick's Diary"", 'Welcome', 'The Missing Identity'], 'challenge_category': ['osint', 'osint', 'cryptography', 'forensics', 'forensics', 'misc', 'osint'], 'challenge_points': ['472', '477', '495', '463', '489', '50', '388'], 'solve_time': ['2024-11-10T06:26:36.251292Z', '2024-11-09T21:05:10.481093Z', '2024-11-09T19:38:00.800125Z', '2024-11-09T15:04:09.196222Z', '2024-11-08T23:46:55.576825Z', '2024-11-08T14:10:59.699224Z', '2024-11-08T14:06:07.945104Z']}"
2349,NOVA,"{'challenge_name': ['A Honest Businessman', 'Shrine', 'objects in the mirror', 'git-lost', 'The Missing Identity', 'Welcome'], 'challenge_category': ['osint', 'osint', 'forensics', 'misc', 'osint', 'misc'], 'challenge_points': ['472', '477', '463', '499', '388', '50'], 'solve_time': ['2024-11-09T19:12:07.382966Z', '2024-11-09T16:32:13.485337Z', '2024-11-09T09:00:18.933196Z', '2024-11-09T06:56:33.476382Z', '2024-11-08T19:36:59.065503Z', '2024-11-08T13:00:34.111334Z']}"
2319,iQuberz,"{'challenge_name': ['A Honest Businessman', 'Shrine', 'objects in the mirror', 'git-lost', 'The Missing Identity', 'Welcome'], 'challenge_category': ['osint', 'osint', 'forensics', 'misc', 'osint', 'misc'], 'challenge_points': ['472', '477', '463', '499', '388', '50'], 'solve_time': ['2024-11-09T19:06:52.920819Z', '2024-11-09T16:21:56.721876Z', '2024-11-09T09:48:55.577398Z', '2024-11-09T07:40:31.472019Z', '2024-11-08T20:59:02.401451Z', '2024-11-08T13:14:18.900867Z']}"
1963,H7Tex,"{'challenge_name': [""Rick's Diary"", 'A Honest Businessman', 'xQcOW', 'objects in the mirror', 'Welcome'], 'challenge_category': ['forensics', 'osint', 'forensics', 'forensics', 'misc'], 'challenge_points': ['489', '472', '489', '463', '50'], 'solve_time': ['2024-11-10T11:56:31.300297Z', '2024-11-10T06:59:09.768178Z', '2024-11-09T13:39:22.574545Z', '2024-11-09T11:10:55.071630Z', '2024-11-09T02:33:30.012634Z']}"
1905,Dragon,"{'challenge_name': ['blues', 'The Missing Identity', 'A Honest Businessman', 'svgosu', 'Welcome'], 'challenge_category': ['forensics', 'osint', 'osint', 'misc', 'misc'], 'challenge_points': ['497', '388', '472', '498', '50'], 'solve_time': ['2024-11-10T12:53:44.265744Z', '2024-11-10T10:58:20.627974Z', '2024-11-10T05:00:56.520782Z', '2024-11-09T14:35:24.573130Z', '2024-11-08T17:55:00.771471Z']}"
1902,IPv3,"{'challenge_name': ['The Missing Identity', 'A Honest Businessman', 'blues', 'Zocchihedron', 'Welcome'], 'challenge_category': ['osint', 'osint', 'forensics', 'cryptography', 'misc'], 'challenge_points': ['388', '472', '497', '495', '50'], 'solve_time': ['2024-11-10T09:35:08.740653Z', '2024-11-10T08:16:50.188679Z', '2024-11-09T20:51:21.377278Z', '2024-11-09T19:21:04.774994Z', '2024-11-08T13:25:11.036267Z']}"
1881,No_name,"{'challenge_name': ['game of three', 'A Honest Businessman', 'Shrine', 'The Missing Identity', 'Welcome'], 'challenge_category': ['pwn', 'osint', 'osint', 'osint', 'misc'], 'challenge_points': ['494', '472', '477', '388', '50'], 'solve_time': ['2024-11-10T09:20:51.269963Z', '2024-11-10T08:48:41.260259Z', '2024-11-10T08:34:53.934998Z', '2024-11-09T08:35:54.813056Z', '2024-11-08T19:04:31.211085Z']}"
1867,Archiv3,"{'challenge_name': ['Shrine', 'Welcome', 'The Missing Identity', 'xQcOW', 'objects in the mirror'], 'challenge_category': ['osint', 'misc', 'osint', 'forensics', 'forensics'], 'challenge_points': ['477', '50', '388', '489', '463'], 'solve_time': ['2024-11-10T07:27:40.227126Z', '2024-11-10T07:02:36.126506Z', '2024-11-10T06:58:36.963906Z', '2024-11-09T19:18:24.854082Z', '2024-11-09T18:24:22.691872Z']}"
1862,d3str0y3rs,"{'challenge_name': ['objects in the mirror', 'A Honest Businessman', 'xQcOW', 'The Missing Identity', 'Welcome'], 'challenge_category': ['forensics', 'osint', 'forensics', 'osint', 'misc'], 'challenge_points': ['463', '472', '489', '388', '50'], 'solve_time': ['2024-11-10T04:43:19.528285Z', '2024-11-10T04:16:05.494767Z', '2024-11-09T15:05:51.488640Z', '2024-11-09T07:09:49.306298Z', '2024-11-09T04:41:14.642060Z']}"
1846,codegasms,"{'challenge_name': ['A Honest Businessman', 'Shrine', ""Rick's Diary"", 'The Missing Identity', 'Welcome'], 'challenge_category': ['osint', 'osint', 'forensics', 'osint', 'misc'], 'challenge_points': ['472', '477', '489', '388', '50'], 'solve_time': ['2024-11-09T18:00:52.279939Z', '2024-11-09T14:56:49.968488Z', '2024-11-08T17:38:06.272753Z', '2024-11-08T13:27:59.746607Z', '2024-11-08T13:02:02.986608Z']}"
1800,k0kos,"{'challenge_name': ['Shrine', 'A Honest Businessman', 'objects in the mirror', 'The Missing Identity'], 'challenge_category': ['osint', 'osint', 'forensics', 'osint'], 'challenge_points': ['477', '472', '463', '388'], 'solve_time': ['2024-11-10T12:34:30.305713Z', '2024-11-10T12:01:41.632224Z', '2024-11-10T10:38:04.547601Z', '2024-11-09T16:25:44.442366Z']}"
1494,Ex0rcists,"{'challenge_name': ['Cookie', ""Rick's Diary"", 'Welcome', 'objects in the mirror'], 'challenge_category': ['web', 'forensics', 'misc', 'forensics'], 'challenge_points': ['492', '489', '50', '463'], 'solve_time': ['2024-11-10T12:00:29.667064Z', '2024-11-09T17:36:49.075439Z', '2024-11-09T13:24:07.411862Z', '2024-11-09T13:13:07.944683Z']}"
1429,newname,"{'challenge_name': ['Cookie', 'The Missing Identity', 'Welcome', 'Personal Website'], 'challenge_category': ['web', 'osint', 'misc', 'web'], 'challenge_points': ['492', '388', '50', '499'], 'solve_time': ['2024-11-10T10:17:39.085790Z', '2024-11-09T08:30:49.019105Z', '2024-11-09T08:23:26.993146Z', '2024-11-09T08:16:39.457444Z']}"
1421,kitten,"{'challenge_name': ['Welcome', 'game of three', ""Rick's Diary"", 'The Missing Identity'], 'challenge_category': ['misc', 'pwn', 'forensics', 'osint'], 'challenge_points': ['50', '494', '489', '388'], 'solve_time': ['2024-11-08T16:09:57.242998Z', '2024-11-08T16:01:51.299035Z', '2024-11-08T15:38:48.127917Z', '2024-11-08T15:16:18.061388Z']}"
1390,H4CK_077,"{'challenge_name': ['objects in the mirror', 'The Missing Identity', ""Rick's Diary"", 'Welcome'], 'challenge_category': ['forensics', 'osint', 'forensics', 'misc'], 'challenge_points': ['463', '388', '489', '50'], 'solve_time': ['2024-11-09T03:48:17.639449Z', '2024-11-08T15:56:49.656410Z', '2024-11-08T13:48:31.186814Z', '2024-11-08T13:11:44.169950Z']}"
1387,Hecker Niggesh,"{'challenge_name': ['A Honest Businessman', 'Shrine', 'The Missing Identity', 'Welcome'], 'challenge_category': ['osint', 'osint', 'osint', 'misc'], 'challenge_points': ['472', '477', '388', '50'], 'solve_time': ['2024-11-09T18:08:37.393067Z', '2024-11-09T17:21:37.572695Z', '2024-11-08T15:04:40.089822Z', '2024-11-08T13:03:31.998059Z']}"
1387,Thick of it,"{'challenge_name': ['Shrine', 'A Honest Businessman', 'The Missing Identity', 'Welcome'], 'challenge_category': ['osint', 'osint', 'osint', 'misc'], 'challenge_points': ['477', '472', '388', '50'], 'solve_time': ['2024-11-09T21:56:46.766081Z', '2024-11-09T21:51:17.823923Z', '2024-11-08T15:59:39.505015Z', '2024-11-08T13:32:18.399623Z']}"
1387,3kull_candie3,"{'challenge_name': ['A Honest Businessman', 'Shrine', 'Welcome', 'The Missing Identity'], 'challenge_category': ['osint', 'osint', 'misc', 'osint'], 'challenge_points': ['472', '477', '50', '388'], 'solve_time': ['2024-11-10T03:49:08.087617Z', '2024-11-09T17:38:25.751697Z', '2024-11-09T05:12:35.499533Z', '2024-11-09T05:07:17.269113Z']}"
1002,:xD,"{'challenge_name': ['xQcOW', 'objects in the mirror', 'Welcome'], 'challenge_category': ['forensics', 'forensics', 'misc'], 'challenge_points': ['489', '463', '50'], 'solve_time': ['2024-11-10T10:15:09.713379Z', '2024-11-09T23:35:08.601451Z', '2024-11-09T23:00:06.768995Z']}"
937,DoggoNinjas,"{'challenge_name': ['Hyperdimensional Treasure Hunt', 'The Missing Identity', 'Welcome'], 'challenge_category': ['scripting', 'osint', 'misc'], 'challenge_points': ['499', '388', '50'], 'solve_time': ['2024-11-09T06:42:29.752969Z', '2024-11-08T13:33:35.453803Z', '2024-11-08T13:31:20.002333Z']}"
930,Flag Transfer Protocol,"{'challenge_name': ['Cookie', 'The Missing Identity', 'Welcome'], 'challenge_category': ['web', 'osint', 'misc'], 'challenge_points': ['492', '388', '50'], 'solve_time': ['2024-11-10T11:28:12.983297Z', '2024-11-08T14:51:40.787114Z', '2024-11-08T13:02:12.777654Z']}"
927,Binary Bandits,"{'challenge_name': ['xQcOW', 'The Missing Identity', 'Welcome'], 'challenge_category': ['forensics', 'osint', 'misc'], 'challenge_points': ['489', '388', '50'], 'solve_time': ['2024-11-09T14:49:29.944351Z', '2024-11-09T12:12:58.429400Z', '2024-11-08T13:10:38.589781Z']}"
915,Mukher-G,"{'challenge_name': ['Shrine', 'The Missing Identity', 'Welcome'], 'challenge_category': ['osint', 'osint', 'misc'], 'challenge_points': ['477', '388', '50'], 'solve_time': ['2024-11-09T14:17:10.791875Z', '2024-11-08T18:57:36.279451Z', '2024-11-08T14:38:09.265256Z']}"
915,manjot1151,"{'challenge_name': ['Shrine', 'The Missing Identity', 'Welcome'], 'challenge_category': ['osint', 'osint', 'misc'], 'challenge_points': ['477', '388', '50'], 'solve_time': ['2024-11-10T10:44:43.049418Z', '2024-11-08T18:06:21.492441Z', '2024-11-08T13:31:28.740244Z']}"
901,ctrl-alt-elite,"{'challenge_name': ['objects in the mirror', 'The Missing Identity', 'Welcome'], 'challenge_category': ['forensics', 'osint', 'misc'], 'challenge_points': ['463', '388', '50'], 'solve_time': ['2024-11-09T16:51:18.191657Z', '2024-11-08T13:32:00.225521Z', '2024-11-08T13:14:07.473999Z']}"
544,avrrop,"{'challenge_name': ['game of three', 'Welcome'], 'challenge_category': ['pwn', 'misc'], 'challenge_points': ['494', '50'], 'solve_time': ['2024-11-08T14:30:37.206477Z', '2024-11-08T13:43:36.907605Z']}"
542,M1tM,"{'challenge_name': ['Cookie', 'Welcome'], 'challenge_category': ['web', 'misc'], 'challenge_points': ['492', '50'], 'solve_time': ['2024-11-10T09:22:03.757933Z', '2024-11-08T13:00:18.964448Z']}"
513,4DR3N4L1N3,"{'challenge_name': ['objects in the mirror', 'Welcome'], 'challenge_category': ['forensics', 'misc'], 'challenge_points': ['463', '50'], 'solve_time': ['2024-11-09T08:06:33.057983Z', '2024-11-08T22:10:16.343760Z']}"
513,ayo,"{'challenge_name': ['objects in the mirror', 'Welcome'], 'challenge_category': ['forensics', 'misc'], 'challenge_points': ['463', '50'], 'solve_time': ['2024-11-09T13:06:02.260292Z', '2024-11-09T12:31:45.222308Z']}"
513,Labyrinthine Codebreakers,"{'challenge_name': ['objects in the mirror', 'Welcome'], 'challenge_category': ['forensics', 'misc'], 'challenge_points': ['463', '50'], 'solve_time': ['2024-11-10T00:36:18.453366Z', '2024-11-10T00:11:53.809192Z']}"
513,CyberDragons,"{'challenge_name': ['objects in the mirror', 'Welcome'], 'challenge_category': ['forensics', 'misc'], 'challenge_points': ['463', '50'], 'solve_time': ['2024-11-10T01:03:22.154892Z', '2024-11-10T00:53:19.887324Z']}"
513,Baguette Mystique,"{'challenge_name': ['Welcome', 'objects in the mirror'], 'challenge_category': ['misc', 'forensics'], 'challenge_points': ['50', '463'], 'solve_time': ['2024-11-10T01:49:17.337866Z', '2024-11-10T01:48:32.313941Z']}"
513,bdhxgrp,"{'challenge_name': ['Welcome', 'objects in the mirror'], 'challenge_category': ['misc', 'forensics'], 'challenge_points': ['50', '463'], 'solve_time': ['2024-11-10T06:23:52.863531Z', '2024-11-10T06:06:30.930926Z']}"
513,Triada,"{'challenge_name': ['objects in the mirror', 'Welcome'], 'challenge_category': ['forensics', 'misc'], 'challenge_points': ['463', '50'], 'solve_time': ['2024-11-10T06:44:33.619807Z', '2024-11-08T14:07:15.238454Z']}"
492,x3r2in,"{'challenge_name': ['Cookie'], 'challenge_category': ['web'], 'challenge_points': ['492'], 'solve_time': ['2024-11-10T10:13:31.709575Z']}"
489,i<3men,"{'challenge_name': [""Rick's Diary""], 'challenge_category': ['forensics'], 'challenge_points': ['489'], 'solve_time': ['2024-11-09T06:10:26.339604Z']}"
483,Wild Card Entry,"{'challenge_name': ['Welcome', 'objects in the mirror'], 'challenge_category': ['misc', 'forensics'], 'challenge_points': ['50', '463'], 'solve_time': ['2024-11-09T15:43:33.549753Z', '2024-11-09T15:04:47.444019Z']}"
438,404 Not Found,"{'challenge_name': ['The Missing Identity', 'Welcome'], 'challenge_category': ['osint', 'misc'], 'challenge_points': ['388', '50'], 'solve_time': ['2024-11-08T14:51:00.540434Z', '2024-11-08T13:08:49.593140Z']}"
438,pwn'd*,"{'challenge_name': ['The Missing Identity', 'Welcome'], 'challenge_category': ['osint', 'misc'], 'challenge_points': ['388', '50'], 'solve_time': ['2024-11-08T15:16:04.080830Z', '2024-11-08T13:00:28.362863Z']}"
438,Evian,"{'challenge_name': ['The Missing Identity', 'Welcome'], 'challenge_category': ['osint', 'misc'], 'challenge_points': ['388', '50'], 'solve_time': ['2024-11-08T15:41:52.991481Z', '2024-11-08T13:12:11.629720Z']}"
438,Zenestria,"{'challenge_name': ['The Missing Identity', 'Welcome'], 'challenge_category': ['osint', 'misc'], 'challenge_points': ['388', '50'], 'solve_time': ['2024-11-08T17:59:53.743751Z', '2024-11-08T17:22:53.901937Z']}"
438,Star Blazers,"{'challenge_name': ['The Missing Identity', 'Welcome'], 'challenge_category': ['osint', 'misc'], 'challenge_points': ['388', '50'], 'solve_time': ['2024-11-08T20:23:59.551594Z', '2024-11-08T13:06:29.611685Z']}"
438,Purrpetrator,"{'challenge_name': ['The Missing Identity', 'Welcome'], 'challenge_category': ['osint', 'misc'], 'challenge_points': ['388', '50'], 'solve_time': ['2024-11-09T06:00:50.581945Z', '2024-11-08T13:01:04.381035Z']}"
438,Niggamoney,"{'challenge_name': ['The Missing Identity', 'Welcome'], 'challenge_category': ['osint', 'misc'], 'challenge_points': ['388', '50'], 'solve_time': ['2024-11-09T10:18:06.192612Z', '2024-11-08T13:41:40.074545Z']}"
438,skill_issues,"{'challenge_name': ['The Missing Identity', 'Welcome'], 'challenge_category': ['osint', 'misc'], 'challenge_points': ['388', '50'], 'solve_time': ['2024-11-09T13:16:49.169336Z', '2024-11-08T13:16:16.807622Z']}"
438,The Hacktivists,"{'challenge_name': ['The Missing Identity', 'Welcome'], 'challenge_category': ['osint', 'misc'], 'challenge_points': ['388', '50'], 'solve_time': ['2024-11-09T16:49:33.056790Z', '2024-11-09T14:35:07.426058Z']}"
438,Intellect Thinkers,"{'challenge_name': ['The Missing Identity', 'Welcome'], 'challenge_category': ['osint', 'misc'], 'challenge_points': ['388', '50'], 'solve_time': ['2024-11-09T18:08:18.541297Z', '2024-11-08T13:47:29.214579Z']}"
438,Jack of Joker,"{'challenge_name': ['The Missing Identity', 'Welcome'], 'challenge_category': ['osint', 'misc'], 'challenge_points': ['388', '50'], 'solve_time': ['2024-11-09T20:54:28.126860Z', '2024-11-09T03:01:54.286987Z']}"
438,whyhacking,"{'challenge_name': ['The Missing Identity', 'Welcome'], 'challenge_category': ['osint', 'misc'], 'challenge_points': ['388', '50'], 'solve_time': ['2024-11-10T06:35:24.240452Z', '2024-11-09T23:46:40.504997Z']}"
438,Nabhio,"{'challenge_name': ['The Missing Identity', 'Welcome'], 'challenge_category': ['osint', 'misc'], 'challenge_points': ['388', '50'], 'solve_time': ['2024-11-10T12:07:00.860371Z', '2024-11-09T22:25:42.923936Z']}"
438,Crisiz,"{'challenge_name': ['The Missing Identity', 'Welcome'], 'challenge_category': ['osint', 'misc'], 'challenge_points': ['388', '50'], 'solve_time': ['2024-11-10T12:25:48.645202Z', '2024-11-08T13:02:11.477737Z']}"
408,Cypher,"{'challenge_name': ['The Missing Identity', 'Welcome'], 'challenge_category': ['osint', 'misc'], 'challenge_points': ['388', '50'], 'solve_time': ['2024-11-08T18:57:29.845899Z', '2024-11-08T13:19:32.230563Z']}"
388,posint,"{'challenge_name': ['The Missing Identity'], 'challenge_category': ['osint'], 'challenge_points': ['388'], 'solve_time': ['2024-11-08T15:56:38.735932Z']}"
50,H41L_H4CK3R5,"{'challenge_name': ['Welcome'], 'challenge_category': ['misc'], 'challenge_points': ['50'], 'solve_time': ['2024-11-08T13:00:37.923796Z']}"
50,katana,"{'challenge_name': ['Welcome'], 'challenge_category': ['misc'], 'challenge_points': ['50'], 'solve_time': ['2024-11-08T13:00:46.209100Z']}"
50,fwaeh,"{'challenge_name': ['Welcome'], 'challenge_category': ['misc'], 'challenge_points': ['50'], 'solve_time': ['2024-11-08T13:01:58.309741Z']}"
50,r00t@localhost,"{'challenge_name': ['Welcome'], 'challenge_category': ['misc'], 'challenge_points': ['50'], 'solve_time': ['2024-11-08T13:02:18.906770Z']}"
50,errormath,"{'challenge_name': ['Welcome'], 'challenge_category': ['misc'], 'challenge_points': ['50'], 'solve_time': ['2024-11-08T13:03:14.933009Z']}"
50,mid day midtown,"{'challenge_name': ['Welcome'], 'challenge_category': ['misc'], 'challenge_points': ['50'], 'solve_time': ['2024-11-08T13:03:16.637055Z']}"
50,Baba Yaga,"{'challenge_name': ['Welcome'], 'challenge_category': ['misc'], 'challenge_points': ['50'], 'solve_time': ['2024-11-08T13:03:49.075150Z']}"
50,GVroad,"{'challenge_name': ['Welcome'], 'challenge_category': ['misc'], 'challenge_points': ['50'], 'solve_time': ['2024-11-08T13:04:02.837719Z']}"
50,we_are_noobs,"{'challenge_name': ['Welcome'], 'challenge_category': ['misc'], 'challenge_points': ['50'], 'solve_time': ['2024-11-08T13:06:24.482401Z']}"
50,pixel perfect,"{'challenge_name': ['Welcome'], 'challenge_category': ['misc'], 'challenge_points': ['50'], 'solve_time': ['2024-11-08T13:07:23.314156Z']}"
50,5kI11_I55u3,"{'challenge_name': ['Welcome'], 'challenge_category': ['misc'], 'challenge_points': ['50'], 'solve_time': ['2024-11-08T13:09:06.545046Z']}"
50,one peice,"{'challenge_name': ['Welcome'], 'challenge_category': ['misc'], 'challenge_points': ['50'], 'solve_time': ['2024-11-08T13:11:19.450280Z']}"
50,Scube,"{'challenge_name': ['Welcome'], 'challenge_category': ['misc'], 'challenge_points': ['50'], 'solve_time': ['2024-11-08T13:12:17.721807Z']}"
50,Yaa_Moufida_Ti_Oskti,"{'challenge_name': ['Welcome'], 'challenge_category': ['misc'], 'challenge_points': ['50'], 'solve_time': ['2024-11-08T13:12:41.259350Z']}"
50,NEXUS,"{'challenge_name': ['Welcome'], 'challenge_category': ['misc'], 'challenge_points': ['50'], 'solve_time': ['2024-11-08T13:16:58.621977Z']}"
50,r00t,"{'challenge_name': ['Welcome'], 'challenge_category': ['misc'], 'challenge_points': ['50'], 'solve_time': ['2024-11-08T13:17:16.185423Z']}"
50,d43m0n5,"{'challenge_name': ['Welcome'], 'challenge_category': ['misc'], 'challenge_points': ['50'], 'solve_time': ['2024-11-08T13:23:31.515192Z']}"
50,arul9228,"{'challenge_name': ['Welcome'], 'challenge_category': ['misc'], 'challenge_points': ['50'], 'solve_time': ['2024-11-08T13:24:00.506327Z']}"
50,akabodeuk,"{'challenge_name': ['Welcome'], 'challenge_category': ['misc'], 'challenge_points': ['50'], 'solve_time': ['2024-11-08T13:25:37.799854Z']}"
50,Nah!! not again,"{'challenge_name': ['Welcome'], 'challenge_category': ['misc'], 'challenge_points': ['50'], 'solve_time': ['2024-11-08T13:33:00.014656Z']}"
50,play,"{'challenge_name': ['Welcome'], 'challenge_category': ['misc'], 'challenge_points': ['50'], 'solve_time': ['2024-11-08T13:33:27.409412Z']}"
50,DE4THSEC,"{'challenge_name': ['Welcome'], 'challenge_category': ['misc'], 'challenge_points': ['50'], 'solve_time': ['2024-11-08T13:35:55.230807Z']}"
50,Mommy_Bobas,"{'challenge_name': ['Welcome'], 'challenge_category': ['misc'], 'challenge_points': ['50'], 'solve_time': ['2024-11-08T13:39:12.523889Z']}"
50,Night kids,"{'challenge_name': ['Welcome'], 'challenge_category': ['misc'], 'challenge_points': ['50'], 'solve_time': ['2024-11-08T13:41:00.702548Z']}"
50,WhiteTurtl3,"{'challenge_name': ['Welcome'], 'challenge_category': ['misc'], 'challenge_points': ['50'], 'solve_time': ['2024-11-08T13:44:32.542941Z']}"
50,knights,"{'challenge_name': ['Welcome'], 'challenge_category': ['misc'], 'challenge_points': ['50'], 'solve_time': ['2024-11-08T13:53:37.498996Z']}"
50,picknmix,"{'challenge_name': ['Welcome'], 'challenge_category': ['misc'], 'challenge_points': ['50'], 'solve_time': ['2024-11-08T13:58:24.137029Z']}"
50,pixel_h4x,"{'challenge_name': ['Welcome'], 'challenge_category': ['misc'], 'challenge_points': ['50'], 'solve_time': ['2024-11-08T13:59:04.997357Z']}"
50,Sengoku,"{'challenge_name': ['Welcome'], 'challenge_category': ['misc'], 'challenge_points': ['50'], 'solve_time': ['2024-11-08T14:06:45.983065Z']}"
50,Chintu_Coders,"{'challenge_name': ['Welcome'], 'challenge_category': ['misc'], 'challenge_points': ['50'], 'solve_time': ['2024-11-08T14:33:28.939465Z']}"
50,D347HN073,"{'challenge_name': ['Welcome'], 'challenge_category': ['misc'], 'challenge_points': ['50'], 'solve_time': ['2024-11-08T14:38:50.177820Z']}"
50,Heisenberg,"{'challenge_name': ['Welcome'], 'challenge_category': ['misc'], 'challenge_points': ['50'], 'solve_time': ['2024-11-08T14:44:26.958245Z']}"
50,sfa32323,"{'challenge_name': ['Welcome'], 'challenge_category': ['misc'], 'challenge_points': ['50'], 'solve_time': ['2024-11-08T15:02:27.729009Z']}"
50,T34M_M4CR0S,"{'challenge_name': ['Welcome'], 'challenge_category': ['misc'], 'challenge_points': ['50'], 'solve_time': ['2024-11-08T15:16:26.278270Z']}"
50,harsheetcoderaran,"{'challenge_name': ['Welcome'], 'challenge_category': ['misc'], 'challenge_points': ['50'], 'solve_time': ['2024-11-08T15:19:10.313920Z']}"
50,p4ck3t,"{'challenge_name': ['Welcome'], 'challenge_category': ['misc'], 'challenge_points': ['50'], 'solve_time': ['2024-11-08T15:22:27.452782Z']}"
50,aarya_r25,"{'challenge_name': ['Welcome'], 'challenge_category': ['misc'], 'challenge_points': ['50'], 'solve_time': ['2024-11-08T15:38:36.588788Z']}"
50,Sentinels,"{'challenge_name': ['Welcome'], 'challenge_category': ['misc'], 'challenge_points': ['50'], 'solve_time': ['2024-11-08T15:53:20.493665Z']}"
50,HeavenlyDiscord,"{'challenge_name': ['Welcome'], 'challenge_category': ['misc'], 'challenge_points': ['50'], 'solve_time': ['2024-11-08T16:03:55.990011Z']}"
50,Z3r0_l0g0n,"{'challenge_name': ['Welcome'], 'challenge_category': ['misc'], 'challenge_points': ['50'], 'solve_time': ['2024-11-08T16:06:01.901312Z']}"
50,f4n_n3r0,"{'challenge_name': ['Welcome'], 'challenge_category': ['misc'], 'challenge_points': ['50'], 'solve_time': ['2024-11-08T16:51:41.900450Z']}"
50,4nti_n3r0,"{'challenge_name': ['Welcome'], 'challenge_category': ['misc'], 'challenge_points': ['50'], 'solve_time': ['2024-11-08T16:54:19.497274Z']}"
50,zero days to glory pass,"{'challenge_name': ['Welcome'], 'challenge_category': ['misc'], 'challenge_points': ['50'], 'solve_time': ['2024-11-08T17:07:29.076987Z']}"
50,team,"{'challenge_name': ['Welcome'], 'challenge_category': ['misc'], 'challenge_points': ['50'], 'solve_time': ['2024-11-08T17:16:58.557807Z']}"
50,Explorer,"{'challenge_name': ['Welcome'], 'challenge_category': ['misc'], 'challenge_points': ['50'], 'solve_time': ['2024-11-08T17:35:29.460935Z']}"
50,cruxipher,"{'challenge_name': ['Welcome'], 'challenge_category': ['misc'], 'challenge_points': ['50'], 'solve_time': ['2024-11-08T18:00:00.981854Z']}"
50,WarFare_Sec,"{'challenge_name': ['Welcome'], 'challenge_category': ['misc'], 'challenge_points': ['50'], 'solve_time': ['2024-11-08T19:04:16.791938Z']}"
50,poki,"{'challenge_name': ['Welcome'], 'challenge_category': ['misc'], 'challenge_points': ['50'], 'solve_time': ['2024-11-08T19:48:04.237786Z']}"
50,JeanDupontPrimeFamily,"{'challenge_name': ['Welcome'], 'challenge_category': ['misc'], 'challenge_points': ['50'], 'solve_time': ['2024-11-08T20:28:21.811539Z']}"
50,Medusa,"{'challenge_name': ['Welcome'], 'challenge_category': ['misc'], 'challenge_points': ['50'], 'solve_time': ['2024-11-08T22:14:44.989260Z']}"
50,Ahaha,"{'challenge_name': ['Welcome'], 'challenge_category': ['misc'], 'challenge_points': ['50'], 'solve_time': ['2024-11-09T00:07:53.216616Z']}"
50,kgrzk2024,"{'challenge_name': ['Welcome'], 'challenge_category': ['misc'], 'challenge_points': ['50'], 'solve_time': ['2024-11-09T02:04:32.281698Z']}"
50,CasperX,"{'challenge_name': ['Welcome'], 'challenge_category': ['misc'], 'challenge_points': ['50'], 'solve_time': ['2024-11-09T02:26:27.588886Z']}"
50,Blazing Fire,"{'challenge_name': ['Welcome'], 'challenge_category': ['misc'], 'challenge_points': ['50'], 'solve_time': ['2024-11-09T02:41:17.633464Z']}"
50,Cogito Ergo Sum,"{'challenge_name': ['Welcome'], 'challenge_category': ['misc'], 'challenge_points': ['50'], 'solve_time': ['2024-11-09T04:29:41.197035Z']}"
50,Chickumo,"{'challenge_name': ['Welcome'], 'challenge_category': ['misc'], 'challenge_points': ['50'], 'solve_time': ['2024-11-09T04:45:54.064205Z']}"
50,XOF,"{'challenge_name': ['Welcome'], 'challenge_category': ['misc'], 'challenge_points': ['50'], 'solve_time': ['2024-11-09T04:58:00.343314Z']}"
50,Binary,"{'challenge_name': ['Welcome'], 'challenge_category': ['misc'], 'challenge_points': ['50'], 'solve_time': ['2024-11-09T05:19:33.182270Z']}"
50,cpc,"{'challenge_name': ['Welcome'], 'challenge_category': ['misc'], 'challenge_points': ['50'], 'solve_time': ['2024-11-09T05:49:58.965670Z']}"
50,BlitzHack,"{'challenge_name': ['Welcome'], 'challenge_category': ['misc'], 'challenge_points': ['50'], 'solve_time': ['2024-11-09T06:09:46.544854Z']}"
50,JusticeSociety,"{'challenge_name': ['Welcome'], 'challenge_category': ['misc'], 'challenge_points': ['50'], 'solve_time': ['2024-11-09T06:11:21.789477Z']}"
50,kerandoman,"{'challenge_name': ['Welcome'], 'challenge_category': ['misc'], 'challenge_points': ['50'], 'solve_time': ['2024-11-09T07:15:45.938284Z']}"
50,LogicLunar,"{'challenge_name': ['Welcome'], 'challenge_category': ['misc'], 'challenge_points': ['50'], 'solve_time': ['2024-11-09T07:16:13.913377Z']}"
50,soala gogo,"{'challenge_name': ['Welcome'], 'challenge_category': ['misc'], 'challenge_points': ['50'], 'solve_time': ['2024-11-09T08:04:53.160166Z']}"
50,EachLove3,"{'challenge_name': ['Welcome'], 'challenge_category': ['misc'], 'challenge_points': ['50'], 'solve_time': ['2024-11-09T11:36:41.685904Z']}"
50,hombing,"{'challenge_name': ['Welcome'], 'challenge_category': ['misc'], 'challenge_points': ['50'], 'solve_time': ['2024-11-09T11:46:26.262300Z']}"
50,labupump,"{'challenge_name': ['Welcome'], 'challenge_category': ['misc'], 'challenge_points': ['50'], 'solve_time': ['2024-11-09T14:32:02.673606Z']}"
50,draco,"{'challenge_name': ['Welcome'], 'challenge_category': ['misc'], 'challenge_points': ['50'], 'solve_time': ['2024-11-09T14:37:06.900799Z']}"
50,C4TS 4ND D0GS,"{'challenge_name': ['Welcome'], 'challenge_category': ['misc'], 'challenge_points': ['50'], 'solve_time': ['2024-11-09T15:38:43.585353Z']}"
50,bc84202,"{'challenge_name': ['Welcome'], 'challenge_category': ['misc'], 'challenge_points': ['50'], 'solve_time': ['2024-11-09T16:32:38.022156Z']}"
50,JUST,"{'challenge_name': ['Welcome'], 'challenge_category': ['misc'], 'challenge_points': ['50'], 'solve_time': ['2024-11-09T16:49:51.921088Z']}"
50,0xG04,"{'challenge_name': ['Welcome'], 'challenge_category': ['misc'], 'challenge_points': ['50'], 'solve_time': ['2024-11-09T17:16:01.812319Z']}"
50,B4stiC1ub,"{'challenge_name': ['Welcome'], 'challenge_category': ['misc'], 'challenge_points': ['50'], 'solve_time': ['2024-11-09T17:28:46.982433Z']}"
50,Hell,"{'challenge_name': ['Welcome'], 'challenge_category': ['misc'], 'challenge_points': ['50'], 'solve_time': ['2024-11-09T22:30:40.345507Z']}"
50,CyberCh1ck,"{'challenge_name': ['Welcome'], 'challenge_category': ['misc'], 'challenge_points': ['50'], 'solve_time': ['2024-11-10T01:33:47.210872Z']}"
50,CubanBroCode,"{'challenge_name': ['Welcome'], 'challenge_category': ['misc'], 'challenge_points': ['50'], 'solve_time': ['2024-11-10T03:04:21.097703Z']}"
50,BlueCapture,"{'challenge_name': ['Welcome'], 'challenge_category': ['misc'], 'challenge_points': ['50'], 'solve_time': ['2024-11-10T03:38:22.216476Z']}"
50,CodeCrashers,"{'challenge_name': ['Welcome'], 'challenge_category': ['misc'], 'challenge_points': ['50'], 'solve_time': ['2024-11-10T05:03:10.771165Z']}"
50,My4nM4r,"{'challenge_name': ['Welcome'], 'challenge_category': ['misc'], 'challenge_points': ['50'], 'solve_time': ['2024-11-10T05:28:51.296277Z']}"
50,hoho,"{'challenge_name': ['Welcome'], 'challenge_category': ['misc'], 'challenge_points': ['50'], 'solve_time': ['2024-11-10T06:34:30.346632Z']}"
50,CTF{FLAG,"{'challenge_name': ['Welcome'], 'challenge_category': ['misc'], 'challenge_points': ['50'], 'solve_time': ['2024-11-10T07:30:04.334603Z']}"
50,Red_Raven,"{'challenge_name': ['Welcome'], 'challenge_category': ['misc'], 'challenge_points': ['50'], 'solve_time': ['2024-11-10T10:31:53.420316Z']}"
50,chaitanya,"{'challenge_name': ['Welcome'], 'challenge_category': ['misc'], 'challenge_points': ['50'], 'solve_time': ['2024-11-10T10:37:06.888737Z']}"
20,Perperikon,"{'challenge_name': ['Welcome'], 'challenge_category': ['misc'], 'challenge_points': ['50'], 'solve_time': ['2024-11-10T07:58:41.269390Z']}"
20,Lmaoz,"{'challenge_name': ['Welcome'], 'challenge_category': ['misc'], 'challenge_points': ['50'], 'solve_time': ['2024-11-10T08:04:25.285358Z']}"
20,F,"{'challenge_name': ['Welcome'], 'challenge_category': ['misc'], 'challenge_points': ['50'], 'solve_time': ['2024-11-10T08:10:12.385139Z']}"
20,ramans,"{'challenge_name': ['Welcome'], 'challenge_category': ['misc'], 'challenge_points': ['50'], 'solve_time': ['2024-11-10T08:41:54.593228Z']}"
20,ap3nst0r fan club,"{'challenge_name': ['Welcome'], 'challenge_category': ['misc'], 'challenge_points': ['50'], 'solve_time': ['2024-11-08T14:12:45.676625Z']}"
