name,points,challenges
üí¶Interstellar Badass Console Cowboys,4334,"{'challenge_name': ['The Sundown Vault', 'Sanity Check', 'innov8', ""Prospectin'"", 'Bounty Board', 'TaLeS from the Crypt', 'ChatPPP', 'Plaid Apple!!', 'ocalc', 'Sheriff Says', 'hangman', 'Tumbleweed Inc.', 'Many Mellons', 'Trading Post', 'Viehaw!'], 'challenge_category': ['web', 'misc', 'crypto', 'rev', 'pwn', 'crypto', 'web', 'misc', 'pwn', 'rev', 'crypto', 'pwn', 'crypto', 'web', 'web'], 'challenge_points': ['100', '1', '307', '350', '350', '400', '300', '175', '420', '156', '300', '300', '325', '500', '350']}"
less smiles ü§†,3634,"{'challenge_name': ['The Sundown Vault', 'Sanity Check', 'innov8', ""Prospectin'"", 'Bounty Board', 'Plaid Apple!!', 'ocalc', 'Sheriff Says', 'hangman', 'Tumbleweed Inc.', 'Many Mellons', 'Trading Post', 'Viehaw!'], 'challenge_category': ['web', 'misc', 'crypto', 'rev', 'pwn', 'misc', 'pwn', 'rev', 'crypto', 'pwn', 'crypto', 'web', 'web'], 'challenge_points': ['100', '1', '307', '350', '350', '175', '420', '156', '300', '300', '325', '500', '350']}"
OMG,3633,"{'challenge_name': ['The Sundown Vault', 'Sanity Check', 'innov8', ""Prospectin'"", 'Bounty Board', 'TaLeS from the Crypt', 'ChatPPP', 'Plaid Apple!!', 'ocalc', 'Sheriff Says', 'hangman', 'Tumbleweed Inc.', 'Many Mellons', 'Viehaw!'], 'challenge_category': ['web', 'misc', 'crypto', 'rev', 'pwn', 'crypto', 'web', 'misc', 'pwn', 'rev', 'crypto', 'pwn', 'crypto', 'web'], 'challenge_points': ['100', '1', '307', '350', '350', '400', '300', '175', '420', '156', '99', '300', '325', '350']}"
Kalmaroos,3289,"{'challenge_name': ['The Sundown Vault', 'Sanity Check', 'innov8', ""Prospectin'"", 'Bounty Board', 'TaLeS from the Crypt', 'Plaid Apple!!', 'Sheriff Says', 'hangman', 'Tumbleweed Inc.', 'Trading Post', 'Viehaw!'], 'challenge_category': ['web', 'misc', 'crypto', 'rev', 'pwn', 'crypto', 'misc', 'rev', 'crypto', 'pwn', 'web', 'web'], 'challenge_points': ['100', '1', '307', '350', '350', '400', '175', '156', '300', '300', '500', '350']}"
Malicious Maltese Mob,3214,"{'challenge_name': ['The Sundown Vault', 'Sanity Check', 'innov8', ""Prospectin'"", 'Bounty Board', 'Plaid Apple!!', 'Sheriff Says', 'hangman', 'Tumbleweed Inc.', 'Many Mellons', 'Trading Post', 'Viehaw!'], 'challenge_category': ['web', 'misc', 'crypto', 'rev', 'pwn', 'misc', 'rev', 'crypto', 'pwn', 'crypto', 'web', 'web'], 'challenge_points': ['100', '1', '307', '350', '350', '175', '156', '300', '300', '325', '500', '350']}"
Never Stop Exploiting,3134,"{'challenge_name': ['The Sundown Vault', 'Sanity Check', 'innov8', ""Prospectin'"", 'Bounty Board', 'Plaid Apple!!', 'ocalc', 'Sheriff Says', 'hangman', 'Tumbleweed Inc.', 'Many Mellons', 'Viehaw!'], 'challenge_category': ['web', 'misc', 'crypto', 'rev', 'pwn', 'misc', 'pwn', 'rev', 'crypto', 'pwn', 'crypto', 'web'], 'challenge_points': ['100', '1', '307', '350', '350', '175', '420', '156', '300', '300', '325', '350']}"
SundownDesperadoCompany,2813,"{'challenge_name': ['The Sundown Vault', 'Sanity Check', 'innov8', ""Prospectin'"", 'Bounty Board', 'ChatPPP', 'Plaid Apple!!', 'Sheriff Says', 'hangman', 'Tumbleweed Inc.', 'Many Mellons', 'Viehaw!'], 'challenge_category': ['web', 'misc', 'crypto', 'rev', 'pwn', 'web', 'misc', 'rev', 'crypto', 'pwn', 'crypto', 'web'], 'challenge_points': ['100', '1', '307', '350', '350', '300', '175', '156', '99', '300', '325', '350']}"
Sauerklaut,2663,"{'challenge_name': ['The Sundown Vault', 'Sanity Check', 'innov8', ""Prospectin'"", 'Plaid Apple!!', 'Sheriff Says', 'hangman', 'Tumbleweed Inc.', 'Many Mellons', 'Trading Post', 'Viehaw!'], 'challenge_category': ['web', 'misc', 'crypto', 'rev', 'misc', 'rev', 'crypto', 'pwn', 'crypto', 'web', 'web'], 'challenge_points': ['100', '1', '307', '350', '175', '156', '99', '300', '325', '500', '350']}"
Wanted: Cat the Fish,2638,"{'challenge_name': [], 'challenge_category': [], 'challenge_points': []}"
Ye Sum' Sum',2358,"{'challenge_name': [], 'challenge_category': [], 'challenge_points': []}"
Macaroni Mavericks,2343,"{'challenge_name': [], 'challenge_category': [], 'challenge_points': []}"
Chill Fusion,2343,"{'challenge_name': [], 'challenge_category': [], 'challenge_points': []}"
K.i.V.A.,2343,"{'challenge_name': [], 'challenge_category': [], 'challenge_points': []}"
Deebato's Tumbleweed Troopers,2258,"{'challenge_name': [], 'challenge_category': [], 'challenge_points': []}"
MM_,1838,"{'challenge_name': [], 'challenge_category': [], 'challenge_points': []}"
Dr. K1ng 5chultz,1769,"{'challenge_name': [], 'challenge_category': [], 'challenge_points': []}"
*0xA,1614,"{'challenge_name': [], 'challenge_category': [], 'challenge_points': []}"
Shellphish,1573,"{'challenge_name': [], 'challenge_category': [], 'challenge_points': []}"
Sunset Trail Marauders,1523,"{'challenge_name': [], 'challenge_category': [], 'challenge_points': []}"
Nu1L,1507,"{'challenge_name': [], 'challenge_category': [], 'challenge_points': []}"
Adam Lindberg @ Bitcoin Evolution,1488,"{'challenge_name': [], 'challenge_category': [], 'challenge_points': []}"
Gundown Past Ten,1188,"{'challenge_name': [], 'challenge_category': [], 'challenge_points': []}"
O'Rangers,1124,"{'challenge_name': [], 'challenge_category': [], 'challenge_points': []}"
Alternative f√ºr Knights,1101,"{'challenge_name': [], 'challenge_category': [], 'challenge_points': []}"
More Smoked Leet Chicken,1082,"{'challenge_name': [], 'challenge_category': [], 'challenge_points': []}"
Table 47,1023,"{'challenge_name': [], 'challenge_category': [], 'challenge_points': []}"
Kuh-jun-gen,1023,"{'challenge_name': [], 'challenge_category': [], 'challenge_points': []}"
gimel,992,"{'challenge_name': [], 'challenge_category': [], 'challenge_points': []}"
cowb0is,817,"{'challenge_name': [], 'challenge_category': [], 'challenge_points': []}"
Leesedol's miracles of 78,807,"{'challenge_name': [], 'challenge_category': [], 'challenge_points': []}"
hxp,718,"{'challenge_name': [], 'challenge_category': [], 'challenge_points': []}"
The Salad Stream Gang,717,"{'challenge_name': [], 'challenge_category': [], 'challenge_points': []}"
poiko,698,"{'challenge_name': [], 'challenge_category': [], 'challenge_points': []}"
Wild Raptors from X-Valley,673,"{'challenge_name': [], 'challenge_category': [], 'challenge_points': []}"
azali≈º PIN CFG?,548,"{'challenge_name': [], 'challenge_category': [], 'challenge_points': []}"
ÏÑúÏö∏ÎåÄ Ï°¥ÏûòÎÇ® ÌûàÌûàÎßùÌï®,543,"{'challenge_name': [], 'challenge_category': [], 'challenge_points': []}"
hard_to_try,542,"{'challenge_name': [], 'challenge_category': [], 'challenge_points': []}"
https://www.wildberries.ru/catalog/19252625/detail.aspx,542,"{'challenge_name': [], 'challenge_category': [], 'challenge_points': []}"
sknb,542,"{'challenge_name': [], 'challenge_category': [], 'challenge_points': []}"
Never :q!,517,"{'challenge_name': [], 'challenge_category': [], 'challenge_points': []}"
C4ptur3Th3Fr0g,507,"{'challenge_name': [], 'challenge_category': [], 'challenge_points': []}"
Escape,507,"{'challenge_name': [], 'challenge_category': [], 'challenge_points': []}"
Great Plains,498,"{'challenge_name': [], 'challenge_category': [], 'challenge_points': []}"
The Fearless Nevada Sheriffs,498,"{'challenge_name': [], 'challenge_category': [], 'challenge_points': []}"
defragmented.brains,493,"{'challenge_name': [], 'challenge_category': [], 'challenge_points': []}"
Abracada,492,"{'challenge_name': [], 'challenge_category': [], 'challenge_points': []}"
L0stAx3s & SIGAN,443,"{'challenge_name': [], 'challenge_category': [], 'challenge_points': []}"
üî™ LAB üíÄ IV  üåµ,443,"{'challenge_name': [], 'challenge_category': [], 'challenge_points': []}"
Nadeem Farmers,443,"{'challenge_name': [], 'challenge_category': [], 'challenge_points': []}"
Old Wild W√ºrth,418,"{'challenge_name': [], 'challenge_category': [], 'challenge_points': []}"
Marcio e os Creepers,418,"{'challenge_name': [], 'challenge_category': [], 'challenge_points': []}"
0xHUST,418,"{'challenge_name': [], 'challenge_category': [], 'challenge_points': []}"
N1uZ4i,417,"{'challenge_name': [], 'challenge_category': [], 'challenge_points': []}"
Perperikon,417,"{'challenge_name': [], 'challenge_category': [], 'challenge_points': []}"
The NullSet Wranglers' Club,417,"{'challenge_name': [], 'challenge_category': [], 'challenge_points': []}"
Hakierspejs,417,"{'challenge_name': [], 'challenge_category': [], 'challenge_points': []}"
SomeShiftsHappen,417,"{'challenge_name': [], 'challenge_category': [], 'challenge_points': []}"
Peacemakers Of Binary Anarchy,408,"{'challenge_name': [], 'challenge_category': [], 'challenge_points': []}"
soon_haari solo play with beer,407,"{'challenge_name': [], 'challenge_category': [], 'challenge_points': []}"
mmcüêõ,401,"{'challenge_name': [], 'challenge_category': [], 'challenge_points': []}"
Uncle Moistburger,400,"{'challenge_name': [], 'challenge_category': [], 'challenge_points': []}"
Sundown Triggerhappy Throwdown,399,"{'challenge_name': [], 'challenge_category': [], 'challenge_points': []}"
rootin tootin coot,376,"{'challenge_name': [], 'challenge_category': [], 'challenge_points': []}"
Slightly Smiling Sheriff,342,"{'challenge_name': [], 'challenge_category': [], 'challenge_points': []}"
saloon2042,342,"{'challenge_name': [], 'challenge_category': [], 'challenge_points': []}"
Leet Puppets,342,"{'challenge_name': [], 'challenge_category': [], 'challenge_points': []}"
I believe in LVH supremacy,342,"{'challenge_name': [], 'challenge_category': [], 'challenge_points': []}"
Gun Ash,318,"{'challenge_name': [], 'challenge_category': [], 'challenge_points': []}"
NuttyShell,318,"{'challenge_name': [], 'challenge_category': [], 'challenge_points': []}"
Old Time Pyry,318,"{'challenge_name': [], 'challenge_category': [], 'challenge_points': []}"
Flag Fortress 2,318,"{'challenge_name': [], 'challenge_category': [], 'challenge_points': []}"
qsec,301,"{'challenge_name': [], 'challenge_category': [], 'challenge_points': []}"
SleepyHollow,301,"{'challenge_name': [], 'challenge_category': [], 'challenge_points': []}"
Team Enu,300,"{'challenge_name': [], 'challenge_category': [], 'challenge_points': []}"
Rootin' Tootin' Rev-Shells,299,"{'challenge_name': [], 'challenge_category': [], 'challenge_points': []}"
enjoy,299,"{'challenge_name': [], 'challenge_category': [], 'challenge_points': []}"
BeyondMachines,299,"{'challenge_name': [], 'challenge_category': [], 'challenge_points': []}"
R0deo Nulo,243,"{'challenge_name': [], 'challenge_category': [], 'challenge_points': []}"
"Good times, great friends and a good ol' shot of Fl√§germeister",243,"{'challenge_name': [], 'challenge_category': [], 'challenge_points': []}"
PokemonCollection,243,"{'challenge_name': [], 'challenge_category': [], 'challenge_points': []}"
saarsec,243,"{'challenge_name': [], 'challenge_category': [], 'challenge_points': []}"
Unlikely,243,"{'challenge_name': [], 'challenge_category': [], 'challenge_points': []}"
GnGunners,242,"{'challenge_name': [], 'challenge_category': [], 'challenge_points': []}"
ISTHISREAL?,242,"{'challenge_name': [], 'challenge_category': [], 'challenge_points': []}"
Phish Paprikash,242,"{'challenge_name': [], 'challenge_category': [], 'challenge_points': []}"
singularity,242,"{'challenge_name': [], 'challenge_category': [], 'challenge_points': []}"
BugBunnies,242,"{'challenge_name': [], 'challenge_category': [], 'challenge_points': []}"
 ELF Wanted: Dead or Debugged,242,"{'challenge_name': [], 'challenge_category': [], 'challenge_points': []}"
Kisonka,242,"{'challenge_name': [], 'challenge_category': [], 'challenge_points': []}"
Flaming Out Houses ' or 1==1; -- ,218,"{'challenge_name': [], 'challenge_category': [], 'challenge_points': []}"
mneF00,201,"{'challenge_name': [], 'challenge_category': [], 'challenge_points': []}"
SU,201,"{'challenge_name': [], 'challenge_category': [], 'challenge_points': []}"
3HLD,201,"{'challenge_name': [], 'challenge_category': [], 'challenge_points': []}"
570 Tenge,201,"{'challenge_name': [], 'challenge_category': [], 'challenge_points': []}"
Smokey Desperados,200,"{'challenge_name': [], 'challenge_category': [], 'challenge_points': []}"
burnt beef,143,"{'challenge_name': [], 'challenge_category': [], 'challenge_points': []}"
Smooth Floperators,143,"{'challenge_name': [], 'challenge_category': [], 'challenge_points': []}"
valgrind,143,"{'challenge_name': [], 'challenge_category': [], 'challenge_points': []}"
Cr√©meTartin√©Fabuleuse,143,"{'challenge_name': [], 'challenge_category': [], 'challenge_points': []}"
ClipClop,143,"{'challenge_name': [], 'challenge_category': [], 'challenge_points': []}"
Sentir Squad,143,"{'challenge_name': [], 'challenge_category': [], 'challenge_points': []}"
z,143,"{'challenge_name': [], 'challenge_category': [], 'challenge_points': []}"
Wade,143,"{'challenge_name': [], 'challenge_category': [], 'challenge_points': []}"
PwnSec,143,"{'challenge_name': [], 'challenge_category': [], 'challenge_points': []}"
aesploit,143,"{'challenge_name': [], 'challenge_category': [], 'challenge_points': []}"
SavedByTheShell,143,"{'challenge_name': [], 'challenge_category': [], 'challenge_points': []}"
CSUI,143,"{'challenge_name': [], 'challenge_category': [], 'challenge_points': []}"
flauschig zarte tastatur,143,"{'challenge_name': [], 'challenge_category': [], 'challenge_points': []}"
Ripe Rice,143,"{'challenge_name': [], 'challenge_category': [], 'challenge_points': []}"
BKISC,143,"{'challenge_name': [], 'challenge_category': [], 'challenge_points': []}"
The Coal Rush,143,"{'challenge_name': [], 'challenge_category': [], 'challenge_points': []}"
SiBears,143,"{'challenge_name': [], 'challenge_category': [], 'challenge_points': []}"
Phantom0,143,"{'challenge_name': [], 'challenge_category': [], 'challenge_points': []}"
El3ctronic,143,"{'challenge_name': [], 'challenge_category': [], 'challenge_points': []}"
Disco Data Desperados (we are currently clean on OPSEC),143,"{'challenge_name': [], 'challenge_category': [], 'challenge_points': []}"
La frererie,143,"{'challenge_name': [], 'challenge_category': [], 'challenge_points': []}"
Outlaws of Overflow Gulch,143,"{'challenge_name': [], 'challenge_category': [], 'challenge_points': []}"
avrrop,143,"{'challenge_name': [], 'challenge_category': [], 'challenge_points': []}"
:syscall:,143,"{'challenge_name': [], 'challenge_category': [], 'challenge_points': []}"
"see me less, feel me more",143,"{'challenge_name': [], 'challenge_category': [], 'challenge_points': []}"
RPISEC,143,"{'challenge_name': [], 'challenge_category': [], 'challenge_points': []}"
PseudoSudo,143,"{'challenge_name': [], 'challenge_category': [], 'challenge_points': []}"
outlaw-school Cozy Tea Friends üçµ,143,"{'challenge_name': [], 'challenge_category': [], 'challenge_points': []}"
ICEWALL,143,"{'challenge_name': [], 'challenge_category': [], 'challenge_points': []}"
PP l'anglais >>,143,"{'challenge_name': [], 'challenge_category': [], 'challenge_points': []}"
pwnhub enjoyers,143,"{'challenge_name': [], 'challenge_category': [], 'challenge_points': []}"
404TariffNotFound,143,"{'challenge_name': [], 'challenge_category': [], 'challenge_points': []}"
fluffy cats,143,"{'challenge_name': [], 'challenge_category': [], 'challenge_points': []}"
Untitled CTF Game,143,"{'challenge_name': [], 'challenge_category': [], 'challenge_points': []}"
Exploiitm24,143,"{'challenge_name': [], 'challenge_category': [], 'challenge_points': []}"
pwnhawgaukar,143,"{'challenge_name': [], 'challenge_category': [], 'challenge_points': []}"
Team‚Ñ¢,143,"{'challenge_name': [], 'challenge_category': [], 'challenge_points': []}"
k0kos,142,"{'challenge_name': [], 'challenge_category': [], 'challenge_points': []}"
R4nd0m B00l5h33t5 G0,142,"{'challenge_name': [], 'challenge_category': [], 'challenge_points': []}"
Hack@Sec,101,"{'challenge_name': [], 'challenge_category': [], 'challenge_points': []}"
PwnXAI,101,"{'challenge_name': [], 'challenge_category': [], 'challenge_points': []}"
akasec but smarter,101,"{'challenge_name': [], 'challenge_category': [], 'challenge_points': []}"
Babbage Ranch Wranglers,101,"{'challenge_name': [], 'challenge_category': [], 'challenge_points': []}"
418teapot,101,"{'challenge_name': [], 'challenge_category': [], 'challenge_points': []}"
cutegothgunslinger,101,"{'challenge_name': [], 'challenge_category': [], 'challenge_points': []}"
Praetorian,101,"{'challenge_name': [], 'challenge_category': [], 'challenge_points': []}"
ELT,101,"{'challenge_name': [], 'challenge_category': [], 'challenge_points': []}"
Pwnhub,101,"{'challenge_name': [], 'challenge_category': [], 'challenge_points': []}"
The Ranch Schlopers,101,"{'challenge_name': [], 'challenge_category': [], 'challenge_points': []}"
c‚åí„Å£Ôæü–îÔæü)„Å£,101,"{'challenge_name': [], 'challenge_category': [], 'challenge_points': []}"
Parasitic Skua's Revenge,101,"{'challenge_name': [], 'challenge_category': [], 'challenge_points': []}"
NCSA,101,"{'challenge_name': [], 'challenge_category': [], 'challenge_points': []}"
nol3ptr,101,"{'challenge_name': [], 'challenge_category': [], 'challenge_points': []}"
CAT-Security,101,"{'challenge_name': [], 'challenge_category': [], 'challenge_points': []}"
im_dragon,101,"{'challenge_name': [], 'challenge_category': [], 'challenge_points': []}"
1,101,"{'challenge_name': [], 'challenge_category': [], 'challenge_points': []}"
C4n4r1es,101,"{'challenge_name': [], 'challenge_category': [], 'challenge_points': []}"
Yee Haw State,101,"{'challenge_name': [], 'challenge_category': [], 'challenge_points': []}"
LoneRanger&Tonto,101,"{'challenge_name': [], 'challenge_category': [], 'challenge_points': []}"
followUheart,101,"{'challenge_name': [], 'challenge_category': [], 'challenge_points': []}"
CT357F,101,"{'challenge_name': [], 'challenge_category': [], 'challenge_points': []}"
sarkaz,101,"{'challenge_name': [], 'challenge_category': [], 'challenge_points': []}"
viole(n)t,101,"{'challenge_name': [], 'challenge_category': [], 'challenge_points': []}"
mneF00,101,"{'challenge_name': [], 'challenge_category': [], 'challenge_points': []}"
misfits,101,"{'challenge_name': [], 'challenge_category': [], 'challenge_points': []}"
CERT-IS,101,"{'challenge_name': [], 'challenge_category': [], 'challenge_points': []}"
anti debix debicks club,101,"{'challenge_name': [], 'challenge_category': [], 'challenge_points': []}"
Capital Cowboys,101,"{'challenge_name': [], 'challenge_category': [], 'challenge_points': []}"
Rusty robots,101,"{'challenge_name': [], 'challenge_category': [], 'challenge_points': []}"
StandoffSundowned,101,"{'challenge_name': [], 'challenge_category': [], 'challenge_points': []}"
M.I.S.T,101,"{'challenge_name': [], 'challenge_category': [], 'challenge_points': []}"
APT1804,101,"{'challenge_name': [], 'challenge_category': [], 'challenge_points': []}"
ThreeAmigos ,101,"{'challenge_name': [], 'challenge_category': [], 'challenge_points': []}"
snocc,101,"{'challenge_name': [], 'challenge_category': [], 'challenge_points': []}"
"The Goat, The Bad, and The Ugly",101,"{'challenge_name': [], 'challenge_category': [], 'challenge_points': []}"
Cangaceiro,101,"{'challenge_name': [], 'challenge_category': [], 'challenge_points': []}"
crusom,101,"{'challenge_name': [], 'challenge_category': [], 'challenge_points': []}"
SVRTRDI0,101,"{'challenge_name': [], 'challenge_category': [], 'challenge_points': []}"
JOPA,101,"{'challenge_name': [], 'challenge_category': [], 'challenge_points': []}"
FITSEC,101,"{'challenge_name': [], 'challenge_category': [], 'challenge_points': []}"
dave_fan_club,101,"{'challenge_name': [], 'challenge_category': [], 'challenge_points': []}"
RSC,101,"{'challenge_name': [], 'challenge_category': [], 'challenge_points': []}"
Tennessee Troublemakers,101,"{'challenge_name': [], 'challenge_category': [], 'challenge_points': []}"
HTTPOverTestosterone,101,"{'challenge_name': [], 'challenge_category': [], 'challenge_points': []}"
rikopeer,101,"{'challenge_name': [], 'challenge_category': [], 'challenge_points': []}"
Great Cyber Cowboys,101,"{'challenge_name': [], 'challenge_category': [], 'challenge_points': []}"
"Extreme ""Sheriff"" Task Force",101,"{'challenge_name': [], 'challenge_category': [], 'challenge_points': []}"
F4ng_snyder,101,"{'challenge_name': [], 'challenge_category': [], 'challenge_points': []}"
Kikuri'sbeerpacket,101,"{'challenge_name': [], 'challenge_category': [], 'challenge_points': []}"
freep0nx,101,"{'challenge_name': [], 'challenge_category': [], 'challenge_points': []}"
TroJenos,101,"{'challenge_name': [], 'challenge_category': [], 'challenge_points': []}"
idiotas,101,"{'challenge_name': [], 'challenge_category': [], 'challenge_points': []}"
Azusaq,100,"{'challenge_name': [], 'challenge_category': [], 'challenge_points': []}"
The Tumbleweed Twisters,100,"{'challenge_name': [], 'challenge_category': [], 'challenge_points': []}"
p3cd0wn,100,"{'challenge_name': [], 'challenge_category': [], 'challenge_points': []}"
kam19,100,"{'challenge_name': [], 'challenge_category': [], 'challenge_points': []}"
no_team_of_consequence,100,"{'challenge_name': [], 'challenge_category': [], 'challenge_points': []}"
Vaara Iruthi,100,"{'challenge_name': [], 'challenge_category': [], 'challenge_points': []}"
1234,100,"{'challenge_name': [], 'challenge_category': [], 'challenge_points': []}"
sln.1550,100,"{'challenge_name': [], 'challenge_category': [], 'challenge_points': []}"
ejs,100,"{'challenge_name': [], 'challenge_category': [], 'challenge_points': []}"
Blind Firin' Buckaroos,100,"{'challenge_name': [], 'challenge_category': [], 'challenge_points': []}"
Claquettes Chaussettes,100,"{'challenge_name': [], 'challenge_category': [], 'challenge_points': []}"
HackUTT,100,"{'challenge_name': [], 'challenge_category': [], 'challenge_points': []}"
just a f4ng_snyder clone,100,"{'challenge_name': [], 'challenge_category': [], 'challenge_points': []}"
toast,100,"{'challenge_name': [], 'challenge_category': [], 'challenge_points': []}"
Barsides,100,"{'challenge_name': [], 'challenge_category': [], 'challenge_points': []}"
anonymous_forever,100,"{'challenge_name': [], 'challenge_category': [], 'challenge_points': []}"
Blitzing Bullet Babies,43,"{'challenge_name': [], 'challenge_category': [], 'challenge_points': []}"
vianu_hack,43,"{'challenge_name': [], 'challenge_category': [], 'challenge_points': []}"
InfoSecIITR,43,"{'challenge_name': [], 'challenge_category': [], 'challenge_points': []}"
Davidpb,43,"{'challenge_name': [], 'challenge_category': [], 'challenge_points': []}"
gigi,43,"{'challenge_name': [], 'challenge_category': [], 'challenge_points': []}"
serie_a_matchday_31,43,"{'challenge_name': [], 'challenge_category': [], 'challenge_points': []}"
Pimpest,43,"{'challenge_name': [], 'challenge_category': [], 'challenge_points': []}"
Batman's Kitchen,43,"{'challenge_name': [], 'challenge_category': [], 'challenge_points': []}"
BlitzHack,43,"{'challenge_name': [], 'challenge_category': [], 'challenge_points': []}"
BinaryBears,43,"{'challenge_name': [], 'challenge_category': [], 'challenge_points': []}"
Ripping,43,"{'challenge_name': [], 'challenge_category': [], 'challenge_points': []}"
A Fist Full of Crayons,43,"{'challenge_name': [], 'challenge_category': [], 'challenge_points': []}"
Gray Hound Station,43,"{'challenge_name': [], 'challenge_category': [], 'challenge_points': []}"
Showbiz Drifters,43,"{'challenge_name': [], 'challenge_category': [], 'challenge_points': []}"
PiggyNearBy,43,"{'challenge_name': [], 'challenge_category': [], 'challenge_points': []}"
Garda Veche,43,"{'challenge_name': [], 'challenge_category': [], 'challenge_points': []}"
rei,43,"{'challenge_name': [], 'challenge_category': [], 'challenge_points': []}"
TimelineSec,43,"{'challenge_name': [], 'challenge_category': [], 'challenge_points': []}"
cube_enü™¶,43,"{'challenge_name': [], 'challenge_category': [], 'challenge_points': []}"
CyberDawgs,43,"{'challenge_name': [], 'challenge_category': [], 'challenge_points': []}"
UniverSea,43,"{'challenge_name': [], 'challenge_category': [], 'challenge_points': []}"
The Vanishing Outlaws,43,"{'challenge_name': [], 'challenge_category': [], 'challenge_points': []}"
NKCyber,43,"{'challenge_name': [], 'challenge_category': [], 'challenge_points': []}"
Tropical Hunters,43,"{'challenge_name': [], 'challenge_category': [], 'challenge_points': []}"
Solo101,43,"{'challenge_name': [], 'challenge_category': [], 'challenge_points': []}"
There is no place like Ã∂/Ã∂hÃ∂oÃ∂mÃ∂eÃ∂  /root,43,"{'challenge_name': [], 'challenge_category': [], 'challenge_points': []}"
beehaw,43,"{'challenge_name': [], 'challenge_category': [], 'challenge_points': []}"
jess team,43,"{'challenge_name': [], 'challenge_category': [], 'challenge_points': []}"
GopniX,43,"{'challenge_name': [], 'challenge_category': [], 'challenge_points': []}"
UQCyberSquad,43,"{'challenge_name': [], 'challenge_category': [], 'challenge_points': []}"
0bug,43,"{'challenge_name': [], 'challenge_category': [], 'challenge_points': []}"
KA4KAHAPCKuE CyXAPuKu,43,"{'challenge_name': [], 'challenge_category': [], 'challenge_points': []}"
thrumbos,43,"{'challenge_name': [], 'challenge_category': [], 'challenge_points': []}"
Black Bauhinia,43,"{'challenge_name': [], 'challenge_category': [], 'challenge_points': []}"
synn3r,43,"{'challenge_name': [], 'challenge_category': [], 'challenge_points': []}"
waddawd,43,"{'challenge_name': [], 'challenge_category': [], 'challenge_points': []}"
Kasper and friends,43,"{'challenge_name': [], 'challenge_category': [], 'challenge_points': []}"
Lorem Ipsum,43,"{'challenge_name': [], 'challenge_category': [], 'challenge_points': []}"
IQ-toppene,43,"{'challenge_name': [], 'challenge_category': [], 'challenge_points': []}"
ÂÜ∞Â•áÂ≤≠,43,"{'challenge_name': [], 'challenge_category': [], 'challenge_points': []}"
Pepegoni,43,"{'challenge_name': [], 'challenge_category': [], 'challenge_points': []}"
Lucky Luke,43,"{'challenge_name': [], 'challenge_category': [], 'challenge_points': []}"
ZeroTrustX,43,"{'challenge_name': [], 'challenge_category': [], 'challenge_points': []}"
NYUSEC,43,"{'challenge_name': [], 'challenge_category': [], 'challenge_points': []}"
powpow,43,"{'challenge_name': [], 'challenge_category': [], 'challenge_points': []}"
Wolverine Boots (Not Sponsored),43,"{'challenge_name': [], 'challenge_category': [], 'challenge_points': []}"
Kedric Nutella  US,43,"{'challenge_name': [], 'challenge_category': [], 'challenge_points': []}"
NEW-TYPE Plaid,43,"{'challenge_name': [], 'challenge_category': [], 'challenge_points': []}"
HAINT,43,"{'challenge_name': [], 'challenge_category': [], 'challenge_points': []}"
fibonacci,43,"{'challenge_name': [], 'challenge_category': [], 'challenge_points': []}"
aviral,43,"{'challenge_name': [], 'challenge_category': [], 'challenge_points': []}"
B34r5hell,43,"{'challenge_name': [], 'challenge_category': [], 'challenge_points': []}"
jinmo123,42,"{'challenge_name': [], 'challenge_category': [], 'challenge_points': []}"
${cystick},42,"{'challenge_name': [], 'challenge_category': [], 'challenge_points': []}"
PPAP,42,"{'challenge_name': [], 'challenge_category': [], 'challenge_points': []}"
flagermeisters,42,"{'challenge_name': [], 'challenge_category': [], 'challenge_points': []}"
rulesilolTeam,42,"{'challenge_name': [], 'challenge_category': [], 'challenge_points': []}"
cdpointpoint,42,"{'challenge_name': [], 'challenge_category': [], 'challenge_points': []}"
Kava Bar Strobe Party,42,"{'challenge_name': [], 'challenge_category': [], 'challenge_points': []}"
lolicon,42,"{'challenge_name': [], 'challenge_category': [], 'challenge_points': []}"
TPC,42,"{'challenge_name': [], 'challenge_category': [], 'challenge_points': []}"
n3m3s1s,42,"{'challenge_name': [], 'challenge_category': [], 'challenge_points': []}"
N3wb1e_t0_Di5,42,"{'challenge_name': [], 'challenge_category': [], 'challenge_points': []}"
nowiz,42,"{'challenge_name': [], 'challenge_category': [], 'challenge_points': []}"
l33chers,1,"{'challenge_name': [], 'challenge_category': [], 'challenge_points': []}"
just4fun,1,"{'challenge_name': [], 'challenge_category': [], 'challenge_points': []}"
Burn The Servers,1,"{'challenge_name': [], 'challenge_category': [], 'challenge_points': []}"
m1z0r3,1,"{'challenge_name': [], 'challenge_category': [], 'challenge_points': []}"
JoddyJoePepperoni,1,"{'challenge_name': [], 'challenge_category': [], 'challenge_points': []}"
Dreaded Deadeye Dawgs,1,"{'challenge_name': [], 'challenge_category': [], 'challenge_points': []}"
N0_SIGNAL,1,"{'challenge_name': [], 'challenge_category': [], 'challenge_points': []}"
Kitty Wizard Money Gang,1,"{'challenge_name': [], 'challenge_category': [], 'challenge_points': []}"
Kowhan's Humble Pie,1,"{'challenge_name': [], 'challenge_category': [], 'challenge_points': []}"
tms,1,"{'challenge_name': [], 'challenge_category': [], 'challenge_points': []}"
The Mesquiteers,1,"{'challenge_name': [], 'challenge_category': [], 'challenge_points': []}"
noirchapeau,1,"{'challenge_name': [], 'challenge_category': [], 'challenge_points': []}"
The Van Der Linde Gang,1,"{'challenge_name': [], 'challenge_category': [], 'challenge_points': []}"
Sigk1ll Outlaw Crew,1,"{'challenge_name': [], 'challenge_category': [], 'challenge_points': []}"
The Indians,1,"{'challenge_name': [], 'challenge_category': [], 'challenge_points': []}"
Sexy 600C enjoyers yee-haw!!,1,"{'challenge_name': [], 'challenge_category': [], 'challenge_points': []}"
se4lt,1,"{'challenge_name': [], 'challenge_category': [], 'challenge_points': []}"
Daemons of Hacking,1,"{'challenge_name': [], 'challenge_category': [], 'challenge_points': []}"
302found,1,"{'challenge_name': [], 'challenge_category': [], 'challenge_points': []}"
Cr4sh1ng0ut,1,"{'challenge_name': [], 'challenge_category': [], 'challenge_points': []}"
Pixel Perfecter,1,"{'challenge_name': [], 'challenge_category': [], 'challenge_points': []}"
Guardia,1,"{'challenge_name': [], 'challenge_category': [], 'challenge_points': []}"
OwlSec,1,"{'challenge_name': [], 'challenge_category': [], 'challenge_points': []}"
sick of my voice,1,"{'challenge_name': [], 'challenge_category': [], 'challenge_points': []}"
Bad Buncha Bastards,1,"{'challenge_name': [], 'challenge_category': [], 'challenge_points': []}"
Security First,1,"{'challenge_name': [], 'challenge_category': [], 'challenge_points': []}"
Guts,1,"{'challenge_name': [], 'challenge_category': [], 'challenge_points': []}"
Achu Achu,1,"{'challenge_name': [], 'challenge_category': [], 'challenge_points': []}"
caitlyn feet pics,1,"{'challenge_name': [], 'challenge_category': [], 'challenge_points': []}"
{{7 * 7}} 'ers,1,"{'challenge_name': [], 'challenge_category': [], 'challenge_points': []}"
Howlin' Cowboys,1,"{'challenge_name': [], 'challenge_category': [], 'challenge_points': []}"
Meethack,1,"{'challenge_name': [], 'challenge_category': [], 'challenge_points': []}"
fr334aks-Mini,1,"{'challenge_name': [], 'challenge_category': [], 'challenge_points': []}"
Emergency Bucket,1,"{'challenge_name': [], 'challenge_category': [], 'challenge_points': []}"
"'; SELECT * FROM Bank, Saloon",1,"{'challenge_name': [], 'challenge_category': [], 'challenge_points': []}"
yeehaw,1,"{'challenge_name': [], 'challenge_category': [], 'challenge_points': []}"
KU$H,1,"{'challenge_name': [], 'challenge_category': [], 'challenge_points': []}"
kalekomara,1,"{'challenge_name': [], 'challenge_category': [], 'challenge_points': []}"
solyomb,1,"{'challenge_name': [], 'challenge_category': [], 'challenge_points': []}"
Ole' Sigma the Kid,1,"{'challenge_name': [], 'challenge_category': [], 'challenge_points': []}"
ACKnDazs,1,"{'challenge_name': [], 'challenge_category': [], 'challenge_points': []}"
SEE YOU SPACE COWBOY...,1,"{'challenge_name': [], 'challenge_category': [], 'challenge_points': []}"
RaveCTF,1,"{'challenge_name': [], 'challenge_category': [], 'challenge_points': []}"
issg_upat,1,"{'challenge_name': [], 'challenge_category': [], 'challenge_points': []}"
fortnitegamer_45,1,"{'challenge_name': [], 'challenge_category': [], 'challenge_points': []}"
eff nine see tea eff,1,"{'challenge_name': [], 'challenge_category': [], 'challenge_points': []}"
GRIS,1,"{'challenge_name': [], 'challenge_category': [], 'challenge_points': []}"
VESPAS,1,"{'challenge_name': [], 'challenge_category': [], 'challenge_points': []}"
Cyber @ UCI,1,"{'challenge_name': [], 'challenge_category': [], 'challenge_points': []}"
Eagle_One,1,"{'challenge_name': [], 'challenge_category': [], 'challenge_points': []}"
K4YR0,1,"{'challenge_name': [], 'challenge_category': [], 'challenge_points': []}"
The Bronco Busters,1,"{'challenge_name': [], 'challenge_category': [], 'challenge_points': []}"
bread_wizards,1,"{'challenge_name': [], 'challenge_category': [], 'challenge_points': []}"
One,1,"{'challenge_name': [], 'challenge_category': [], 'challenge_points': []}"
seetief,1,"{'challenge_name': [], 'challenge_category': [], 'challenge_points': []}"
1c3Gh3tt0,1,"{'challenge_name': [], 'challenge_category': [], 'challenge_points': []}"
skp627,1,"{'challenge_name': [], 'challenge_category': [], 'challenge_points': []}"
sou_tag,1,"{'challenge_name': [], 'challenge_category': [], 'challenge_points': []}"
gLaR3g3x,1,"{'challenge_name': [], 'challenge_category': [], 'challenge_points': []}"
"Shawshank Bruteforcers and their pony, Byte Bronco",1,"{'challenge_name': [], 'challenge_category': [], 'challenge_points': []}"
BountyCowboy,1,"{'challenge_name': [], 'challenge_category': [], 'challenge_points': []}"
Rowdy Hooligans,1,"{'challenge_name': [], 'challenge_category': [], 'challenge_points': []}"
DS Alone,1,"{'challenge_name': [], 'challenge_category': [], 'challenge_points': []}"
BDS,1,"{'challenge_name': [], 'challenge_category': [], 'challenge_points': []}"
ps aux,1,"{'challenge_name': [], 'challenge_category': [], 'challenge_points': []}"
CyberIsen,1,"{'challenge_name': [], 'challenge_category': [], 'challenge_points': []}"
peropatra,1,"{'challenge_name': [], 'challenge_category': [], 'challenge_points': []}"
wingatewarriors,1,"{'challenge_name': [], 'challenge_category': [], 'challenge_points': []}"
Bug Rustlers,1,"{'challenge_name': [], 'challenge_category': [], 'challenge_points': []}"
Ones's Blacks Shirts,1,"{'challenge_name': [], 'challenge_category': [], 'challenge_points': []}"
Uqbar,1,"{'challenge_name': [], 'challenge_category': [], 'challenge_points': []}"
ByteHackers,1,"{'challenge_name': [], 'challenge_category': [], 'challenge_points': []}"
We lost our name,1,"{'challenge_name': [], 'challenge_category': [], 'challenge_points': []}"
Higgs and the Bosons,1,"{'challenge_name': [], 'challenge_category': [], 'challenge_points': []}"
Fueled with club-mate,1,"{'challenge_name': [], 'challenge_category': [], 'challenge_points': []}"
powpow,1,"{'challenge_name': [], 'challenge_category': [], 'challenge_points': []}"
0xDLLA,1,"{'challenge_name': [], 'challenge_category': [], 'challenge_points': []}"
KAUboys & KAUgirls,1,"{'challenge_name': [], 'challenge_category': [], 'challenge_points': []}"
privesc.sh,1,"{'challenge_name': [], 'challenge_category': [], 'challenge_points': []}"
0xcyb3rtron,1,"{'challenge_name': [], 'challenge_category': [], 'challenge_points': []}"
ghidra_cowboy,1,"{'challenge_name': [], 'challenge_category': [], 'challenge_points': []}"
KKKoders,1,"{'challenge_name': [], 'challenge_category': [], 'challenge_points': []}"
"Billy the ""MaxxKaos"" Kidd",1,"{'challenge_name': [], 'challenge_category': [], 'challenge_points': []}"
b01ckaroos,1,"{'challenge_name': [], 'challenge_category': [], 'challenge_points': []}"
F0x2C,1,"{'challenge_name': [], 'challenge_category': [], 'challenge_points': []}"
barr0wb,1,"{'challenge_name': [], 'challenge_category': [], 'challenge_points': []}"
Sheriff Duck,1,"{'challenge_name': [], 'challenge_category': [], 'challenge_points': []}"
Lead Tea and Biscuits,1,"{'challenge_name': [], 'challenge_category': [], 'challenge_points': []}"
George Rodger Clark Pump-N-Shop,1,"{'challenge_name': [], 'challenge_category': [], 'challenge_points': []}"
Brhackeuses,1,"{'challenge_name': [], 'challenge_category': [], 'challenge_points': []}"
CascRoot Outlaws,1,"{'challenge_name': [], 'challenge_category': [], 'challenge_points': []}"
mhack donald,1,"{'challenge_name': [], 'challenge_category': [], 'challenge_points': []}"
gaslighting,1,"{'challenge_name': [], 'challenge_category': [], 'challenge_points': []}"
FancyPaws McGraw,1,"{'challenge_name': [], 'challenge_category': [], 'challenge_points': []}"
xitska,1,"{'challenge_name': [], 'challenge_category': [], 'challenge_points': []}"
<..C00kiesInTheSh3ll..>,1,"{'challenge_name': [], 'challenge_category': [], 'challenge_points': []}"
They Call Us Akasec,1,"{'challenge_name': [], 'challenge_category': [], 'challenge_points': []}"
TeamDevara,1,"{'challenge_name': [], 'challenge_category': [], 'challenge_points': []}"
Mighty Moose Wranglers,1,"{'challenge_name': [], 'challenge_category': [], 'challenge_points': []}"
DonkeyBrainz,1,"{'challenge_name': [], 'challenge_category': [], 'challenge_points': []}"
Anywheres,1,"{'challenge_name': [], 'challenge_category': [], 'challenge_points': []}"
st0p_cyb3rbu11ying,1,"{'challenge_name': [], 'challenge_category': [], 'challenge_points': []}"
Fc8,1,"{'challenge_name': [], 'challenge_category': [], 'challenge_points': []}"
V4L1D4T0R,1,"{'challenge_name': [], 'challenge_category': [], 'challenge_points': []}"
V4L1D4T0R,1,"{'challenge_name': [], 'challenge_category': [], 'challenge_points': []}"
SpyVsCat5,1,"{'challenge_name': [], 'challenge_category': [], 'challenge_points': []}"
shubuntu SOLO RUN,1,"{'challenge_name': [], 'challenge_category': [], 'challenge_points': []}"
The Pu1ts,1,"{'challenge_name': [], 'challenge_category': [], 'challenge_points': []}"
EHAX,1,"{'challenge_name': [], 'challenge_category': [], 'challenge_points': []}"
cookies monster,1,"{'challenge_name': [], 'challenge_category': [], 'challenge_points': []}"
tmpTeamName,1,"{'challenge_name': [], 'challenge_category': [], 'challenge_points': []}"
Team Darkstar,1,"{'challenge_name': [], 'challenge_category': [], 'challenge_points': []}"
Y@hoo B@ndits!,1,"{'challenge_name': [], 'challenge_category': [], 'challenge_points': []}"
played with pavitra ,1,"{'challenge_name': [], 'challenge_category': [], 'challenge_points': []}"
illemonati,1,"{'challenge_name': [], 'challenge_category': [], 'challenge_points': []}"
milworms,1,"{'challenge_name': [], 'challenge_category': [], 'challenge_points': []}"
SOLOLEVELING,1,"{'challenge_name': [], 'challenge_category': [], 'challenge_points': []}"
BrHackeuse,1,"{'challenge_name': [], 'challenge_category': [], 'challenge_points': []}"
Hxploitians,1,"{'challenge_name': [], 'challenge_category': [], 'challenge_points': []}"
200pump,1,"{'challenge_name': [], 'challenge_category': [], 'challenge_points': []}"
LaParcaColombiana SEIC,1,"{'challenge_name': [], 'challenge_category': [], 'challenge_points': []}"
SigmaHackerz,1,"{'challenge_name': [], 'challenge_category': [], 'challenge_points': []}"
Oynaymiz,1,"{'challenge_name': [], 'challenge_category': [], 'challenge_points': []}"
The Code Wranglin‚Äô Lads,1,"{'challenge_name': [], 'challenge_category': [], 'challenge_points': []}"
PSTU_CYBERSPACE ,1,"{'challenge_name': [], 'challenge_category': [], 'challenge_points': []}"
noneno,1,"{'challenge_name': [], 'challenge_category': [], 'challenge_points': []}"
Nops McGraw,1,"{'challenge_name': [], 'challenge_category': [], 'challenge_points': []}"
CyberGlitchers,1,"{'challenge_name': [], 'challenge_category': [], 'challenge_points': []}"
keva,1,"{'challenge_name': [], 'challenge_category': [], 'challenge_points': []}"
____!!!!____,1,"{'challenge_name': [], 'challenge_category': [], 'challenge_points': []}"
Nyxora,1,"{'challenge_name': [], 'challenge_category': [], 'challenge_points': []}"
Mooses,1,"{'challenge_name': [], 'challenge_category': [], 'challenge_points': []}"
ByteBandits,1,"{'challenge_name': [], 'challenge_category': [], 'challenge_points': []}"
Brhackeuses,1,"{'challenge_name': [], 'challenge_category': [], 'challenge_points': []}"
sfsdfsdfsdfsdfsdfsfdfdsfsd,1,"{'challenge_name': [], 'challenge_category': [], 'challenge_points': []}"
CodeWranglers,1,"{'challenge_name': [], 'challenge_category': [], 'challenge_points': []}"
404,1,"{'challenge_name': [], 'challenge_category': [], 'challenge_points': []}"
Lebroooooon,1,"{'challenge_name': [], 'challenge_category': [], 'challenge_points': []}"
CyberEagles Core,1,"{'challenge_name': [], 'challenge_category': [], 'challenge_points': []}"
Les yeux revolvers,1,"{'challenge_name': [], 'challenge_category': [], 'challenge_points': []}"
The Indiann Ocean Pirates,1,"{'challenge_name': [], 'challenge_category': [], 'challenge_points': []}"
Hackali,1,"{'challenge_name': [], 'challenge_category': [], 'challenge_points': []}"
The Lone Ranger,1,"{'challenge_name': [], 'challenge_category': [], 'challenge_points': []}"
CyberGlitchers,1,"{'challenge_name': [], 'challenge_category': [], 'challenge_points': []}"
dyslexyz-crab,1,"{'challenge_name': [], 'challenge_category': [], 'challenge_points': []}"
Goblins,1,"{'challenge_name': [], 'challenge_category': [], 'challenge_points': []}"
Strike,1,"{'challenge_name': [], 'challenge_category': [], 'challenge_points': []}"
Hex0rcists,1,"{'challenge_name': [], 'challenge_category': [], 'challenge_points': []}"
backspace,1,"{'challenge_name': [], 'challenge_category': [], 'challenge_points': []}"
3HACK,1,"{'challenge_name': [], 'challenge_category': [], 'challenge_points': []}"
The UnKnown,1,"{'challenge_name': [], 'challenge_category': [], 'challenge_points': []}"
The UnKnown,1,"{'challenge_name': [], 'challenge_category': [], 'challenge_points': []}"
Chapman University,1,"{'challenge_name': [], 'challenge_category': [], 'challenge_points': []}"
Hackerspace Castellon,1,"{'challenge_name': [], 'challenge_category': [], 'challenge_points': []}"
Qu4cks,1,"{'challenge_name': [], 'challenge_category': [], 'challenge_points': []}"
Slippery slopes,1,"{'challenge_name': [], 'challenge_category': [], 'challenge_points': []}"
golden_record,1,"{'challenge_name': [], 'challenge_category': [], 'challenge_points': []}"
lightningmcbeer,1,"{'challenge_name': [], 'challenge_category': [], 'challenge_points': []}"
Mightyone,1,"{'challenge_name': [], 'challenge_category': [], 'challenge_points': []}"
vVvvv,1,"{'challenge_name': [], 'challenge_category': [], 'challenge_points': []}"
jakepolatty,1,"{'challenge_name': [], 'challenge_category': [], 'challenge_points': []}"
p4n4no1d1nsomn14cs,1,"{'challenge_name': [], 'challenge_category': [], 'challenge_points': []}"
otsosint,1,"{'challenge_name': [], 'challenge_category': [], 'challenge_points': []}"
Looney Bits,1,"{'challenge_name': [], 'challenge_category': [], 'challenge_points': []}"
Th3H4ck3rs.Pe=,1,"{'challenge_name': [], 'challenge_category': [], 'challenge_points': []}"
opcodez,1,"{'challenge_name': [], 'challenge_category': [], 'challenge_points': []}"
DN3RD,1,"{'challenge_name': [], 'challenge_category': [], 'challenge_points': []}"
BlahLand,1,"{'challenge_name': [], 'challenge_category': [], 'challenge_points': []}"
Cyb3rPr1s0n,1,"{'challenge_name': [], 'challenge_category': [], 'challenge_points': []}"
The Nullset Wrangler's Club,1,"{'challenge_name': [], 'challenge_category': [], 'challenge_points': []}"
The Slavs,1,"{'challenge_name': [], 'challenge_category': [], 'challenge_points': []}"
Rayleigh,1,"{'challenge_name': [], 'challenge_category': [], 'challenge_points': []}"
jadu,1,"{'challenge_name': [], 'challenge_category': [], 'challenge_points': []}"
Zindira,1,"{'challenge_name': [], 'challenge_category': [], 'challenge_points': []}"
0xDR,1,"{'challenge_name': [], 'challenge_category': [], 'challenge_points': []}"
HR Lovers,1,"{'challenge_name': [], 'challenge_category': [], 'challenge_points': []}"
LeRoiDesRoublards,1,"{'challenge_name': [], 'challenge_category': [], 'challenge_points': []}"
ducky,1,"{'challenge_name': [], 'challenge_category': [], 'challenge_points': []}"
password123,1,"{'challenge_name': [], 'challenge_category': [], 'challenge_points': []}"
cyphex,1,"{'challenge_name': [], 'challenge_category': [], 'challenge_points': []}"
CR4CK_M3,1,"{'challenge_name': [], 'challenge_category': [], 'challenge_points': []}"
BITSkrieg,1,"{'challenge_name': [], 'challenge_category': [], 'challenge_points': []}"
pwny,1,"{'challenge_name': [], 'challenge_category': [], 'challenge_points': []}"
Milchlautsprecher,1,"{'challenge_name': [], 'challenge_category': [], 'challenge_points': []}"
Your_Team,1,"{'challenge_name': [], 'challenge_category': [], 'challenge_points': []}"
q.w.e.r.1.2.3,1,"{'challenge_name': [], 'challenge_category': [], 'challenge_points': []}"
Schrodinger Bears,1,"{'challenge_name': [], 'challenge_category': [], 'challenge_points': []}"
plaidbaby,1,"{'challenge_name': [], 'challenge_category': [], 'challenge_points': []}"
hi,1,"{'challenge_name': [], 'challenge_category': [], 'challenge_points': []}"
780th_Speculatores,1,"{'challenge_name': [], 'challenge_category': [], 'challenge_points': []}"
IRHack,1,"{'challenge_name': [], 'challenge_category': [], 'challenge_points': []}"
ECTFT,1,"{'challenge_name': [], 'challenge_category': [], 'challenge_points': []}"
PrivateUser,1,"{'challenge_name': [], 'challenge_category': [], 'challenge_points': []}"
Shellskapsresan,1,"{'challenge_name': [], 'challenge_category': [], 'challenge_points': []}"
Z3r0_D4y Revenants,1,"{'challenge_name': [], 'challenge_category': [], 'challenge_points': []}"
Abuelita soy tu nieto,1,"{'challenge_name': [], 'challenge_category': [], 'challenge_points': []}"
f.society,1,"{'challenge_name': [], 'challenge_category': [], 'challenge_points': []}"
irulronin,1,"{'challenge_name': [], 'challenge_category': [], 'challenge_points': []}"
loops,1,"{'challenge_name': [], 'challenge_category': [], 'challenge_points': []}"
Kernel Panic! At the Cisco,1,"{'challenge_name': [], 'challenge_category': [], 'challenge_points': []}"
TrickedMyAunty,1,"{'challenge_name': [], 'challenge_category': [], 'challenge_points': []}"
Air_Hex,1,"{'challenge_name': [], 'challenge_category': [], 'challenge_points': []}"
brhackeuses,1,"{'challenge_name': [], 'challenge_category': [], 'challenge_points': []}"
Rootacch,1,"{'challenge_name': [], 'challenge_category': [], 'challenge_points': []}"
instance team,1,"{'challenge_name': [], 'challenge_category': [], 'challenge_points': []}"
yorushika,1,"{'challenge_name': [], 'challenge_category': [], 'challenge_points': []}"
f0xes,1,"{'challenge_name': [], 'challenge_category': [], 'challenge_points': []}"
fsdasdfewr,1,"{'challenge_name': [], 'challenge_category': [], 'challenge_points': []}"
Apalaca,1,"{'challenge_name': [], 'challenge_category': [], 'challenge_points': []}"
phish_&_chips,1,"{'challenge_name': [], 'challenge_category': [], 'challenge_points': []}"
DEVIL_ARMY,1,"{'challenge_name': [], 'challenge_category': [], 'challenge_points': []}"
atlasteam,1,"{'challenge_name': [], 'challenge_category': [], 'challenge_points': []}"
thetimeloop,1,"{'challenge_name': [], 'challenge_category': [], 'challenge_points': []}"
‰æç,1,"{'challenge_name': [], 'challenge_category': [], 'challenge_points': []}"
0x2b375,1,"{'challenge_name': [], 'challenge_category': [], 'challenge_points': []}"
0xbytecode,1,"{'challenge_name': [], 'challenge_category': [], 'challenge_points': []}"
mystery,1,"{'challenge_name': [], 'challenge_category': [], 'challenge_points': []}"
WWU,1,"{'challenge_name': [], 'challenge_category': [], 'challenge_points': []}"
ctf_b33r_ctf,1,"{'challenge_name': [], 'challenge_category': [], 'challenge_points': []}"
Creeper_Coders,1,"{'challenge_name': [], 'challenge_category': [], 'challenge_points': []}"
Rex,1,"{'challenge_name': [], 'challenge_category': [], 'challenge_points': []}"
PFS,1,"{'challenge_name': [], 'challenge_category': [], 'challenge_points': []}"
maxim,1,"{'challenge_name': [], 'challenge_category': [], 'challenge_points': []}"
solobrit,1,"{'challenge_name': [], 'challenge_category': [], 'challenge_points': []}"
Paillette,1,"{'challenge_name': [], 'challenge_category': [], 'challenge_points': []}"
ctfrrteam,1,"{'challenge_name': [], 'challenge_category': [], 'challenge_points': []}"
pechan,1,"{'challenge_name': [], 'challenge_category': [], 'challenge_points': []}"
0xnmr,1,"{'challenge_name': [], 'challenge_category': [], 'challenge_points': []}"
RNM,1,"{'challenge_name': [], 'challenge_category': [], 'challenge_points': []}"
Munity,1,"{'challenge_name': [], 'challenge_category': [], 'challenge_points': []}"
rrhs_cyber,1,"{'challenge_name': [], 'challenge_category': [], 'challenge_points': []}"
The Backyard Bleu's,1,"{'challenge_name': [], 'challenge_category': [], 'challenge_points': []}"
u3fi,1,"{'challenge_name': [], 'challenge_category': [], 'challenge_points': []}"
Matrix-_-,1,"{'challenge_name': [], 'challenge_category': [], 'challenge_points': []}"
5yn0us14,1,"{'challenge_name': [], 'challenge_category': [], 'challenge_points': []}"
Reyko,1,"{'challenge_name': [], 'challenge_category': [], 'challenge_points': []}"
nhl4000,1,"{'challenge_name': [], 'challenge_category': [], 'challenge_points': []}"
J0hnW3ak,1,"{'challenge_name': [], 'challenge_category': [], 'challenge_points': []}"
saltybois,1,"{'challenge_name': [], 'challenge_category': [], 'challenge_points': []}"
Desert Dream Drogue Draw,1,"{'challenge_name': [], 'challenge_category': [], 'challenge_points': []}"
c0ins,1,"{'challenge_name': [], 'challenge_category': [], 'challenge_points': []}"
VSL,1,"{'challenge_name': [], 'challenge_category': [], 'challenge_points': []}"
1337 COWBOYS,1,"{'challenge_name': [], 'challenge_category': [], 'challenge_points': []}"
lolloPOLLO,1,"{'challenge_name': [], 'challenge_category': [], 'challenge_points': []}"
BAR 1337,1,"{'challenge_name': [], 'challenge_category': [], 'challenge_points': []}"
ECX. Inc,1,"{'challenge_name': [], 'challenge_category': [], 'challenge_points': []}"
bbuff1337,1,"{'challenge_name': [], 'challenge_category': [], 'challenge_points': []}"
1337Team2,1,"{'challenge_name': [], 'challenge_category': [], 'challenge_points': []}"
Make QUT Great Again Gang,1,"{'challenge_name': [], 'challenge_category': [], 'challenge_points': []}"
Fun:),1,"{'challenge_name': [], 'challenge_category': [], 'challenge_points': []}"
missing_frog,1,"{'challenge_name': [], 'challenge_category': [], 'challenge_points': []}"
Hello Kitty,1,"{'challenge_name': [], 'challenge_category': [], 'challenge_points': []}"
AntAntAnt,1,"{'challenge_name': [], 'challenge_category': [], 'challenge_points': []}"
man im so hungry,1,"{'challenge_name': [], 'challenge_category': [], 'challenge_points': []}"
KillSwitch07,1,"{'challenge_name': [], 'challenge_category': [], 'challenge_points': []}"
nubbydunka,1,"{'challenge_name': [], 'challenge_category': [], 'challenge_points': []}"
Turtle,1,"{'challenge_name': [], 'challenge_category': [], 'challenge_points': []}"
What-a-Con,1,"{'challenge_name': [], 'challenge_category': [], 'challenge_points': []}"
N0_SIGNAL,1,"{'challenge_name': [], 'challenge_category': [], 'challenge_points': []}"
CyberGlitchers ,1,"{'challenge_name': [], 'challenge_category': [], 'challenge_points': []}"
RAM Overflow,1,"{'challenge_name': [], 'challenge_category': [], 'challenge_points': []}"
H7H,1,"{'challenge_name': [], 'challenge_category': [], 'challenge_points': []}"
ItsOnTheRanch,1,"{'challenge_name': [], 'challenge_category': [], 'challenge_points': []}"
gnr,1,"{'challenge_name': [], 'challenge_category': [], 'challenge_points': []}"
CyberGlitchers,1,"{'challenge_name': [], 'challenge_category': [], 'challenge_points': []}"
WSBTbyBDdXJpb3VzPw,1,"{'challenge_name': [], 'challenge_category': [], 'challenge_points': []}"
Lawsuit,1,"{'challenge_name': [], 'challenge_category': [], 'challenge_points': []}"
Defen5e,1,"{'challenge_name': [], 'challenge_category': [], 'challenge_points': []}"
Yee to the haw,1,"{'challenge_name': [], 'challenge_category': [], 'challenge_points': []}"
kb312,1,"{'challenge_name': [], 'challenge_category': [], 'challenge_points': []}"
neetsec,1,"{'challenge_name': [], 'challenge_category': [], 'challenge_points': []}"
Just Pwner7,1,"{'challenge_name': [], 'challenge_category': [], 'challenge_points': []}"
FPTU Ethical Hackers Club,1,"{'challenge_name': [], 'challenge_category': [], 'challenge_points': []}"
It Worked on My Machine,1,"{'challenge_name': [], 'challenge_category': [], 'challenge_points': []}"
Trojan,1,"{'challenge_name': [], 'challenge_category': [], 'challenge_points': []}"
APD-1280,1,"{'challenge_name': [], 'challenge_category': [], 'challenge_points': []}"
beepboop,1,"{'challenge_name': [], 'challenge_category': [], 'challenge_points': []}"
HCMUTE_ISC,1,"{'challenge_name': [], 'challenge_category': [], 'challenge_points': []}"
qidis,1,"{'challenge_name': [], 'challenge_category': [], 'challenge_points': []}"
We_Know_How_To_Cyber,1,"{'challenge_name': [], 'challenge_category': [], 'challenge_points': []}"
RAT,1,"{'challenge_name': [], 'challenge_category': [], 'challenge_points': []}"
SatTeam,1,"{'challenge_name': [], 'challenge_category': [], 'challenge_points': []}"
LaParcaColombiana,1,"{'challenge_name': [], 'challenge_category': [], 'challenge_points': []}"
f4n_n3r0,1,"{'challenge_name': [], 'challenge_category': [], 'challenge_points': []}"
koharin,1,"{'challenge_name': [], 'challenge_category': [], 'challenge_points': []}"
DeepSeaBush,1,"{'challenge_name': [], 'challenge_category': [], 'challenge_points': []}"
Lone bhaddie ,1,"{'challenge_name': [], 'challenge_category': [], 'challenge_points': []}"
test,1,"{'challenge_name': [], 'challenge_category': [], 'challenge_points': []}"
Pinhead Larry,1,"{'challenge_name': [], 'challenge_category': [], 'challenge_points': []}"
WeDK,1,"{'challenge_name': [], 'challenge_category': [], 'challenge_points': []}"
!!_crypto_envoys_!!,1,"{'challenge_name': [], 'challenge_category': [], 'challenge_points': []}"
Sad-Man's Parade,1,"{'challenge_name': [], 'challenge_category': [], 'challenge_points': []}"
!!_script_kiddie_!!,1,"{'challenge_name': [], 'challenge_category': [], 'challenge_points': []}"
Koopa Troop,1,"{'challenge_name': [], 'challenge_category': [], 'challenge_points': []}"
Dried to the bone Squidd,1,"{'challenge_name': [], 'challenge_category': [], 'challenge_points': []}"
0x01_if_by_LAN,1,"{'challenge_name': [], 'challenge_category': [], 'challenge_points': []}"
Cyber Janitorial,1,"{'challenge_name': [], 'challenge_category': [], 'challenge_points': []}"
Mamma Nurt Pardy,1,"{'challenge_name': [], 'challenge_category': [], 'challenge_points': []}"
A wild jduck appears,1,"{'challenge_name': [], 'challenge_category': [], 'challenge_points': []}"
BufferOverflow,1,"{'challenge_name': [], 'challenge_category': [], 'challenge_points': []}"
Boops,1,"{'challenge_name': [], 'challenge_category': [], 'challenge_points': []}"
Ï¢ÖÎßêÏóêÎ≠êÌïòÏÑ∏Ïöî,1,"{'challenge_name': [], 'challenge_category': [], 'challenge_points': []}"
Jinxed,1,"{'challenge_name': [], 'challenge_category': [], 'challenge_points': []}"
Aku ga ngerti ini gimana join team nya soalnya ga ada team password juga kalau dipikir pikir ,1,"{'challenge_name': [], 'challenge_category': [], 'challenge_points': []}"
Dynamite,1,"{'challenge_name': [], 'challenge_category': [], 'challenge_points': []}"
bluebird,1,"{'challenge_name': [], 'challenge_category': [], 'challenge_points': []}"
The B-team,1,"{'challenge_name': [], 'challenge_category': [], 'challenge_points': []}"
The Bellevue Root Riders,1,"{'challenge_name': [], 'challenge_category': [], 'challenge_points': []}"
Y√∂reis3c,1,"{'challenge_name': [], 'challenge_category': [], 'challenge_points': []}"
Bits & Pieces,1,"{'challenge_name': [], 'challenge_category': [], 'challenge_points': []}"
NCA@Nepal,1,"{'challenge_name': [], 'challenge_category': [], 'challenge_points': []}"
HotelAlphaX-Ray,1,"{'challenge_name': [], 'challenge_category': [], 'challenge_points': []}"
DirtyCoWboys of CIAT,1,"{'challenge_name': [], 'challenge_category': [], 'challenge_points': []}"
Rosayxy,1,"{'challenge_name': [], 'challenge_category': [], 'challenge_points': []}"
4RG0S,1,"{'challenge_name': [], 'challenge_category': [], 'challenge_points': []}"
capybarabara,1,"{'challenge_name': [], 'challenge_category': [], 'challenge_points': []}"
NCSA,1,"{'challenge_name': [], 'challenge_category': [], 'challenge_points': []}"
27,1,"{'challenge_name': [], 'challenge_category': [], 'challenge_points': []}"
OC2600,1,"{'challenge_name': [], 'challenge_category': [], 'challenge_points': []}"
killswitch,1,"{'challenge_name': [], 'challenge_category': [], 'challenge_points': []}"
cyber avengers,1,"{'challenge_name': [], 'challenge_category': [], 'challenge_points': []}"
Baby,1,"{'challenge_name': [], 'challenge_category': [], 'challenge_points': []}"
Aw4k3n,1,"{'challenge_name': [], 'challenge_category': [], 'challenge_points': []}"
#MogamiShizuka,1,"{'challenge_name': [], 'challenge_category': [], 'challenge_points': []}"
Vonotna,1,"{'challenge_name': [], 'challenge_category': [], 'challenge_points': []}"
DubiousDuckies,1,"{'challenge_name': [], 'challenge_category': [], 'challenge_points': []}"
jeremykaragania,1,"{'challenge_name': [], 'challenge_category': [], 'challenge_points': []}"
Reinas y Pistolas,1,"{'challenge_name': [], 'challenge_category': [], 'challenge_points': []}"
SJ_if_cydf,1,"{'challenge_name': [], 'challenge_category': [], 'challenge_points': []}"
solo,1,"{'challenge_name': [], 'challenge_category': [], 'challenge_points': []}"
Super Strong Ï∏ÑÎ•¥?,1,"{'challenge_name': [], 'challenge_category': [], 'challenge_points': []}"
Ayga Jitke Jayega,1,"{'challenge_name': [], 'challenge_category': [], 'challenge_points': []}"
sac cyber,1,"{'challenge_name': [], 'challenge_category': [], 'challenge_points': []}"
clay419,1,"{'challenge_name': [], 'challenge_category': [], 'challenge_points': []}"
The StormTalon Outlaws,1,"{'challenge_name': [], 'challenge_category': [], 'challenge_points': []}"
Cryptonite,1,"{'challenge_name': [], 'challenge_category': [], 'challenge_points': []}"
Available,1,"{'challenge_name': [], 'challenge_category': [], 'challenge_points': []}"
IndigoShadow,1,"{'challenge_name': [], 'challenge_category': [], 'challenge_points': []}"
Bird,1,"{'challenge_name': [], 'challenge_category': [], 'challenge_points': []}"
Blue Lock Eleven,1,"{'challenge_name': [], 'challenge_category': [], 'challenge_points': []}"
keepaneye,1,"{'challenge_name': [], 'challenge_category': [], 'challenge_points': []}"
BleBle,1,"{'challenge_name': [], 'challenge_category': [], 'challenge_points': []}"
sacheon jjapagetti,1,"{'challenge_name': [], 'challenge_category': [], 'challenge_points': []}"
Atomic_Pwnz,1,"{'challenge_name': [], 'challenge_category': [], 'challenge_points': []}"
LambdaCalculus,1,"{'challenge_name': [], 'challenge_category': [], 'challenge_points': []}"
EHAX,1,"{'challenge_name': [], 'challenge_category': [], 'challenge_points': []}"
jjeou,1,"{'challenge_name': [], 'challenge_category': [], 'challenge_points': []}"
zer0es,1,"{'challenge_name': [], 'challenge_category': [], 'challenge_points': []}"
CyberCh1ck,1,"{'challenge_name': [], 'challenge_category': [], 'challenge_points': []}"
shadow,1,"{'challenge_name': [], 'challenge_category': [], 'challenge_points': []}"
The Glitch Mob,1,"{'challenge_name': [], 'challenge_category': [], 'challenge_points': []}"
yo,1,"{'challenge_name': [], 'challenge_category': [], 'challenge_points': []}"
f//D,1,"{'challenge_name': [], 'challenge_category': [], 'challenge_points': []}"
Hacktacular Minds,1,"{'challenge_name': [], 'challenge_category': [], 'challenge_points': []}"
holyhexor,1,"{'challenge_name': [], 'challenge_category': [], 'challenge_points': []}"
SteinsCowboys,1,"{'challenge_name': [], 'challenge_category': [], 'challenge_points': []}"
sayonara,1,"{'challenge_name': [], 'challenge_category': [], 'challenge_points': []}"
Red Jessies,1,"{'challenge_name': [], 'challenge_category': [], 'challenge_points': []}"
zzCtfSec,1,"{'challenge_name': [], 'challenge_category': [], 'challenge_points': []}"
The Masked Bandwidths,1,"{'challenge_name': [], 'challenge_category': [], 'challenge_points': []}"
Kyrarck,1,"{'challenge_name': [], 'challenge_category': [], 'challenge_points': []}"
LOLFactory,1,"{'challenge_name': [], 'challenge_category': [], 'challenge_points': []}"
bruteforce_blondes,1,"{'challenge_name': [], 'challenge_category': [], 'challenge_points': []}"
ganguly goons,1,"{'challenge_name': [], 'challenge_category': [], 'challenge_points': []}"
Ohno,1,"{'challenge_name': [], 'challenge_category': [], 'challenge_points': []}"
MQCyberSec,1,"{'challenge_name': [], 'challenge_category': [], 'challenge_points': []}"
MiN@soloCTF,1,"{'challenge_name': [], 'challenge_category': [], 'challenge_points': []}"
WAGNAK,1,"{'challenge_name': [], 'challenge_category': [], 'challenge_points': []}"
Fredhax,1,"{'challenge_name': [], 'challenge_category': [], 'challenge_points': []}"
NFB,1,"{'challenge_name': [], 'challenge_category': [], 'challenge_points': []}"
M157_N00b,1,"{'challenge_name': [], 'challenge_category': [], 'challenge_points': []}"
Attack On Hash Function,1,"{'challenge_name': [], 'challenge_category': [], 'challenge_points': []}"
Anil,1,"{'challenge_name': [], 'challenge_category': [], 'challenge_points': []}"
BKIQ,1,"{'challenge_name': [], 'challenge_category': [], 'challenge_points': []}"
ARGOS,1,"{'challenge_name': [], 'challenge_category': [], 'challenge_points': []}"
metadors,1,"{'challenge_name': [], 'challenge_category': [], 'challenge_points': []}"
ScptKidAI,1,"{'challenge_name': [], 'challenge_category': [], 'challenge_points': []}"
BredikTeam,1,"{'challenge_name': [], 'challenge_category': [], 'challenge_points': []}"
Trash Bandits,1,"{'challenge_name': [], 'challenge_category': [], 'challenge_points': []}"
GlitchOPS,1,"{'challenge_name': [], 'challenge_category': [], 'challenge_points': []}"
‚Ç©@‚±§‚±Æ√òN‚Ç≤…Ü‚±§$,1,"{'challenge_name': [], 'challenge_category': [], 'challenge_points': []}"
HCMUTE_ISC,1,"{'challenge_name': [], 'challenge_category': [], 'challenge_points': []}"
Zeroday,1,"{'challenge_name': [], 'challenge_category': [], 'challenge_points': []}"
nosleepco,1,"{'challenge_name': [], 'challenge_category': [], 'challenge_points': []}"
no king rules forever,1,"{'challenge_name': [], 'challenge_category': [], 'challenge_points': []}"
ruftac,1,"{'challenge_name': [], 'challenge_category': [], 'challenge_points': []}"
Udta Teer,1,"{'challenge_name': [], 'challenge_category': [], 'challenge_points': []}"
DK,1,"{'challenge_name': [], 'challenge_category': [], 'challenge_points': []}"
kbtu_ctf_enjoyers,1,"{'challenge_name': [], 'challenge_category': [], 'challenge_points': []}"
Cr@zy_Th***DAY,1,"{'challenge_name': [], 'challenge_category': [], 'challenge_points': []}"
C4r34Lk1ll3r5,1,"{'challenge_name': [], 'challenge_category': [], 'challenge_points': []}"
Lily-livered greenhorn,1,"{'challenge_name': [], 'challenge_category': [], 'challenge_points': []}"
cq,1,"{'challenge_name': [], 'challenge_category': [], 'challenge_points': []}"
!!crypto_envoys!!,1,"{'challenge_name': [], 'challenge_category': [], 'challenge_points': []}"
Inferno,1,"{'challenge_name': [], 'challenge_category': [], 'challenge_points': []}"
NCSA,1,"{'challenge_name': [], 'challenge_category': [], 'challenge_points': []}"
nanigaski~?,1,"{'challenge_name': [], 'challenge_category': [], 'challenge_points': []}"
gataudeh,1,"{'challenge_name': [], 'challenge_category': [], 'challenge_points': []}"
J0K3RB0Y5,1,"{'challenge_name': [], 'challenge_category': [], 'challenge_points': []}"
Baby,1,"{'challenge_name': [], 'challenge_category': [], 'challenge_points': []}"
LamDyoMong,1,"{'challenge_name': [], 'challenge_category': [], 'challenge_points': []}"
Z&Y,1,"{'challenge_name': [], 'challenge_category': [], 'challenge_points': []}"
Learning is fun!,1,"{'challenge_name': [], 'challenge_category': [], 'challenge_points': []}"
skibidi sigma sungRizzWoo,1,"{'challenge_name': [], 'challenge_category': [], 'challenge_points': []}"
gataudeh,1,"{'challenge_name': [], 'challenge_category': [], 'challenge_points': []}"
wolfgang,1,"{'challenge_name': [], 'challenge_category': [], 'challenge_points': []}"
EHT,1,"{'challenge_name': [], 'challenge_category': [], 'challenge_points': []}"
57R4NG3R5,1,"{'challenge_name': [], 'challenge_category': [], 'challenge_points': []}"
1hongu,1,"{'challenge_name': [], 'challenge_category': [], 'challenge_points': []}"
garlable,1,"{'challenge_name': [], 'challenge_category': [], 'challenge_points': []}"
Hackers13malins,1,"{'challenge_name': [], 'challenge_category': [], 'challenge_points': []}"
ctfteam2,1,"{'challenge_name': [], 'challenge_category': [], 'challenge_points': []}"
The Open University,1,"{'challenge_name': [], 'challenge_category': [], 'challenge_points': []}"
Cla55N0tF0und,1,"{'challenge_name': [], 'challenge_category': [], 'challenge_points': []}"
S3GF4UL7,1,"{'challenge_name': [], 'challenge_category': [], 'challenge_points': []}"
The Digital Phantoms,1,"{'challenge_name': [], 'challenge_category': [], 'challenge_points': []}"
bird,1,"{'challenge_name': [], 'challenge_category': [], 'challenge_points': []}"
teio fan club,1,"{'challenge_name': [], 'challenge_category': [], 'challenge_points': []}"
Sleeping-Forest,1,"{'challenge_name': [], 'challenge_category': [], 'challenge_points': []}"
Dome.Corp,1,"{'challenge_name': [], 'challenge_category': [], 'challenge_points': []}"
tariffmeister,1,"{'challenge_name': [], 'challenge_category': [], 'challenge_points': []}"
Tropical,1,"{'challenge_name': [], 'challenge_category': [], 'challenge_points': []}"
wh1te4ever Fan Club,1,"{'challenge_name': [], 'challenge_category': [], 'challenge_points': []}"
Kukko ja Paalit,1,"{'challenge_name': [], 'challenge_category': [], 'challenge_points': []}"
fzhshzh,1,"{'challenge_name': [], 'challenge_category': [], 'challenge_points': []}"
ping,1,"{'challenge_name': [], 'challenge_category': [], 'challenge_points': []}"
LekSuS,1,"{'challenge_name': [], 'challenge_category': [], 'challenge_points': []}"
HACTOR,1,"{'challenge_name': [], 'challenge_category': [], 'challenge_points': []}"
HACTOR,1,"{'challenge_name': [], 'challenge_category': [], 'challenge_points': []}"
SyntaxError,1,"{'challenge_name': [], 'challenge_category': [], 'challenge_points': []}"
HACTOR.KR,1,"{'challenge_name': [], 'challenge_category': [], 'challenge_points': []}"
win or lose just fight in the battleüëæ,1,"{'challenge_name': [], 'challenge_category': [], 'challenge_points': []}"
ttkso1csp,1,"{'challenge_name': [], 'challenge_category': [], 'challenge_points': []}"
orzz,1,"{'challenge_name': [], 'challenge_category': [], 'challenge_points': []}"
FANATICS,1,"{'challenge_name': [], 'challenge_category': [], 'challenge_points': []}"
WEB2,1,"{'challenge_name': [], 'challenge_category': [], 'challenge_points': []}"
duiduidui,1,"{'challenge_name': [], 'challenge_category': [], 'challenge_points': []}"
h3ckm3ck,1,"{'challenge_name': [], 'challenge_category': [], 'challenge_points': []}"
JoJoBaOil,1,"{'challenge_name': [], 'challenge_category': [], 'challenge_points': []}"
Chronaria,1,"{'challenge_name': [], 'challenge_category': [], 'challenge_points': []}"
The Juan and Only,1,"{'challenge_name': [], 'challenge_category': [], 'challenge_points': []}"
FunkieDorf,1,"{'challenge_name': [], 'challenge_category': [], 'challenge_points': []}"
whitehathacker8181,1,"{'challenge_name': [], 'challenge_category': [], 'challenge_points': []}"
Ninja,1,"{'challenge_name': [], 'challenge_category': [], 'challenge_points': []}"
Porg Pen Platoon,1,"{'challenge_name': [], 'challenge_category': [], 'challenge_points': []}"
Void Sentinel,1,"{'challenge_name': [], 'challenge_category': [], 'challenge_points': []}"
NoobSquad,1,"{'challenge_name': [], 'challenge_category': [], 'challenge_points': []}"
Fr00T,1,"{'challenge_name': [], 'challenge_category': [], 'challenge_points': []}"
100su,1,"{'challenge_name': [], 'challenge_category': [], 'challenge_points': []}"
chicken jockey,1,"{'challenge_name': [], 'challenge_category': [], 'challenge_points': []}"
mlab705,1,"{'challenge_name': [], 'challenge_category': [], 'challenge_points': []}"
Horseradish,1,"{'challenge_name': [], 'challenge_category': [], 'challenge_points': []}"
5p0r7,1,"{'challenge_name': [], 'challenge_category': [], 'challenge_points': []}"
Check This Coffee!,1,"{'challenge_name': [], 'challenge_category': [], 'challenge_points': []}"
7_mem0_cor7,1,"{'challenge_name': [], 'challenge_category': [], 'challenge_points': []}"
D351GN3RX,1,"{'challenge_name': [], 'challenge_category': [], 'challenge_points': []}"
X3nol1th,1,"{'challenge_name': [], 'challenge_category': [], 'challenge_points': []}"
cowboy rocket rooks,1,"{'challenge_name': [], 'challenge_category': [], 'challenge_points': []}"
mizore_fuyu,1,"{'challenge_name': [], 'challenge_category': [], 'challenge_points': []}"
bm,1,"{'challenge_name': [], 'challenge_category': [], 'challenge_points': []}"
No Man's Root,1,"{'challenge_name': [], 'challenge_category': [], 'challenge_points': []}"
Saddle With Gri3f,1,"{'challenge_name': [], 'challenge_category': [], 'challenge_points': []}"
V1t,1,"{'challenge_name': [], 'challenge_category': [], 'challenge_points': []}"
Paolo,1,"{'challenge_name': [], 'challenge_category': [], 'challenge_points': []}"
VGU_Cypher,1,"{'challenge_name': [], 'challenge_category': [], 'challenge_points': []}"
Microphone-testing,1,"{'challenge_name': [], 'challenge_category': [], 'challenge_points': []}"
ExploitX,1,"{'challenge_name': [], 'challenge_category': [], 'challenge_points': []}"
th4ont,1,"{'challenge_name': [], 'challenge_category': [], 'challenge_points': []}"
ZeroTrace,1,"{'challenge_name': [], 'challenge_category': [], 'challenge_points': []}"
Wired Ghost,1,"{'challenge_name': [], 'challenge_category': [], 'challenge_points': []}"
RRR,1,"{'challenge_name': [], 'challenge_category': [], 'challenge_points': []}"
SC,1,"{'challenge_name': [], 'challenge_category': [], 'challenge_points': []}"
The Digital Phantoms,1,"{'challenge_name': [], 'challenge_category': [], 'challenge_points': []}"
n4n4sh1,1,"{'challenge_name': [], 'challenge_category': [], 'challenge_points': []}"
SENTINALS,1,"{'challenge_name': [], 'challenge_category': [], 'challenge_points': []}"
anony,1,"{'challenge_name': [], 'challenge_category': [], 'challenge_points': []}"
Guardia DSGRD,1,"{'challenge_name': [], 'challenge_category': [], 'challenge_points': []}"
Serious Team Name,1,"{'challenge_name': [], 'challenge_category': [], 'challenge_points': []}"
eltesters,1,"{'challenge_name': [], 'challenge_category': [], 'challenge_points': []}"
Sleeper Agent,1,"{'challenge_name': [], 'challenge_category': [], 'challenge_points': []}"
KoC1pher,1,"{'challenge_name': [], 'challenge_category': [], 'challenge_points': []}"
Cyber Cadet Yes Unit,1,"{'challenge_name': [], 'challenge_category': [], 'challenge_points': []}"
karroum,1,"{'challenge_name': [], 'challenge_category': [], 'challenge_points': []}"
NNN,1,"{'challenge_name': [], 'challenge_category': [], 'challenge_points': []}"
DU4L,1,"{'challenge_name': [], 'challenge_category': [], 'challenge_points': []}"
G3,1,"{'challenge_name': [], 'challenge_category': [], 'challenge_points': []}"
Hollow Ashes,1,"{'challenge_name': [], 'challenge_category': [], 'challenge_points': []}"
VSL,1,"{'challenge_name': [], 'challenge_category': [], 'challenge_points': []}"
diet coke,1,"{'challenge_name': [], 'challenge_category': [], 'challenge_points': []}"
vlsr,1,"{'challenge_name': [], 'challenge_category': [], 'challenge_points': []}"
meow,1,"{'challenge_name': [], 'challenge_category': [], 'challenge_points': []}"
Crab and Otter,1,"{'challenge_name': [], 'challenge_category': [], 'challenge_points': []}"
0v3rK1ll_1N73L,1,"{'challenge_name': [], 'challenge_category': [], 'challenge_points': []}"
TooEasyForTheGoat,1,"{'challenge_name': [], 'challenge_category': [], 'challenge_points': []}"
Zhack,1,"{'challenge_name': [], 'challenge_category': [], 'challenge_points': []}"
HyperSpectrum,1,"{'challenge_name': [], 'challenge_category': [], 'challenge_points': []}"
Hack Ryder Outlaw,1,"{'challenge_name': [], 'challenge_category': [], 'challenge_points': []}"
HackingCats,1,"{'challenge_name': [], 'challenge_category': [], 'challenge_points': []}"
Pretzel,1,"{'challenge_name': [], 'challenge_category': [], 'challenge_points': []}"
IMF,1,"{'challenge_name': [], 'challenge_category': [], 'challenge_points': []}"
Hwalbin,1,"{'challenge_name': [], 'challenge_category': [], 'challenge_points': []}"
Gold Stone,1,"{'challenge_name': [], 'challenge_category': [], 'challenge_points': []}"
Welcome back Fr0m1s_9,1,"{'challenge_name': [], 'challenge_category': [], 'challenge_points': []}"
abc,1,"{'challenge_name': [], 'challenge_category': [], 'challenge_points': []}"
Major Science,1,"{'challenge_name': [], 'challenge_category': [], 'challenge_points': []}"
Gold Stone,1,"{'challenge_name': [], 'challenge_category': [], 'challenge_points': []}"
Still Cookin,1,"{'challenge_name': [], 'challenge_category': [], 'challenge_points': []}"
FalseNine,1,"{'challenge_name': [], 'challenge_category': [], 'challenge_points': []}"
TurtleHat,1,"{'challenge_name': [], 'challenge_category': [], 'challenge_points': []}"
c00c00,1,"{'challenge_name': [], 'challenge_category': [], 'challenge_points': []}"
Cookie_Monsterz,1,"{'challenge_name': [], 'challenge_category': [], 'challenge_points': []}"
Shikanoko nokonoko koshitantan,1,"{'challenge_name': [], 'challenge_category': [], 'challenge_points': []}"
SENTINALS,1,"{'challenge_name': [], 'challenge_category': [], 'challenge_points': []}"
dabidi dibidi,1,"{'challenge_name': [], 'challenge_category': [], 'challenge_points': []}"
404NOT,1,"{'challenge_name': [], 'challenge_category': [], 'challenge_points': []}"
Fireland,1,"{'challenge_name': [], 'challenge_category': [], 'challenge_points': []}"
Dziom,1,"{'challenge_name': [], 'challenge_category': [], 'challenge_points': []}"
The Wenchless,1,"{'challenge_name': [], 'challenge_category': [], 'challenge_points': []}"
IDK,1,"{'challenge_name': [], 'challenge_category': [], 'challenge_points': []}"
4652,1,"{'challenge_name': [], 'challenge_category': [], 'challenge_points': []}"
Lone Ranger,1,"{'challenge_name': [], 'challenge_category': [], 'challenge_points': []}"
Reyko,1,"{'challenge_name': [], 'challenge_category': [], 'challenge_points': []}"
breakingbad,1,"{'challenge_name': [], 'challenge_category': [], 'challenge_points': []}"
C0de:Hex,1,"{'challenge_name': [], 'challenge_category': [], 'challenge_points': []}"
xplanthris but cooked,1,"{'challenge_name': [], 'challenge_category': [], 'challenge_points': []}"
zblxst,1,"{'challenge_name': [], 'challenge_category': [], 'challenge_points': []}"
kgrzk2025,1,"{'challenge_name': [], 'challenge_category': [], 'challenge_points': []}"
Baharmut,1,"{'challenge_name': [], 'challenge_category': [], 'challenge_points': []}"
apoel,1,"{'challenge_name': [], 'challenge_category': [], 'challenge_points': []}"
team muthi,1,"{'challenge_name': [], 'challenge_category': [], 'challenge_points': []}"
snm11,1,"{'challenge_name': [], 'challenge_category': [], 'challenge_points': []}"
PakCyberbot,1,"{'challenge_name': [], 'challenge_category': [], 'challenge_points': []}"
Alamak,1,"{'challenge_name': [], 'challenge_category': [], 'challenge_points': []}"
Mentholatum,1,"{'challenge_name': [], 'challenge_category': [], 'challenge_points': []}"
PwnOfPower,1,"{'challenge_name': [], 'challenge_category': [], 'challenge_points': []}"
Domat,1,"{'challenge_name': [], 'challenge_category': [], 'challenge_points': []}"
sasforce,1,"{'challenge_name': [], 'challenge_category': [], 'challenge_points': []}"
Cookie_Monsterz,1,"{'challenge_name': [], 'challenge_category': [], 'challenge_points': []}"
yellowflash,1,"{'challenge_name': [], 'challenge_category': [], 'challenge_points': []}"
ir0nstone,1,"{'challenge_name': [], 'challenge_category': [], 'challenge_points': []}"
Night Knights,1,"{'challenge_name': [], 'challenge_category': [], 'challenge_points': []}"
‰∏âÂõΩÊùÄÁúüÂ•ΩÁé©,1,"{'challenge_name': [], 'challenge_category': [], 'challenge_points': []}"
bi0skochi,1,"{'challenge_name': [], 'challenge_category': [], 'challenge_points': []}"
HackUTT,1,"{'challenge_name': [], 'challenge_category': [], 'challenge_points': []}"
play,1,"{'challenge_name': [], 'challenge_category': [], 'challenge_points': []}"
fl0wc0n7r0l,1,"{'challenge_name': [], 'challenge_category': [], 'challenge_points': []}"
@vnxhust_,1,"{'challenge_name': [], 'challenge_category': [], 'challenge_points': []}"
HUNTEX,1,"{'challenge_name': [], 'challenge_category': [], 'challenge_points': []}"
SonoranShellSquad,1,"{'challenge_name': [], 'challenge_category': [], 'challenge_points': []}"
Tech Army,1,"{'challenge_name': [], 'challenge_category': [], 'challenge_points': []}"
Difai,1,"{'challenge_name': [], 'challenge_category': [], 'challenge_points': []}"
hck_cat,1,"{'challenge_name': [], 'challenge_category': [], 'challenge_points': []}"
4Ray,1,"{'challenge_name': [], 'challenge_category': [], 'challenge_points': []}"
G@mblingAddicted,1,"{'challenge_name': [], 'challenge_category': [], 'challenge_points': []}"
The Wall,1,"{'challenge_name': [], 'challenge_category': [], 'challenge_points': []}"
Crypt0Kn!ght$,1,"{'challenge_name': [], 'challenge_category': [], 'challenge_points': []}"
NTUT_Is1ab,1,"{'challenge_name': [], 'challenge_category': [], 'challenge_points': []}"
kaymak,1,"{'challenge_name': [], 'challenge_category': [], 'challenge_points': []}"
hackratic,1,"{'challenge_name': [], 'challenge_category': [], 'challenge_points': []}"
pr3dicamons,1,"{'challenge_name': [], 'challenge_category': [], 'challenge_points': []}"
Rainb0wLittl3Wh1teP0ny,1,"{'challenge_name': [], 'challenge_category': [], 'challenge_points': []}"
Yee Howya!,1,"{'challenge_name': [], 'challenge_category': [], 'challenge_points': []}"
oneguy,1,"{'challenge_name': [], 'challenge_category': [], 'challenge_points': []}"
?,1,"{'challenge_name': [], 'challenge_category': [], 'challenge_points': []}"
CIAT Grizzlies DirtyCoWboys of CIAT,1,"{'challenge_name': [], 'challenge_category': [], 'challenge_points': []}"
Thismustbetheplace,1,"{'challenge_name': [], 'challenge_category': [], 'challenge_points': []}"
0xN0B1T ,1,"{'challenge_name': [], 'challenge_category': [], 'challenge_points': []}"
3990,1,"{'challenge_name': [], 'challenge_category': [], 'challenge_points': []}"
Egg Cracker,1,"{'challenge_name': [], 'challenge_category': [], 'challenge_points': []}"
DU4L,1,"{'challenge_name': [], 'challenge_category': [], 'challenge_points': []}"
skulobasket,1,"{'challenge_name': [], 'challenge_category': [], 'challenge_points': []}"
fsocdotsh,1,"{'challenge_name': [], 'challenge_category': [], 'challenge_points': []}"
bash,1,"{'challenge_name': [], 'challenge_category': [], 'challenge_points': []}"
lipido,1,"{'challenge_name': [], 'challenge_category': [], 'challenge_points': []}"
runnynoob,1,"{'challenge_name': [], 'challenge_category': [], 'challenge_points': []}"
Gandalf123,1,"{'challenge_name': [], 'challenge_category': [], 'challenge_points': []}"
Tzupie,1,"{'challenge_name': [], 'challenge_category': [], 'challenge_points': []}"
Dosmur,1,"{'challenge_name': [], 'challenge_category': [], 'challenge_points': []}"
10 Bit Wannabe,1,"{'challenge_name': [], 'challenge_category': [], 'challenge_points': []}"
Ph0en1x_Team,1,"{'challenge_name': [], 'challenge_category': [], 'challenge_points': []}"
br1ck,1,"{'challenge_name': [], 'challenge_category': [], 'challenge_points': []}"
moogie,1,"{'challenge_name': [], 'challenge_category': [], 'challenge_points': []}"
kasaTBH,1,"{'challenge_name': [], 'challenge_category': [], 'challenge_points': []}"
PsychoTherapist,1,"{'challenge_name': [], 'challenge_category': [], 'challenge_points': []}"
Decepticons,1,"{'challenge_name': [], 'challenge_category': [], 'challenge_points': []}"
Band 0xF Br3ach3rs,1,"{'challenge_name': [], 'challenge_category': [], 'challenge_points': []}"
beatburn,1,"{'challenge_name': [], 'challenge_category': [], 'challenge_points': []}"
Therocks,1,"{'challenge_name': [], 'challenge_category': [], 'challenge_points': []}"
yugioh,1,"{'challenge_name': [], 'challenge_category': [], 'challenge_points': []}"
Banana Splits,1,"{'challenge_name': [], 'challenge_category': [], 'challenge_points': []}"
XORing Eagles,1,"{'challenge_name': [], 'challenge_category': [], 'challenge_points': []}"
spar,1,"{'challenge_name': [], 'challenge_category': [], 'challenge_points': []}"
Clocktower Dwellers,1,"{'challenge_name': [], 'challenge_category': [], 'challenge_points': []}"
Lone Wolves,1,"{'challenge_name': [], 'challenge_category': [], 'challenge_points': []}"
HHH,1,"{'challenge_name': [], 'challenge_category': [], 'challenge_points': []}"
k3ycr4ck,1,"{'challenge_name': [], 'challenge_category': [], 'challenge_points': []}"
c0d3_r3d,1,"{'challenge_name': [], 'challenge_category': [], 'challenge_points': []}"
salad_var,1,"{'challenge_name': [], 'challenge_category': [], 'challenge_points': []}"
EvilTeacher,1,"{'challenge_name': [], 'challenge_category': [], 'challenge_points': []}"
Ïñ¥Î¶∞Ïù¥ÏôïÎèàÍπåÏä§,1,"{'challenge_name': [], 'challenge_category': [], 'challenge_points': []}"
NECC,1,"{'challenge_name': [], 'challenge_category': [], 'challenge_points': []}"
ùêáùüíùê±ùüéùê´_ùêáùêÆùêßùê≠ùêûùê´ùê¨,1,"{'challenge_name': [], 'challenge_category': [], 'challenge_points': []}"
sdfjgfldnfknskjg,1,"{'challenge_name': [], 'challenge_category': [], 'challenge_points': []}"
BoMDay,1,"{'challenge_name': [], 'challenge_category': [], 'challenge_points': []}"
CyberUnicorn,1,"{'challenge_name': [], 'challenge_category': [], 'challenge_points': []}"
BUZZ,1,"{'challenge_name': [], 'challenge_category': [], 'challenge_points': []}"
Creeper,1,"{'challenge_name': [], 'challenge_category': [], 'challenge_points': []}"
n00bs,1,"{'challenge_name': [], 'challenge_category': [], 'challenge_points': []}"
Solo SCSU Husky,1,"{'challenge_name': [], 'challenge_category': [], 'challenge_points': []}"
P4rad0x,1,"{'challenge_name': [], 'challenge_category': [], 'challenge_points': []}"
nvm,1,"{'challenge_name': [], 'challenge_category': [], 'challenge_points': []}"
KXTI_KzA,1,"{'challenge_name': [], 'challenge_category': [], 'challenge_points': []}"
fatrats,1,"{'challenge_name': [], 'challenge_category': [], 'challenge_points': []}"
xre,1,"{'challenge_name': [], 'challenge_category': [], 'challenge_points': []}"
Siam Cyber Club,1,"{'challenge_name': [], 'challenge_category': [], 'challenge_points': []}"
Bjornieee,1,"{'challenge_name': [], 'challenge_category': [], 'challenge_points': []}"
Ben's Chili Bowl,1,"{'challenge_name': [], 'challenge_category': [], 'challenge_points': []}"
CRUx BPHC,1,"{'challenge_name': [], 'challenge_category': [], 'challenge_points': []}"
starbug2025,1,"{'challenge_name': [], 'challenge_category': [], 'challenge_points': []}"
shark,1,"{'challenge_name': [], 'challenge_category': [], 'challenge_points': []}"
Keyboard Kernel Killer,1,"{'challenge_name': [], 'challenge_category': [], 'challenge_points': []}"
mortensonsam,1,"{'challenge_name': [], 'challenge_category': [], 'challenge_points': []}"
CTF PAGLU,1,"{'challenge_name': [], 'challenge_category': [], 'challenge_points': []}"
TrinityS3c,1,"{'challenge_name': [], 'challenge_category': [], 'challenge_points': []}"
Ech0_Cryp7,1,"{'challenge_name': [], 'challenge_category': [], 'challenge_points': []}"
RiST,1,"{'challenge_name': [], 'challenge_category': [], 'challenge_points': []}"
M4v3r1ck,1,"{'challenge_name': [], 'challenge_category': [], 'challenge_points': []}"
1,1,"{'challenge_name': [], 'challenge_category': [], 'challenge_points': []}"
100su,1,"{'challenge_name': [], 'challenge_category': [], 'challenge_points': []}"
Moo Wranglers,1,"{'challenge_name': [], 'challenge_category': [], 'challenge_points': []}"
lol,1,"{'challenge_name': [], 'challenge_category': [], 'challenge_points': []}"
homesarr,1,"{'challenge_name': [], 'challenge_category': [], 'challenge_points': []}"
The Hacktivists,1,"{'challenge_name': [], 'challenge_category': [], 'challenge_points': []}"
l33chers,1,"{'challenge_name': [], 'challenge_category': [], 'challenge_points': []}"
fiddlingaround,1,"{'challenge_name': [], 'challenge_category': [], 'challenge_points': []}"
OH14,1,"{'challenge_name': [], 'challenge_category': [], 'challenge_points': []}"
